70;gov2;INVIDX;10;2;10;2400;2374;0;0;2289;177407;3555
211;gov2;INVIDX;10;3;10;11216;11196;0;0;9967;1124026;11758
257;gov2;INVIDX;10;2;10;49;30;0;0;21;123;614
259;gov2;INVIDX;10;3;10;8280;8261;0;0;15631;96284;8820
450;gov2;INVIDX;10;2;10;6681;6664;0;0;17842;35057;7238
527;gov2;INVIDX;10;2;10;3990;3972;0;0;9253;1853979;4555
591;gov2;INVIDX;10;3;10;2328;2311;0;0;5322;144521;2832
626;gov2;INVIDX;10;2;10;25740;25726;0;0;92349;2028325;26192
717;gov2;INVIDX;10;1;10;25683;25666;0;0;111775;111775;26135
736;gov2;INVIDX;10;4;10;163602;163574;0;0;566560;6780156;164094
775;gov2;INVIDX;10;8;10;69509;69462;0;0;18267;29811472;70042
892;gov2;INVIDX;10;4;10;117077;117045;0;0;96840;5498004;117543
966;gov2;INVIDX;10;2;10;2236;2208;0;0;2793;104540;2688
1113;gov2;INVIDX;10;2;10;2749;2734;0;0;9236;9240;3203
1131;gov2;INVIDX;10;3;10;79702;79682;0;0;106152;3073113;80199
1180;gov2;INVIDX;10;7;10;45872;45830;0;0;13926;36485343;46369
1209;gov2;INVIDX;10;6;10;14229;14196;0;0;4684;16921925;14743
1235;gov2;INVIDX;10;1;5;26;10;0;0;5;5;533
1243;gov2;INVIDX;10;2;10;902;884;0;0;2234;65032;1387
1248;gov2;INVIDX;10;4;10;15777;15755;0;0;51803;1504920;16262
1253;gov2;INVIDX;10;1;10;32828;32812;0;0;139925;139925;33321
1264;gov2;INVIDX;10;3;10;26469;26436;0;0;60252;1253923;26947
1286;gov2;INVIDX;10;5;10;15342;15315;0;0;5904;24733754;15849
1412;gov2;INVIDX;10;2;10;6586;6566;0;0;9738;513156;7093
1468;gov2;INVIDX;10;3;10;52815;52794;0;0;35567;5253276;53331
1550;gov2;INVIDX;10;1;10;1554;1536;0;0;8233;8233;2042
1551;gov2;INVIDX;10;1;10;19222;19207;0;0;81423;81423;19719
1613;gov2;INVIDX;10;2;10;22576;22554;0;0;33950;589954;23062
1661;gov2;INVIDX;10;2;10;7526;7507;0;0;8458;3810497;8011
1796;gov2;INVIDX;10;2;10;1680;1662;0;0;3157;1854252;2168
1847;gov2;INVIDX;10;5;10;11494;11466;0;0;10638;1739824;11959
1903;gov2;INVIDX;10;5;10;36206;36179;0;0;17528;19173078;36692
1969;gov2;INVIDX;10;2;10;5083;5063;0;0;16548;16551;5516
2118;gov2;INVIDX;10;4;10;162388;162365;0;0;383783;5197383;162908
2146;gov2;INVIDX;10;2;10;4565;4531;0;0;13008;415344;5054
2217;gov2;INVIDX;10;3;10;20210;20189;0;0;28714;3487712;20690
2271;gov2;INVIDX;10;2;10;426313;426294;0;0;1440381;9987738;426909
2321;gov2;INVIDX;10;4;10;218888;218849;0;0;237064;33525262;219478
2343;gov2;INVIDX;10;6;10;54316;54270;0;0;22542;33242715;54869
2348;gov2;INVIDX;10;3;10;16642;16614;0;0;14015;4948303;17216
2383;gov2;INVIDX;10;3;10;1992;1971;0;0;3465;542580;2525
2388;gov2;INVIDX;10;3;10;7701;7683;0;0;8543;20590803;8268
2449;gov2;INVIDX;10;3;10;218987;218971;0;0;370517;24449143;219574
2550;gov2;INVIDX;10;4;10;11819;11781;0;0;7510;15832330;12340
2568;gov2;INVIDX;10;5;10;32592;32570;0;0;21108;15781428;33111
2602;gov2;INVIDX;10;3;10;8485;8464;0;0;6563;3002825;9007
2669;gov2;INVIDX;10;3;10;19695;19678;0;0;17195;2153432;20209
2761;gov2;INVIDX;10;2;10;156;141;0;0;223;2401;633
2825;gov2;INVIDX;10;2;10;21263;21250;0;0;31655;1042850;21796
2826;gov2;INVIDX;10;1;10;6321;6306;0;0;23540;23540;6879
2828;gov2;INVIDX;10;3;10;24002;23982;0;0;19551;6294297;24576
3064;gov2;INVIDX;10;1;10;50;32;0;0;54;54;588
3068;gov2;INVIDX;10;1;10;212;197;0;0;615;615;761
3091;gov2;INVIDX;10;5;10;7018;6992;0;0;4197;476367;7533
3161;gov2;INVIDX;10;1;10;697;682;0;0;2165;2165;1244
3234;gov2;INVIDX;10;4;10;6306;6284;0;0;3545;18509782;6862
3281;gov2;INVIDX;10;3;10;12081;12061;0;0;8810;4936069;12641
3398;gov2;INVIDX;10;1;10;492999;492985;0;0;2780755;2780755;493648
3421;gov2;INVIDX;10;5;10;19460;19416;0;0;9959;20279719;20023
3443;gov2;INVIDX;10;6;10;24786;24758;0;0;7529;39725033;25368
3628;gov2;INVIDX;10;3;10;23452;23427;0;0;39901;717380;24001
3764;gov2;INVIDX;10;1;10;1000;984;0;0;3578;3578;1553
3828;gov2;INVIDX;10;2;10;468;451;0;0;1267;50490;1020
3845;gov2;INVIDX;10;2;10;36765;36748;0;0;70867;3803573;37352
3895;gov2;INVIDX;10;3;10;7448;7422;0;0;7597;448336;7931
3942;gov2;INVIDX;10;3;10;10835;10814;0;0;12521;386874;11403
3950;gov2;INVIDX;10;5;10;31868;31842;0;0;14143;15152550;32438
3972;gov2;INVIDX;10;2;10;1300;1282;0;0;759;630024;1861
4001;gov2;INVIDX;10;5;10;7770;7744;0;0;3440;20088696;8321
4151;gov2;INVIDX;10;2;10;3753;3736;0;0;12466;12468;4311
4153;gov2;INVIDX;10;3;10;8375;8355;0;0;9136;4199554;8928
4172;gov2;INVIDX;10;2;10;102523;102505;0;0;212802;10227323;103163
4212;gov2;INVIDX;10;2;10;1190;1154;0;0;2829;35272;1747
4234;gov2;INVIDX;10;3;10;29775;29754;0;0;111246;1062528;30349
4290;gov2;INVIDX;10;1;10;404;388;0;0;1122;1122;955
4379;gov2;INVIDX;10;4;10;57065;57042;0;0;38674;11102522;57663
4521;gov2;INVIDX;10;3;10;8941;8910;0;0;5858;3940478;9499
4526;gov2;INVIDX;10;2;10;1266;1248;0;0;4373;181363;1810
4580;gov2;INVIDX;10;2;10;574;557;0;0;1390;22330;1137
4684;gov2;INVIDX;10;1;10;53;39;0;0;59;59;626
4688;gov2;INVIDX;10;3;10;2955;2936;0;0;7193;226160;3516
4720;gov2;INVIDX;10;1;10;35;21;0;0;27;27;624
4802;gov2;INVIDX;10;2;10;29918;29901;0;0;105306;105307;30525
4829;gov2;INVIDX;10;1;9;36;15;0;0;9;9;630
4846;gov2;INVIDX;10;3;10;11153;11134;0;0;12658;2071701;11718
4855;gov2;INVIDX;10;2;10;1000;983;0;0;1925;57045;1565
4942;gov2;INVIDX;10;4;10;22764;22741;0;0;26247;25189365;23346
5001;gov2;INVIDX;10;1;10;3919;3902;0;0;18881;18881;4484
5005;gov2;INVIDX;10;3;10;24017;23997;0;0;20524;3503012;24583
5016;gov2;INVIDX;10;2;10;55993;55975;0;0;98227;2076867;56586
5023;gov2;INVIDX;10;3;10;4501;4475;0;0;5529;18425669;5057
5036;gov2;INVIDX;10;3;10;9266;9246;0;0;8623;2280934;9834
5183;gov2;INVIDX;10;2;10;110072;110055;0;0;235522;4421727;110715
5209;gov2;INVIDX;10;3;10;2909;2871;0;0;5439;15780915;3474
5241;gov2;INVIDX;10;2;10;5655;5638;0;0;5384;1067459;6214
5274;gov2;INVIDX;10;6;10;84131;84104;0;0;35665;5968974;84660
5302;gov2;INVIDX;10;2;10;5080;5057;0;0;4785;761695;5637
5332;gov2;INVIDX;10;3;10;3488;3468;0;0;2235;603293;4034
5336;gov2;INVIDX;10;2;10;2485;2467;0;0;5363;57053;3031
5340;gov2;INVIDX;10;3;10;135753;135733;0;0;146445;23380838;136387
70;gov2;INVIDX;10;2;10;2434;2399;0;0;2289;177407;2964
211;gov2;INVIDX;10;3;10;9960;9940;0;0;9967;1124026;10508
257;gov2;INVIDX;10;2;10;49;30;0;0;21;123;611
259;gov2;INVIDX;10;3;10;6251;6231;0;0;15631;96284;6775
450;gov2;INVIDX;10;2;10;5259;5244;0;0;17842;35057;5753
527;gov2;INVIDX;10;2;10;3039;3024;0;0;9253;1853979;3554
591;gov2;INVIDX;10;3;10;1822;1804;0;0;5322;144521;2326
626;gov2;INVIDX;10;2;10;21267;21253;0;0;92349;2028325;21827
717;gov2;INVIDX;10;1;10;25547;25528;0;0;111775;111775;26122
736;gov2;INVIDX;10;4;10;162858;162830;0;0;566560;6780156;163483
775;gov2;INVIDX;10;8;10;69534;69483;0;0;18267;29811472;70133
892;gov2;INVIDX;10;4;10;116988;116957;0;0;96840;5498004;117560
966;gov2;INVIDX;10;2;10;2229;2201;0;0;2793;104540;2756
1113;gov2;INVIDX;10;2;10;2777;2758;0;0;9236;9240;3384
1131;gov2;INVIDX;10;3;10;84426;84404;0;0;106152;3073113;85085
1180;gov2;INVIDX;10;7;10;45900;45859;0;0;13926;36485343;46475
1209;gov2;INVIDX;10;6;10;14257;14226;0;0;4684;16921925;14820
1235;gov2;INVIDX;10;1;5;25;10;0;0;5;5;582
1243;gov2;INVIDX;10;2;10;903;886;0;0;2234;65032;1462
1248;gov2;INVIDX;10;4;10;16534;16513;0;0;51803;1504920;17121
1253;gov2;INVIDX;10;1;10;33038;33023;0;0;139925;139925;33656
1264;gov2;INVIDX;10;3;10;26441;26411;0;0;60252;1253923;27013
1286;gov2;INVIDX;10;5;10;15346;15320;0;0;5904;24733754;15902
1412;gov2;INVIDX;10;2;10;6582;6563;0;0;9738;513156;7141
1468;gov2;INVIDX;10;3;10;52851;52830;0;0;35567;5253276;53410
1550;gov2;INVIDX;10;1;10;1557;1540;0;0;8233;8233;2116
1551;gov2;INVIDX;10;1;10;19226;19212;0;0;81423;81423;19816
1613;gov2;INVIDX;10;2;10;22593;22571;0;0;33950;589954;23164
1661;gov2;INVIDX;10;2;10;7576;7558;0;0;8458;3810497;8112
1796;gov2;INVIDX;10;2;10;1688;1670;0;0;3157;1854252;2221
1847;gov2;INVIDX;10;5;10;11497;11471;0;0;10638;1739824;12036
1903;gov2;INVIDX;10;5;10;36225;36200;0;0;17528;19173078;36792
1969;gov2;INVIDX;10;2;10;5108;5088;0;0;16548;16551;5702
2118;gov2;INVIDX;10;4;10;162558;162536;0;0;383783;5197383;163154
2146;gov2;INVIDX;10;2;10;4522;4483;0;0;13008;415344;5123
2217;gov2;INVIDX;10;3;10;20049;20026;0;0;28714;3487712;20657
2271;gov2;INVIDX;10;2;10;428945;428925;0;0;1440381;9987738;429630
2321;gov2;INVIDX;10;4;10;218999;218957;0;0;237064;33525262;219690
2343;gov2;INVIDX;10;6;10;54347;54300;0;0;22542;33242715;54994
2348;gov2;INVIDX;10;3;10;16633;16604;0;0;14015;4948303;17254
2383;gov2;INVIDX;10;3;10;2025;2001;0;0;3465;542580;2621
2388;gov2;INVIDX;10;3;10;7711;7689;0;0;8543;20590803;8302
2449;gov2;INVIDX;10;3;10;219002;218982;0;0;370517;24449143;219684
2550;gov2;INVIDX;10;4;10;11858;11815;0;0;7510;15832330;12455
2568;gov2;INVIDX;10;5;10;32668;32640;0;0;21108;15781428;33231
2602;gov2;INVIDX;10;3;10;8552;8528;0;0;6563;3002825;9107
2669;gov2;INVIDX;10;3;10;19774;19751;0;0;17195;2153432;20371
2761;gov2;INVIDX;10;2;10;188;167;0;0;223;2401;776
2825;gov2;INVIDX;10;2;10;21305;21286;0;0;31655;1042850;21909
2826;gov2;INVIDX;10;1;10;6342;6325;0;0;23540;23540;6938
2828;gov2;INVIDX;10;3;10;24017;23995;0;0;19551;6294297;24624
3064;gov2;INVIDX;10;1;10;52;33;0;0;54;54;659
3068;gov2;INVIDX;10;1;10;208;192;0;0;615;615;828
3091;gov2;INVIDX;10;5;10;7039;7012;0;0;4197;476367;7643
3161;gov2;INVIDX;10;1;10;728;714;0;0;2165;2165;1283
3234;gov2;INVIDX;10;4;10;6420;6399;0;0;3545;18509782;6976
3281;gov2;INVIDX;10;3;10;12100;12081;0;0;8810;4936069;12657
3398;gov2;INVIDX;10;1;10;493004;492987;0;0;2780755;2780755;493699
3421;gov2;INVIDX;10;5;10;19467;19421;0;0;9959;20279719;20079
3443;gov2;INVIDX;10;6;10;24866;24836;0;0;7529;39725033;25475
3628;gov2;INVIDX;10;3;10;23471;23446;0;0;39901;717380;24071
3764;gov2;INVIDX;10;1;10;1002;985;0;0;3578;3578;1595
3828;gov2;INVIDX;10;2;10;468;449;0;0;1267;50490;1067
3845;gov2;INVIDX;10;2;10;37565;37546;0;0;70867;3803573;38195
3895;gov2;INVIDX;10;3;10;7445;7417;0;0;7597;448336;8032
3942;gov2;INVIDX;10;3;10;10854;10833;0;0;12521;386874;11423
3950;gov2;INVIDX;10;5;10;31864;31837;0;0;14143;15152550;32474
3972;gov2;INVIDX;10;2;10;1308;1289;0;0;759;630024;1858
4001;gov2;INVIDX;10;5;10;7768;7742;0;0;3440;20088696;8325
4151;gov2;INVIDX;10;2;10;3740;3722;0;0;12466;12468;4299
4153;gov2;INVIDX;10;3;10;8373;8354;0;0;9136;4199554;8941
4172;gov2;INVIDX;10;2;10;102569;102550;0;0;212802;10227323;103202
4212;gov2;INVIDX;10;2;10;1205;1170;0;0;2829;35272;1754
4234;gov2;INVIDX;10;3;10;29844;29823;0;0;111246;1062528;30412
4290;gov2;INVIDX;10;1;10;406;389;0;0;1122;1122;939
4379;gov2;INVIDX;10;4;10;57096;57073;0;0;38674;11102522;57680
4521;gov2;INVIDX;10;3;10;8940;8911;0;0;5858;3940478;9495
4526;gov2;INVIDX;10;2;10;1262;1244;0;0;4373;181363;1821
4580;gov2;INVIDX;10;2;10;574;557;0;0;1390;22330;1124
4684;gov2;INVIDX;10;1;10;62;48;0;0;59;59;622
4688;gov2;INVIDX;10;3;10;2944;2925;0;0;7193;226160;3498
4720;gov2;INVIDX;10;1;10;35;21;0;0;27;27;629
4802;gov2;INVIDX;10;2;10;29232;29214;0;0;105306;105307;29837
4829;gov2;INVIDX;10;1;9;36;14;0;0;9;9;630
4846;gov2;INVIDX;10;3;10;11153;11133;0;0;12658;2071701;11714
4855;gov2;INVIDX;10;2;10;1013;996;0;0;1925;57045;1566
4942;gov2;INVIDX;10;4;10;22771;22748;0;0;26247;25189365;23355
5001;gov2;INVIDX;10;1;10;3923;3907;0;0;18881;18881;4465
5005;gov2;INVIDX;10;3;10;24030;24009;0;0;20524;3503012;24578
5016;gov2;INVIDX;10;2;10;55978;55960;0;0;98227;2076867;56575
5023;gov2;INVIDX;10;3;10;4500;4473;0;0;5529;18425669;5048
5036;gov2;INVIDX;10;3;10;9255;9235;0;0;8623;2280934;9812
5183;gov2;INVIDX;10;2;10;110089;110072;0;0;235522;4421727;110728
5209;gov2;INVIDX;10;3;10;2906;2870;0;0;5439;15780915;3475
5241;gov2;INVIDX;10;2;10;5688;5671;0;0;5384;1067459;6250
5274;gov2;INVIDX;10;6;10;83494;83467;0;0;35665;5968974;84181
5302;gov2;INVIDX;10;2;10;5051;5028;0;0;4785;761695;5603
5332;gov2;INVIDX;10;3;10;3486;3465;0;0;2235;603293;4034
5336;gov2;INVIDX;10;2;10;2564;2547;0;0;5363;57053;3101
5340;gov2;INVIDX;10;3;10;135803;135783;0;0;146445;23380838;136448
70;gov2;INVIDX;10;2;10;2437;2403;0;0;2289;177407;2994
211;gov2;INVIDX;10;3;10;9950;9930;0;0;9967;1124026;10499
257;gov2;INVIDX;10;2;10;48;30;0;0;21;123;642
259;gov2;INVIDX;10;3;10;6242;6223;0;0;15631;96284;6793
450;gov2;INVIDX;10;2;10;5294;5277;0;0;17842;35057;5851
527;gov2;INVIDX;10;2;10;3083;3066;0;0;9253;1853979;3647
591;gov2;INVIDX;10;3;10;1845;1826;0;0;5322;144521;2412
626;gov2;INVIDX;10;2;10;21318;21302;0;0;92349;2028325;21915
717;gov2;INVIDX;10;1;10;25579;25559;0;0;111775;111775;26193
736;gov2;INVIDX;10;4;10;162923;162892;0;0;566560;6780156;163573
775;gov2;INVIDX;10;8;10;69527;69477;0;0;18267;29811472;70147
892;gov2;INVIDX;10;4;10;117111;117078;0;0;96840;5498004;117744
966;gov2;INVIDX;10;2;10;2267;2235;0;0;2793;104540;2825
1113;gov2;INVIDX;10;2;10;2791;2774;0;0;9236;9240;3343
1131;gov2;INVIDX;10;3;10;79472;79452;0;0;106152;3073113;80091
1180;gov2;INVIDX;10;7;10;45914;45876;0;0;13926;36485343;46487
1209;gov2;INVIDX;10;6;10;14245;14213;0;0;4684;16921925;14798
1235;gov2;INVIDX;10;1;5;25;10;0;0;5;5;576
1243;gov2;INVIDX;10;2;10;922;906;0;0;2234;65032;1466
1248;gov2;INVIDX;10;4;10;16124;16103;0;0;51803;1504920;16699
1253;gov2;INVIDX;10;1;10;32856;32840;0;0;139925;139925;33468
1264;gov2;INVIDX;10;3;10;26444;26413;0;0;60252;1253923;27013
1286;gov2;INVIDX;10;5;10;15344;15318;0;0;5904;24733754;15924
1412;gov2;INVIDX;10;2;10;9333;9314;0;0;9738;513156;9902
1468;gov2;INVIDX;10;3;10;55741;55721;0;0;35567;5253276;56321
1550;gov2;INVIDX;10;1;10;1550;1532;0;0;8233;8233;2111
1551;gov2;INVIDX;10;1;10;19261;19245;0;0;81423;81423;19880
1613;gov2;INVIDX;10;2;10;22592;22570;0;0;33950;589954;23194
1661;gov2;INVIDX;10;2;10;7563;7543;0;0;8458;3810497;8159
1796;gov2;INVIDX;10;2;10;1685;1664;0;0;3157;1854252;2277
1847;gov2;INVIDX;10;5;10;11492;11462;0;0;10638;1739824;12084
1903;gov2;INVIDX;10;5;10;36231;36204;0;0;17528;19173078;36841
1969;gov2;INVIDX;10;2;10;5085;5065;0;0;16548;16551;5634
2118;gov2;INVIDX;10;4;10;162987;162965;0;0;383783;5197383;163636
2146;gov2;INVIDX;10;2;10;4500;4464;0;0;13008;415344;5053
2217;gov2;INVIDX;10;3;10;20067;20047;0;0;28714;3487712;20634
2271;gov2;INVIDX;10;2;10;426270;426251;0;0;1440381;9987738;426924
2321;gov2;INVIDX;10;4;10;218985;218944;0;0;237064;33525262;219634
2343;gov2;INVIDX;10;6;10;54300;54255;0;0;22542;33242715;54900
2348;gov2;INVIDX;10;3;10;16629;16601;0;0;14015;4948303;17182
2383;gov2;INVIDX;10;3;10;2021;1998;0;0;3465;542580;2568
2388;gov2;INVIDX;10;3;10;7714;7692;0;0;8543;20590803;8301
2449;gov2;INVIDX;10;3;10;218774;218754;0;0;370517;24449143;219441
2550;gov2;INVIDX;10;4;10;11855;11813;0;0;7510;15832330;12456
2568;gov2;INVIDX;10;5;10;32655;32628;0;0;21108;15781428;33268
2602;gov2;INVIDX;10;3;10;8532;8507;0;0;6563;3002825;9126
2669;gov2;INVIDX;10;3;10;19768;19746;0;0;17195;2153432;20364
2761;gov2;INVIDX;10;2;10;189;169;0;0;223;2401;783
2825;gov2;INVIDX;10;2;10;21315;21296;0;0;31655;1042850;21921
2826;gov2;INVIDX;10;1;10;6328;6313;0;0;23540;23540;6885
2828;gov2;INVIDX;10;3;10;24006;23986;0;0;19551;6294297;24565
3064;gov2;INVIDX;10;1;10;51;33;0;0;54;54;660
3068;gov2;INVIDX;10;1;10;206;192;0;0;615;615;766
3091;gov2;INVIDX;10;5;10;7010;6985;0;0;4197;476367;7575
3161;gov2;INVIDX;10;1;10;742;728;0;0;2165;2165;1299
3234;gov2;INVIDX;10;4;10;6433;6412;0;0;3545;18509782;7000
3281;gov2;INVIDX;10;3;10;12109;12084;0;0;8810;4936069;12678
3398;gov2;INVIDX;10;1;10;493787;493772;0;0;2780755;2780755;494449
3421;gov2;INVIDX;10;5;10;19467;19423;0;0;9959;20279719;20043
3443;gov2;INVIDX;10;6;10;24871;24843;0;0;7529;39725033;25453
3628;gov2;INVIDX;10;3;10;23529;23504;0;0;39901;717380;24130
3764;gov2;INVIDX;10;1;10;1004;986;0;0;3578;3578;1595
3828;gov2;INVIDX;10;2;10;468;449;0;0;1267;50490;1064
3845;gov2;INVIDX;10;2;10;37565;37545;0;0;70867;3803573;38182
3895;gov2;INVIDX;10;3;10;7441;7415;0;0;7597;448336;7998
3942;gov2;INVIDX;10;3;10;10855;10835;0;0;12521;386874;11405
3950;gov2;INVIDX;10;5;10;31853;31828;0;0;14143;15152550;32420
3972;gov2;INVIDX;10;2;10;1305;1288;0;0;759;630024;1857
4001;gov2;INVIDX;10;5;10;7767;7742;0;0;3440;20088696;8319
4151;gov2;INVIDX;10;2;10;3748;3731;0;0;12466;12468;4299
4153;gov2;INVIDX;10;3;10;8367;8347;0;0;9136;4199554;8945
4172;gov2;INVIDX;10;2;10;102534;102516;0;0;212802;10227323;103159
4212;gov2;INVIDX;10;2;10;1210;1175;0;0;2829;35272;1756
4234;gov2;INVIDX;10;3;10;29829;29810;0;0;111246;1062528;30410
4290;gov2;INVIDX;10;1;10;408;391;0;0;1122;1122;955
4379;gov2;INVIDX;10;4;10;57111;57088;0;0;38674;11102522;57719
4521;gov2;INVIDX;10;3;10;8941;8912;0;0;5858;3940478;9499
4526;gov2;INVIDX;10;2;10;1259;1241;0;0;4373;181363;1809
4580;gov2;INVIDX;10;2;10;575;558;0;0;1390;22330;1122
4684;gov2;INVIDX;10;1;10;53;39;0;0;59;59;633
4688;gov2;INVIDX;10;3;10;2943;2923;0;0;7193;226160;3507
4720;gov2;INVIDX;10;1;10;35;21;0;0;27;27;613
4802;gov2;INVIDX;10;2;10;29507;29490;0;0;105306;105307;30119
4829;gov2;INVIDX;10;1;9;36;15;0;0;9;9;625
4846;gov2;INVIDX;10;3;10;11157;11137;0;0;12658;2071701;11713
4855;gov2;INVIDX;10;2;10;1010;992;0;0;1925;57045;1554
4942;gov2;INVIDX;10;4;10;22759;22737;0;0;26247;25189365;23324
5001;gov2;INVIDX;10;1;10;3923;3907;0;0;18881;18881;4493
5005;gov2;INVIDX;10;3;10;24043;24023;0;0;20524;3503012;24608
5016;gov2;INVIDX;10;2;10;56017;55998;0;0;98227;2076867;56604
5023;gov2;INVIDX;10;3;10;4507;4481;0;0;5529;18425669;5058
5036;gov2;INVIDX;10;3;10;9271;9251;0;0;8623;2280934;9821
5183;gov2;INVIDX;10;2;10;110068;110051;0;0;235522;4421727;110704
5209;gov2;INVIDX;10;3;10;2911;2873;0;0;5439;15780915;3478
5241;gov2;INVIDX;10;2;10;5684;5667;0;0;5384;1067459;6225
5274;gov2;INVIDX;10;6;10;83519;83492;0;0;35665;5968974;84109
5302;gov2;INVIDX;10;2;10;5061;5038;0;0;4785;761695;5616
5332;gov2;INVIDX;10;3;10;3484;3464;0;0;2235;603293;4036
5336;gov2;INVIDX;10;2;10;2483;2465;0;0;5363;57053;3041
5340;gov2;INVIDX;10;3;10;135056;135037;0;0;146445;23380838;135700
70;gov2;INVIDX;100;2;100;5837;5812;0;0;14955;177407;7357
211;gov2;INVIDX;100;3;100;22450;22430;0;0;36208;1124026;22982
257;gov2;INVIDX;100;2;100;95;77;0;0;107;123;467
259;gov2;INVIDX;100;3;100;19480;19461;0;0;63279;96284;19927
450;gov2;INVIDX;100;2;100;7847;7827;0;0;27230;35057;8298
527;gov2;INVIDX;100;2;100;15238;15220;0;0;62514;1853979;15783
591;gov2;INVIDX;100;3;100;20546;20523;0;0;77389;144521;21024
626;gov2;INVIDX;100;2;100;424404;424385;0;0;2028287;2028325;425056
717;gov2;INVIDX;100;1;100;25834;25803;0;0;111775;111775;26415
736;gov2;INVIDX;100;4;100;204974;204944;0;0;582732;6780156;205605
775;gov2;INVIDX;100;8;100;139676;139628;0;0;52866;29811472;140283
892;gov2;INVIDX;100;4;100;196759;196719;0;0;221303;5498004;197410
966;gov2;INVIDX;100;2;100;6201;6161;0;0;17433;104540;6733
1113;gov2;INVIDX;100;2;100;2778;2761;0;0;9236;9240;3349
1131;gov2;INVIDX;100;3;100;82184;82164;0;0;111137;3073113;82805
1180;gov2;INVIDX;100;7;100;80694;80654;0;0;39460;36485343;81331
1209;gov2;INVIDX;100;6;100;25868;25828;0;0;14351;16921925;26433
1235;gov2;INVIDX;100;1;5;26;10;0;0;5;5;583
1243;gov2;INVIDX;100;2;100;1013;996;0;0;2417;65032;1566
1248;gov2;INVIDX;100;4;100;23515;23493;0;0;65164;1504920;24091
1253;gov2;INVIDX;100;1;100;32524;32506;0;0;139925;139925;33134
1264;gov2;INVIDX;100;3;100;40765;40733;0;0;87352;1253923;41342
1286;gov2;INVIDX;100;5;100;22866;22837;0;0;13003;24733754;23428
1412;gov2;INVIDX;100;2;100;18217;18196;0;0;52054;513156;18784
1468;gov2;INVIDX;100;3;100;70509;70487;0;0;88143;5253276;71104
1550;gov2;INVIDX;100;1;100;1607;1585;0;0;8233;8233;2167
1551;gov2;INVIDX;100;1;100;19279;19265;0;0;81423;81423;19868
1613;gov2;INVIDX;100;2;100;23997;23976;0;0;38121;589954;24556
1661;gov2;INVIDX;100;2;100;21347;21328;0;0;74285;3810497;21921
1796;gov2;INVIDX;100;2;100;62095;62075;0;0;296355;1854252;62736
1847;gov2;INVIDX;100;5;100;21663;21620;0;0;31560;1739824;22258
1903;gov2;INVIDX;100;5;100;90800;90774;0;0;113691;19173078;91436
1969;gov2;INVIDX;100;2;100;5241;5209;0;0;16548;16551;5817
2118;gov2;INVIDX;100;4;100;164951;164928;0;0;385245;5197383;165599
2146;gov2;INVIDX;100;2;100;10914;10877;0;0;36705;415344;11488
2217;gov2;INVIDX;100;3;100;24892;24870;0;0;39161;3487712;25484
2271;gov2;INVIDX;100;2;100;465692;465671;0;0;1440790;9987738;466341
2321;gov2;INVIDX;100;4;100;221126;221085;0;0;238130;33525262;221741
2343;gov2;INVIDX;100;6;100;98362;98316;0;0;88847;33242715;99027
2348;gov2;INVIDX;100;3;100;21378;21343;0;0;23168;4948303;21954
2383;gov2;INVIDX;100;3;100;10739;10718;0;0;19901;542580;11310
2388;gov2;INVIDX;100;3;100;18937;18917;0;0;38814;20590803;19504
2449;gov2;INVIDX;100;3;100;220767;220746;0;0;372785;24449143;221420
2550;gov2;INVIDX;100;4;100;19123;19082;0;0;18458;15832330;19694
2568;gov2;INVIDX;100;5;100;47547;47522;0;0;42197;15781428;48138
2602;gov2;INVIDX;100;3;100;14233;14209;0;0;18667;3002825;14769
2669;gov2;INVIDX;100;3;100;24755;24734;0;0;36645;2153432;25341
2761;gov2;INVIDX;100;2;100;832;813;0;0;2349;2401;1383
2825;gov2;INVIDX;100;2;100;22908;22891;0;0;37572;1042850;23479
2826;gov2;INVIDX;100;1;100;6390;6374;0;0;23540;23540;6955
2828;gov2;INVIDX;100;3;100;40676;40656;0;0;63719;6294297;41268
3064;gov2;INVIDX;100;1;54;59;39;0;0;54;54;626
3068;gov2;INVIDX;100;1;100;231;217;0;0;615;615;827
3091;gov2;INVIDX;100;5;100;20615;20590;0;0;37595;476367;21166
3161;gov2;INVIDX;100;1;100;737;723;0;0;2165;2165;1304
3234;gov2;INVIDX;100;4;100;24902;24881;0;0;23692;18509782;25474
3281;gov2;INVIDX;100;3;100;15712;15690;0;0;20725;4936069;16274
3398;gov2;INVIDX;100;1;100;493091;493077;0;0;2780755;2780755;493759
3421;gov2;INVIDX;100;5;100;125253;125209;0;0;113219;20279719;125907
3443;gov2;INVIDX;100;6;100;69740;69697;0;0;27722;39725033;70385
3628;gov2;INVIDX;100;3;100;27824;27790;0;0;50163;717380;28405
3764;gov2;INVIDX;100;1;100;1078;1063;0;0;3578;3578;1645
3828;gov2;INVIDX;100;2;100;14132;14115;0;0;50451;50490;14700
3845;gov2;INVIDX;100;2;100;40293;40274;0;0;85327;3803573;40885
3895;gov2;INVIDX;100;3;100;11042;11013;0;0;15709;448336;11622
3942;gov2;INVIDX;100;3;100;14367;14346;0;0;24318;386874;14927
3950;gov2;INVIDX;100;5;100;60581;60555;0;0;39353;15152550;61148
3972;gov2;INVIDX;100;2;100;31210;31187;0;0;136626;630024;31825
4001;gov2;INVIDX;100;5;100;21739;21707;0;0;17054;20088696;22299
4151;gov2;INVIDX;100;2;100;3832;3813;0;0;12466;12468;4389
4153;gov2;INVIDX;100;3;100;16362;16342;0;0;27151;4199554;16928
4172;gov2;INVIDX;100;2;100;105103;105084;0;0;218569;10227323;105766
4212;gov2;INVIDX;100;2;100;7616;7580;0;0;25322;35272;8196
4234;gov2;INVIDX;100;3;100;45391;45371;0;0;127897;1062528;45985
4290;gov2;INVIDX;100;1;100;430;403;0;0;1122;1122;977
4379;gov2;INVIDX;100;4;100;81694;81670;0;0;68637;11102522;82324
4521;gov2;INVIDX;100;3;100;13993;13959;0;0;13750;3940478;14570
4526;gov2;INVIDX;100;2;100;46580;46562;0;0;181363;181363;47198
4580;gov2;INVIDX;100;2;100;6470;6439;0;0;22246;22330;7013
4684;gov2;INVIDX;100;1;59;57;43;0;0;59;59;576
4688;gov2;INVIDX;100;3;100;9703;9684;0;0;30337;226160;10255
4720;gov2;INVIDX;100;1;27;37;23;0;0;27;27;528
4802;gov2;INVIDX;100;2;100;28396;28379;0;0;105306;105307;28905
4829;gov2;INVIDX;100;1;9;37;15;0;0;9;9;583
4846;gov2;INVIDX;100;3;100;32777;32757;0;0;59372;2071701;33316
4855;gov2;INVIDX;100;2;100;3897;3877;0;0;11828;57045;4464
4942;gov2;INVIDX;100;4;100;37589;37566;0;0;60513;25189365;38183
5001;gov2;INVIDX;100;1;100;3976;3957;0;0;18881;18881;4538
5005;gov2;INVIDX;100;3;100;27505;27484;0;0;29121;3503012;28081
5016;gov2;INVIDX;100;2;100;57850;57832;0;0;102993;2076867;58467
5023;gov2;INVIDX;100;3;100;10222;10195;0;0;24470;18425669;10785
5036;gov2;INVIDX;100;3;100;13284;13264;0;0;23877;2280934;13843
5183;gov2;INVIDX;100;2;100;111943;111925;0;0;240808;4421727;112596
5209;gov2;INVIDX;100;3;100;88306;88270;0;0;86577;15780915;88949
5241;gov2;INVIDX;100;2;100;9417;9388;0;0;21257;1067459;9993
5274;gov2;INVIDX;100;6;100;129734;129706;0;0;95873;5968974;130363
5302;gov2;INVIDX;100;2;100;12145;12115;0;0;35014;761695;12716
5332;gov2;INVIDX;100;3;100;17815;17794;0;0;66991;603293;18392
5336;gov2;INVIDX;100;2;100;4627;4608;0;0;12795;57053;5190
5340;gov2;INVIDX;100;3;100;138636;138616;0;0;152453;23380838;139285
70;gov2;INVIDX;100;2;100;5883;5849;0;0;14955;177407;6458
211;gov2;INVIDX;100;3;100;20650;20630;0;0;36208;1124026;21229
257;gov2;INVIDX;100;2;100;95;76;0;0;107;123;672
259;gov2;INVIDX;100;3;100;19403;19384;0;0;63279;96284;19978
450;gov2;INVIDX;100;2;100;7828;7807;0;0;27230;35057;8398
527;gov2;INVIDX;100;2;100;15149;15131;0;0;62514;1853979;15734
591;gov2;INVIDX;100;3;100;20414;20391;0;0;77389;144521;20992
626;gov2;INVIDX;100;2;100;423699;423679;0;0;2028287;2028325;424367
717;gov2;INVIDX;100;1;100;25673;25642;0;0;111775;111775;26259
736;gov2;INVIDX;100;4;100;205949;205919;0;0;582732;6780156;206611
775;gov2;INVIDX;100;8;100;139718;139666;0;0;52866;29811472;140376
892;gov2;INVIDX;100;4;100;196731;196691;0;0;221303;5498004;197353
966;gov2;INVIDX;100;2;100;6298;6265;0;0;17433;104540;6876
1113;gov2;INVIDX;100;2;100;2806;2790;0;0;9236;9240;3363
1131;gov2;INVIDX;100;3;100;82269;82249;0;0;111137;3073113;82866
1180;gov2;INVIDX;100;7;100;80642;80605;0;0;39460;36485343;81223
1209;gov2;INVIDX;100;6;100;25848;25809;0;0;14351;16921925;26352
1235;gov2;INVIDX;100;1;5;22;9;0;0;5;5;456
1243;gov2;INVIDX;100;2;100;977;963;0;0;2417;65032;1470
1248;gov2;INVIDX;100;4;100;23471;23452;0;0;65164;1504920;23958
1253;gov2;INVIDX;100;1;100;32472;32458;0;0;139925;139925;33024
1264;gov2;INVIDX;100;3;100;40731;40703;0;0;87352;1253923;41284
1286;gov2;INVIDX;100;5;100;22830;22803;0;0;13003;24733754;23346
1412;gov2;INVIDX;100;2;100;18124;18106;0;0;52054;513156;18661
1468;gov2;INVIDX;100;3;100;70420;70400;0;0;88143;5253276;70989
1550;gov2;INVIDX;100;1;100;1569;1548;0;0;8233;8233;2086
1551;gov2;INVIDX;100;1;100;19225;19213;0;0;81423;81423;19760
1613;gov2;INVIDX;100;2;100;23942;23924;0;0;38121;589954;24495
1661;gov2;INVIDX;100;2;100;21361;21341;0;0;74285;3810497;21944
1796;gov2;INVIDX;100;2;100;62060;62041;0;0;296355;1854252;62720
1847;gov2;INVIDX;100;5;100;21643;21600;0;0;31560;1739824;22221
1903;gov2;INVIDX;100;5;100;91648;91624;0;0;113691;19173078;92239
1969;gov2;INVIDX;100;2;100;5238;5205;0;0;16548;16551;5768
2118;gov2;INVIDX;100;4;100;164725;164700;0;0;385245;5197383;165408
2146;gov2;INVIDX;100;2;100;10915;10879;0;0;36705;415344;11495
2217;gov2;INVIDX;100;3;100;24932;24910;0;0;39161;3487712;25514
2271;gov2;INVIDX;100;2;100;465731;465709;0;0;1440790;9987738;466374
2321;gov2;INVIDX;100;4;100;221134;221095;0;0;238130;33525262;221688
2343;gov2;INVIDX;100;6;100;98360;98311;0;0;88847;33242715;99002
2348;gov2;INVIDX;100;3;100;21361;21323;0;0;23168;4948303;21969
2383;gov2;INVIDX;100;3;100;10754;10731;0;0;19901;542580;11341
2388;gov2;INVIDX;100;3;100;18928;18908;0;0;38814;20590803;19506
2449;gov2;INVIDX;100;3;100;220643;220622;0;0;372785;24449143;221289
2550;gov2;INVIDX;100;4;100;19103;19062;0;0;18458;15832330;19665
2568;gov2;INVIDX;100;5;100;47558;47532;0;0;42197;15781428;48159
2602;gov2;INVIDX;100;3;100;14295;14269;0;0;18667;3002825;14864
2669;gov2;INVIDX;100;3;100;24787;24766;0;0;36645;2153432;25366
2761;gov2;INVIDX;100;2;100;829;811;0;0;2349;2401;1394
2825;gov2;INVIDX;100;2;100;22896;22880;0;0;37572;1042850;23462
2826;gov2;INVIDX;100;1;100;6378;6363;0;0;23540;23540;6913
2828;gov2;INVIDX;100;3;100;40653;40633;0;0;63719;6294297;41255
3064;gov2;INVIDX;100;1;54;59;38;0;0;54;54;636
3068;gov2;INVIDX;100;1;100;224;209;0;0;615;615;788
3091;gov2;INVIDX;100;5;100;20601;20575;0;0;37595;476367;21167
3161;gov2;INVIDX;100;1;100;738;724;0;0;2165;2165;1300
3234;gov2;INVIDX;100;4;100;24965;24944;0;0;23692;18509782;25541
3281;gov2;INVIDX;100;3;100;15706;15685;0;0;20725;4936069;16277
3398;gov2;INVIDX;100;1;100;492788;492773;0;0;2780755;2780755;493443
3421;gov2;INVIDX;100;5;100;125262;125218;0;0;113219;20279719;125918
3443;gov2;INVIDX;100;6;100;69931;69888;0;0;27722;39725033;70563
3628;gov2;INVIDX;100;3;100;27639;27608;0;0;50163;717380;28224
3764;gov2;INVIDX;100;1;100;1061;1045;0;0;3578;3578;1621
3828;gov2;INVIDX;100;2;100;14119;14102;0;0;50451;50490;14685
3845;gov2;INVIDX;100;2;100;40165;40146;0;0;85327;3803573;40752
3895;gov2;INVIDX;100;3;100;11113;11087;0;0;15709;448336;11689
3942;gov2;INVIDX;100;3;100;14526;14504;0;0;24318;386874;15098
3950;gov2;INVIDX;100;5;100;60661;60635;0;0;39353;15152550;61260
3972;gov2;INVIDX;100;2;100;31244;31223;0;0;136626;630024;31856
4001;gov2;INVIDX;100;5;100;21722;21689;0;0;17054;20088696;22301
4151;gov2;INVIDX;100;2;100;3819;3801;0;0;12466;12468;4382
4153;gov2;INVIDX;100;3;100;16358;16338;0;0;27151;4199554;16926
4172;gov2;INVIDX;100;2;100;104942;104924;0;0;218569;10227323;105582
4212;gov2;INVIDX;100;2;100;7627;7592;0;0;25322;35272;8186
4234;gov2;INVIDX;100;3;100;45399;45379;0;0;127897;1062528;45982
4290;gov2;INVIDX;100;1;100;425;406;0;0;1122;1122;954
4379;gov2;INVIDX;100;4;100;81708;81685;0;0;68637;11102522;82287
4521;gov2;INVIDX;100;3;100;13970;13937;0;0;13750;3940478;14508
4526;gov2;INVIDX;100;2;100;46572;46554;0;0;181363;181363;47165
4580;gov2;INVIDX;100;2;100;6469;6436;0;0;22246;22330;7046
4684;gov2;INVIDX;100;1;59;57;42;0;0;59;59;631
4688;gov2;INVIDX;100;3;100;9711;9691;0;0;30337;226160;10271
4720;gov2;INVIDX;100;1;27;38;23;0;0;27;27;628
4802;gov2;INVIDX;100;2;100;28363;28346;0;0;105306;105307;28964
4829;gov2;INVIDX;100;1;9;37;15;0;0;9;9;619
4846;gov2;INVIDX;100;3;100;32767;32747;0;0;59372;2071701;33356
4855;gov2;INVIDX;100;2;100;3897;3877;0;0;11828;57045;4450
4942;gov2;INVIDX;100;4;100;37551;37528;0;0;60513;25189365;38142
5001;gov2;INVIDX;100;1;100;3980;3962;0;0;18881;18881;4495
5005;gov2;INVIDX;100;3;100;27510;27489;0;0;29121;3503012;28086
5016;gov2;INVIDX;100;2;100;58260;58242;0;0;102993;2076867;58867
5023;gov2;INVIDX;100;3;100;10317;10286;0;0;24470;18425669;10891
5036;gov2;INVIDX;100;3;100;13307;13287;0;0;23877;2280934;13880
5183;gov2;INVIDX;100;2;100;111985;111967;0;0;240808;4421727;112643
5209;gov2;INVIDX;100;3;100;88312;88274;0;0;86577;15780915;88927
5241;gov2;INVIDX;100;2;100;9435;9405;0;0;21257;1067459;10005
5274;gov2;INVIDX;100;6;100;129703;129675;0;0;95873;5968974;130323
5302;gov2;INVIDX;100;2;100;12118;12088;0;0;35014;761695;12692
5332;gov2;INVIDX;100;3;100;17808;17787;0;0;66991;603293;18388
5336;gov2;INVIDX;100;2;100;4625;4605;0;0;12795;57053;5179
5340;gov2;INVIDX;100;3;100;138395;138375;0;0;152453;23380838;139045
70;gov2;INVIDX;100;2;100;5887;5853;0;0;14955;177407;6460
211;gov2;INVIDX;100;3;100;20687;20667;0;0;36208;1124026;21258
257;gov2;INVIDX;100;2;100;95;76;0;0;107;123;664
259;gov2;INVIDX;100;3;100;19431;19410;0;0;63279;96284;20009
450;gov2;INVIDX;100;2;100;7822;7800;0;0;27230;35057;8382
527;gov2;INVIDX;100;2;100;15144;15126;0;0;62514;1853979;15736
591;gov2;INVIDX;100;3;100;20445;20422;0;0;77389;144521;21025
626;gov2;INVIDX;100;2;100;423687;423668;0;0;2028287;2028325;424339
717;gov2;INVIDX;100;1;100;25705;25675;0;0;111775;111775;26328
736;gov2;INVIDX;100;4;100;205802;205771;0;0;582732;6780156;206454
775;gov2;INVIDX;100;8;100;139737;139686;0;0;52866;29811472;140404
892;gov2;INVIDX;100;4;100;196535;196496;0;0;221303;5498004;197198
966;gov2;INVIDX;100;2;100;6237;6202;0;0;17433;104540;6684
1113;gov2;INVIDX;100;2;100;2778;2761;0;0;9236;9240;3306
1131;gov2;INVIDX;100;3;100;82262;82244;0;0;111137;3073113;82788
1180;gov2;INVIDX;100;7;100;80770;80731;0;0;39460;36485343;81363
1209;gov2;INVIDX;100;6;100;25876;25817;0;0;14351;16921925;26463
1235;gov2;INVIDX;100;1;5;27;10;0;0;5;5;640
1243;gov2;INVIDX;100;2;100;1017;998;0;0;2417;65032;1618
1248;gov2;INVIDX;100;4;100;24241;24217;0;0;65164;1504920;24842
1253;gov2;INVIDX;100;1;100;32486;32471;0;0;139925;139925;33062
1264;gov2;INVIDX;100;3;100;40739;40707;0;0;87352;1253923;41269
1286;gov2;INVIDX;100;5;100;22805;22779;0;0;13003;24733754;23353
1412;gov2;INVIDX;100;2;100;18169;18149;0;0;52054;513156;18740
1468;gov2;INVIDX;100;3;100;70397;70377;0;0;88143;5253276;70980
1550;gov2;INVIDX;100;1;100;1597;1576;0;0;8233;8233;2156
1551;gov2;INVIDX;100;1;100;19324;19311;0;0;81423;81423;19913
1613;gov2;INVIDX;100;2;100;23985;23965;0;0;38121;589954;24548
1661;gov2;INVIDX;100;2;100;21362;21344;0;0;74285;3810497;21959
1796;gov2;INVIDX;100;2;100;62143;62122;0;0;296355;1854252;62792
1847;gov2;INVIDX;100;5;100;21656;21613;0;0;31560;1739824;22239
1903;gov2;INVIDX;100;5;100;90839;90813;0;0;113691;19173078;91482
1969;gov2;INVIDX;100;2;100;5235;5203;0;0;16548;16551;5807
2118;gov2;INVIDX;100;4;100;164132;164109;0;0;385245;5197383;164804
2146;gov2;INVIDX;100;2;100;10913;10877;0;0;36705;415344;11472
2217;gov2;INVIDX;100;3;100;24917;24894;0;0;39161;3487712;25502
2271;gov2;INVIDX;100;2;100;465683;465663;0;0;1440790;9987738;466344
2321;gov2;INVIDX;100;4;100;221300;221259;0;0;238130;33525262;221961
2343;gov2;INVIDX;100;6;100;98371;98326;0;0;88847;33242715;98964
2348;gov2;INVIDX;100;3;100;21362;21327;0;0;23168;4948303;21940
2383;gov2;INVIDX;100;3;100;10741;10720;0;0;19901;542580;11313
2388;gov2;INVIDX;100;3;100;18917;18897;0;0;38814;20590803;19479
2449;gov2;INVIDX;100;3;100;220572;220551;0;0;372785;24449143;221223
2550;gov2;INVIDX;100;4;100;19110;19070;0;0;18458;15832330;19685
2568;gov2;INVIDX;100;5;100;47596;47571;0;0;42197;15781428;48200
2602;gov2;INVIDX;100;3;100;14300;14272;0;0;18667;3002825;14866
2669;gov2;INVIDX;100;3;100;24782;24761;0;0;36645;2153432;25357
2761;gov2;INVIDX;100;2;100;835;816;0;0;2349;2401;1402
2825;gov2;INVIDX;100;2;100;22914;22897;0;0;37572;1042850;23481
2826;gov2;INVIDX;100;1;100;6382;6367;0;0;23540;23540;6916
2828;gov2;INVIDX;100;3;100;40681;40661;0;0;63719;6294297;41158
3064;gov2;INVIDX;100;1;54;59;38;0;0;54;54;598
3068;gov2;INVIDX;100;1;100;225;211;0;0;615;615;692
3091;gov2;INVIDX;100;5;100;19856;19831;0;0;37595;476367;20367
3161;gov2;INVIDX;100;1;100;738;724;0;0;2165;2165;1275
3234;gov2;INVIDX;100;4;100;24975;24954;0;0;23692;18509782;25501
3281;gov2;INVIDX;100;3;100;15637;15615;0;0;20725;4936069;16191
3398;gov2;INVIDX;100;1;100;492814;492799;0;0;2780755;2780755;493456
3421;gov2;INVIDX;100;5;100;125175;125131;0;0;113219;20279719;125809
3443;gov2;INVIDX;100;6;100;69888;69843;0;0;27722;39725033;70527
3628;gov2;INVIDX;100;3;100;27618;27587;0;0;50163;717380;28177
3764;gov2;INVIDX;100;1;100;1069;1052;0;0;3578;3578;1640
3828;gov2;INVIDX;100;2;100;14095;14078;0;0;50451;50490;14673
3845;gov2;INVIDX;100;2;100;40208;40189;0;0;85327;3803573;40809
3895;gov2;INVIDX;100;3;100;11003;10975;0;0;15709;448336;11565
3942;gov2;INVIDX;100;3;100;14346;14325;0;0;24318;386874;14906
3950;gov2;INVIDX;100;5;100;60557;60532;0;0;39353;15152550;61159
3972;gov2;INVIDX;100;2;100;31220;31198;0;0;136626;630024;31792
4001;gov2;INVIDX;100;5;100;21726;21684;0;0;17054;20088696;22242
4151;gov2;INVIDX;100;2;100;3793;3776;0;0;12466;12468;4311
4153;gov2;INVIDX;100;3;100;16316;16298;0;0;27151;4199554;16840
4172;gov2;INVIDX;100;2;100;104974;104957;0;0;218569;10227323;105551
4212;gov2;INVIDX;100;2;100;7598;7562;0;0;25322;35272;8110
4234;gov2;INVIDX;100;3;100;45418;45398;0;0;127897;1062528;46017
4290;gov2;INVIDX;100;1;100;424;405;0;0;1122;1122;996
4379;gov2;INVIDX;100;4;100;81712;81689;0;0;68637;11102522;82338
4521;gov2;INVIDX;100;3;100;13980;13946;0;0;13750;3940478;14559
4526;gov2;INVIDX;100;2;100;46571;46553;0;0;181363;181363;47202
4580;gov2;INVIDX;100;2;100;6428;6396;0;0;22246;22330;6974
4684;gov2;INVIDX;100;1;59;56;42;0;0;59;59;626
4688;gov2;INVIDX;100;3;100;9721;9701;0;0;30337;226160;10296
4720;gov2;INVIDX;100;1;27;37;23;0;0;27;27;608
4802;gov2;INVIDX;100;2;100;28363;28346;0;0;105306;105307;28982
4829;gov2;INVIDX;100;1;9;37;16;0;0;9;9;607
4846;gov2;INVIDX;100;3;100;32777;32757;0;0;59372;2071701;33358
4855;gov2;INVIDX;100;2;100;3897;3877;0;0;11828;57045;4445
4942;gov2;INVIDX;100;4;100;37566;37544;0;0;60513;25189365;38145
5001;gov2;INVIDX;100;1;100;3979;3960;0;0;18881;18881;4549
5005;gov2;INVIDX;100;3;100;27539;27519;0;0;29121;3503012;28104
5016;gov2;INVIDX;100;2;100;57870;57850;0;0;102993;2076867;58459
5023;gov2;INVIDX;100;3;100;10244;10218;0;0;24470;18425669;10791
5036;gov2;INVIDX;100;3;100;13274;13254;0;0;23877;2280934;13842
5183;gov2;INVIDX;100;2;100;112114;112097;0;0;240808;4421727;112757
5209;gov2;INVIDX;100;3;100;88414;88377;0;0;86577;15780915;89040
5241;gov2;INVIDX;100;2;100;9423;9394;0;0;21257;1067459;10006
5274;gov2;INVIDX;100;6;100;129725;129697;0;0;95873;5968974;130323
5302;gov2;INVIDX;100;2;100;12133;12104;0;0;35014;761695;12675
5332;gov2;INVIDX;100;3;100;17821;17800;0;0;66991;603293;18389
5336;gov2;INVIDX;100;2;100;4619;4598;0;0;12795;57053;5175
5340;gov2;INVIDX;100;3;100;138431;138412;0;0;152453;23380838;139091
70;gov2;INVIDX;1000;2;1000;28225;28196;0;0;87091;177407;29799
211;gov2;INVIDX;1000;3;1000;49388;49361;0;0;115144;1124026;49963
257;gov2;INVIDX;1000;2;107;86;59;0;0;107;123;602
259;gov2;INVIDX;1000;3;1000;29006;28985;0;0;94741;96284;29545
450;gov2;INVIDX;1000;2;1000;10445;10422;0;0;34916;35057;10958
527;gov2;INVIDX;1000;2;1000;373797;373779;0;0;1749548;1853979;374412
591;gov2;INVIDX;1000;3;1000;40666;40630;0;0;143727;144521;41262
626;gov2;INVIDX;1000;2;1000;425839;425811;0;0;2028287;2028325;426453
717;gov2;INVIDX;1000;1;1000;26684;26654;0;0;111775;111775;27271
736;gov2;INVIDX;1000;4;1000;328710;328679;0;0;700745;6780156;329310
775;gov2;INVIDX;1000;8;1000;302857;302808;0;0;179050;29811472;303476
892;gov2;INVIDX;1000;4;1000;266469;266429;0;0;385075;5498004;267093
966;gov2;INVIDX;1000;2;1000;27822;27786;0;0;103572;104540;28409
1113;gov2;INVIDX;1000;2;1000;3091;3069;0;0;9236;9240;3650
1131;gov2;INVIDX;1000;3;1000;103883;103863;0;0;171276;3073113;104503
1180;gov2;INVIDX;1000;7;1000;143896;143842;0;0;107779;36485343;144525
1209;gov2;INVIDX;1000;6;1000;109414;109369;0;0;119257;16921925;110068
1235;gov2;INVIDX;1000;1;5;42;12;0;0;5;5;613
1243;gov2;INVIDX;1000;2;1000;16252;16234;0;0;65019;65032;16818
1248;gov2;INVIDX;1000;4;1000;58073;58049;0;0;143573;1504920;58701
1253;gov2;INVIDX;1000;1;1000;32727;32703;0;0;139925;139925;33340
1264;gov2;INVIDX;1000;3;1000;58766;58736;0;0;123765;1253923;59357
1286;gov2;INVIDX;1000;5;1000;200357;200320;0;0;394793;24733754;200951
1412;gov2;INVIDX;1000;2;1000;24321;24286;0;0;73985;513156;24917
1468;gov2;INVIDX;1000;3;1000;134373;134349;0;0;257720;5253276;134994
1550;gov2;INVIDX;1000;1;1000;2150;2121;0;0;8233;8233;2708
1551;gov2;INVIDX;1000;1;1000;20403;20390;0;0;81423;81423;21001
1613;gov2;INVIDX;1000;2;1000;28009;27987;0;0;47642;589954;28580
1661;gov2;INVIDX;1000;2;1000;46138;46118;0;0;188674;3810497;46772
1796;gov2;INVIDX;1000;2;1000;396329;396302;0;0;1853639;1854252;396977
1847;gov2;INVIDX;1000;5;1000;87382;87336;0;0;163063;1739824;88016
1903;gov2;INVIDX;1000;5;1000;170231;170190;0;0;247737;19173078;170875
1969;gov2;INVIDX;1000;2;1000;5645;5610;0;0;16548;16551;6197
2118;gov2;INVIDX;1000;4;1000;171725;171701;0;0;398101;5197383;172361
2146;gov2;INVIDX;1000;2;1000;101043;101007;0;0;397409;415344;101705
2217;gov2;INVIDX;1000;3;1000;39886;39848;0;0;78934;3487712;40503
2271;gov2;INVIDX;1000;2;1000;481341;481318;0;0;1500386;9987738;481977
2321;gov2;INVIDX;1000;4;1000;237588;237549;0;0;267174;33525262;238197
2343;gov2;INVIDX;1000;6;1000;159485;159441;0;0;153483;33242715;160091
2348;gov2;INVIDX;1000;3;1000;32962;32924;0;0;55585;4948303;33544
2383;gov2;INVIDX;1000;3;1000;68973;68948;0;0;221825;542580;69592
2388;gov2;INVIDX;1000;3;1000;116168;116131;0;0;345936;20590803;116767
2449;gov2;INVIDX;1000;3;1000;233314;233277;0;0;394414;24449143;233911
2550;gov2;INVIDX;1000;4;1000;54438;54397;0;0;110780;15832330;55039
2568;gov2;INVIDX;1000;5;1000;126746;126709;0;0;230243;15781428;127383
2602;gov2;INVIDX;1000;3;1000;44428;44391;0;0;80447;3002825;45022
2669;gov2;INVIDX;1000;3;1000;39983;39954;0;0;94054;2153432;40591
2761;gov2;INVIDX;1000;2;1000;1016;993;0;0;2349;2401;1594
2825;gov2;INVIDX;1000;2;1000;35826;35809;0;0;82117;1042850;36404
2826;gov2;INVIDX;1000;1;1000;6786;6767;0;0;23540;23540;7328
2828;gov2;INVIDX;1000;3;1000;52102;52081;0;0;87601;6294297;52703
3064;gov2;INVIDX;1000;1;54;62;39;0;0;54;54;629
3068;gov2;INVIDX;1000;1;615;278;264;0;0;615;615;826
3091;gov2;INVIDX;1000;5;1000;32806;32780;0;0;72507;476367;33370
3161;gov2;INVIDX;1000;1;1000;919;904;0;0;2165;2165;1470
3234;gov2;INVIDX;1000;4;1000;69765;69744;0;0;155927;18509782;70355
3281;gov2;INVIDX;1000;3;1000;95675;95644;0;0;199265;4936069;96304
3398;gov2;INVIDX;1000;1;1000;494901;494872;0;0;2780755;2780755;495525
3421;gov2;INVIDX;1000;5;1000;170560;170517;0;0;219769;20279719;171207
3443;gov2;INVIDX;1000;6;1000;170859;170814;0;0;120670;39725033;171528
3628;gov2;INVIDX;1000;3;1000;46067;46029;0;0;115249;717380;46677
3764;gov2;INVIDX;1000;1;1000;1262;1239;0;0;3578;3578;1825
3828;gov2;INVIDX;1000;2;1000;14541;14523;0;0;50451;50490;15120
3845;gov2;INVIDX;1000;2;1000;47806;47788;0;0;108893;3803573;48383
3895;gov2;INVIDX;1000;3;1000;22960;22928;0;0;58529;448336;23522
3942;gov2;INVIDX;1000;3;1000;42201;42178;0;0;128652;386874;42801
3950;gov2;INVIDX;1000;5;1000;116634;116598;0;0;132372;15152550;117235
3972;gov2;INVIDX;1000;2;1000;135483;135453;0;0;597428;630024;136140
4001;gov2;INVIDX;1000;5;1000;83491;83446;0;0;99086;20088696;84117
4151;gov2;INVIDX;1000;2;1000;4148;4115;0;0;12466;12468;4693
4153;gov2;INVIDX;1000;3;1000;59210;59189;0;0;132889;4199554;59801
4172;gov2;INVIDX;1000;2;1000;175641;175610;0;0;573751;10227323;176299
4212;gov2;INVIDX;1000;2;1000;10876;10840;0;0;35246;35272;11439
4234;gov2;INVIDX;1000;3;1000;68542;68521;0;0;227110;1062528;69136
4290;gov2;INVIDX;1000;1;1000;558;530;0;0;1122;1122;1124
4379;gov2;INVIDX;1000;4;1000;317309;317286;0;0;723092;11102522;317956
4521;gov2;INVIDX;1000;3;1000;39456;39419;0;0;77914;3940478;40041
4526;gov2;INVIDX;1000;2;1000;47167;47143;0;0;181363;181363;47799
4580;gov2;INVIDX;1000;2;1000;6860;6827;0;0;22246;22330;7414
4684;gov2;INVIDX;1000;1;59;57;43;0;0;59;59;622
4688;gov2;INVIDX;1000;3;1000;50549;50529;0;0;175191;226160;51165
4720;gov2;INVIDX;1000;1;27;53;26;0;0;27;27;614
4802;gov2;INVIDX;1000;2;1000;29326;29308;0;0;105306;105307;29927
4829;gov2;INVIDX;1000;1;9;37;15;0;0;9;9;615
4846;gov2;INVIDX;1000;3;1000;73373;73353;0;0;177592;2071701;73977
4855;gov2;INVIDX;1000;2;1000;16777;16747;0;0;56844;57045;17405
4942;gov2;INVIDX;1000;4;1000;59069;59046;0;0;104416;25189365;59711
5001;gov2;INVIDX;1000;1;1000;4559;4535;0;0;18881;18881;5116
5005;gov2;INVIDX;1000;3;1000;68179;68157;0;0;133373;3503012;68774
5016;gov2;INVIDX;1000;2;1000;73176;73146;0;0;162033;2076867;73758
5023;gov2;INVIDX;1000;3;1000;70999;70965;0;0;201995;18425669;71585
5036;gov2;INVIDX;1000;3;1000;53961;53925;0;0;109836;2280934;54570
5183;gov2;INVIDX;1000;2;1000;132969;132943;0;0;326400;4421727;133612
5209;gov2;INVIDX;1000;3;1000;123331;123293;0;0;169364;15780915;123953
5241;gov2;INVIDX;1000;2;1000;57396;57363;0;0;244658;1067459;57984
5274;gov2;INVIDX;1000;6;1000;190575;190533;0;0;191042;5968974;191142
5302;gov2;INVIDX;1000;2;1000;68867;68833;0;0;290099;761695;69446
5332;gov2;INVIDX;1000;3;1000;34133;34095;0;0;125544;603293;34663
5336;gov2;INVIDX;1000;2;1000;17520;17497;0;0;56595;57053;18021
5340;gov2;INVIDX;1000;3;1000;161653;161632;0;0;196861;23380838;162257
70;gov2;INVIDX;1000;2;1000;25722;25687;0;0;87091;177407;26300
211;gov2;INVIDX;1000;3;1000;49267;49239;0;0;115144;1124026;49864
257;gov2;INVIDX;1000;2;107;108;82;0;0;107;123;665
259;gov2;INVIDX;1000;3;1000;28990;28970;0;0;94741;96284;29587
450;gov2;INVIDX;1000;2;1000;10563;10540;0;0;34916;35057;11125
527;gov2;INVIDX;1000;2;1000;373836;373818;0;0;1749548;1853979;374484
591;gov2;INVIDX;1000;3;1000;40673;40635;0;0;143727;144521;41281
626;gov2;INVIDX;1000;2;1000;425816;425787;0;0;2028287;2028325;426489
717;gov2;INVIDX;1000;1;1000;26555;26524;0;0;111775;111775;27176
736;gov2;INVIDX;1000;4;1000;328782;328752;0;0;700745;6780156;329405
775;gov2;INVIDX;1000;8;1000;302797;302746;0;0;179050;29811472;303443
892;gov2;INVIDX;1000;4;1000;266544;266503;0;0;385075;5498004;267152
966;gov2;INVIDX;1000;2;1000;28095;28061;0;0;103572;104540;28692
1113;gov2;INVIDX;1000;2;1000;3120;3097;0;0;9236;9240;3655
1131;gov2;INVIDX;1000;3;1000;103914;103895;0;0;171276;3073113;104541
1180;gov2;INVIDX;1000;7;1000;143599;143554;0;0;107779;36485343;144223
1209;gov2;INVIDX;1000;6;1000;109418;109374;0;0;119257;16921925;110062
1235;gov2;INVIDX;1000;1;5;43;12;0;0;5;5;614
1243;gov2;INVIDX;1000;2;1000;16255;16237;0;0;65019;65032;16822
1248;gov2;INVIDX;1000;4;1000;58107;58083;0;0;143573;1504920;58709
1253;gov2;INVIDX;1000;1;1000;32824;32800;0;0;139925;139925;33448
1264;gov2;INVIDX;1000;3;1000;58715;58684;0;0;123765;1253923;59320
1286;gov2;INVIDX;1000;5;1000;200418;200382;0;0;394793;24733754;201025
1412;gov2;INVIDX;1000;2;1000;24575;24540;0;0;73985;513156;25161
1468;gov2;INVIDX;1000;3;1000;134289;134264;0;0;257720;5253276;134941
1550;gov2;INVIDX;1000;1;1000;2141;2110;0;0;8233;8233;2694
1551;gov2;INVIDX;1000;1;1000;20190;20176;0;0;81423;81423;20752
1613;gov2;INVIDX;1000;2;1000;27983;27961;0;0;47642;589954;28555
1661;gov2;INVIDX;1000;2;1000;46182;46161;0;0;188674;3810497;46792
1796;gov2;INVIDX;1000;2;1000;396887;396858;0;0;1853639;1854252;397522
1847;gov2;INVIDX;1000;5;1000;87221;87176;0;0;163063;1739824;87858
1903;gov2;INVIDX;1000;5;1000;169842;169802;0;0;247737;19173078;170487
1969;gov2;INVIDX;1000;2;1000;5643;5607;0;0;16548;16551;6214
2118;gov2;INVIDX;1000;4;1000;171584;171560;0;0;398101;5197383;172234
2146;gov2;INVIDX;1000;2;1000;101095;101060;0;0;397409;415344;101736
2217;gov2;INVIDX;1000;3;1000;39903;39864;0;0;78934;3487712;40499
2271;gov2;INVIDX;1000;2;1000;481799;481776;0;0;1500386;9987738;482448
2321;gov2;INVIDX;1000;4;1000;237447;237406;0;0;267174;33525262;238090
2343;gov2;INVIDX;1000;6;1000;159598;159551;0;0;153483;33242715;160218
2348;gov2;INVIDX;1000;3;1000;32959;32923;0;0;55585;4948303;33538
2383;gov2;INVIDX;1000;3;1000;68967;68931;0;0;221825;542580;69592
2388;gov2;INVIDX;1000;3;1000;116414;116378;0;0;345936;20590803;117062
2449;gov2;INVIDX;1000;3;1000;233060;233023;0;0;394414;24449143;233739
2550;gov2;INVIDX;1000;4;1000;54394;54353;0;0;110780;15832330;55022
2568;gov2;INVIDX;1000;5;1000;126690;126651;0;0;230243;15781428;127342
2602;gov2;INVIDX;1000;3;1000;44412;44375;0;0;80447;3002825;45019
2669;gov2;INVIDX;1000;3;1000;40021;39993;0;0;94054;2153432;40671
2761;gov2;INVIDX;1000;2;1000;1022;997;0;0;2349;2401;1576
2825;gov2;INVIDX;1000;2;1000;35844;35827;0;0;82117;1042850;36433
2826;gov2;INVIDX;1000;1;1000;6807;6787;0;0;23540;23540;7360
2828;gov2;INVIDX;1000;3;1000;52088;52067;0;0;87601;6294297;52685
3064;gov2;INVIDX;1000;1;54;62;39;0;0;54;54;623
3068;gov2;INVIDX;1000;1;615;277;263;0;0;615;615;835
3091;gov2;INVIDX;1000;5;1000;33526;33501;0;0;72507;476367;34080
3161;gov2;INVIDX;1000;1;1000;909;894;0;0;2165;2165;1459
3234;gov2;INVIDX;1000;4;1000;69961;69940;0;0;155927;18509782;70577
3281;gov2;INVIDX;1000;3;1000;95916;95882;0;0;199265;4936069;96570
3398;gov2;INVIDX;1000;1;1000;495542;495511;0;0;2780755;2780755;496189
3421;gov2;INVIDX;1000;5;1000;170497;170453;0;0;219769;20279719;171145
3443;gov2;INVIDX;1000;6;1000;171218;171173;0;0;120670;39725033;171872
3628;gov2;INVIDX;1000;3;1000;46060;46022;0;0;115249;717380;46671
3764;gov2;INVIDX;1000;1;1000;1265;1242;0;0;3578;3578;1825
3828;gov2;INVIDX;1000;2;1000;14571;14554;0;0;50451;50490;15127
3845;gov2;INVIDX;1000;2;1000;47647;47628;0;0;108893;3803573;48241
3895;gov2;INVIDX;1000;3;1000;22645;22615;0;0;58529;448336;23212
3942;gov2;INVIDX;1000;3;1000;42076;42052;0;0;128652;386874;42675
3950;gov2;INVIDX;1000;5;1000;116640;116605;0;0;132372;15152550;117273
3972;gov2;INVIDX;1000;2;1000;135544;135513;0;0;597428;630024;136196
4001;gov2;INVIDX;1000;5;1000;83297;83253;0;0;99086;20088696;83926
4151;gov2;INVIDX;1000;2;1000;4164;4130;0;0;12466;12468;4728
4153;gov2;INVIDX;1000;3;1000;59107;59086;0;0;132889;4199554;59719
4172;gov2;INVIDX;1000;2;1000;175547;175516;0;0;573751;10227323;176193
4212;gov2;INVIDX;1000;2;1000;10889;10853;0;0;35246;35272;11456
4234;gov2;INVIDX;1000;3;1000;68502;68481;0;0;227110;1062528;69111
4290;gov2;INVIDX;1000;1;1000;544;516;0;0;1122;1122;1105
4379;gov2;INVIDX;1000;4;1000;316591;316568;0;0;723092;11102522;317229
4521;gov2;INVIDX;1000;3;1000;39422;39385;0;0;77914;3940478;40026
4526;gov2;INVIDX;1000;2;1000;47150;47126;0;0;181363;181363;47779
4580;gov2;INVIDX;1000;2;1000;6854;6822;0;0;22246;22330;7422
4684;gov2;INVIDX;1000;1;59;57;42;0;0;59;59;609
4688;gov2;INVIDX;1000;3;1000;50910;50890;0;0;175191;226160;51521
4720;gov2;INVIDX;1000;1;27;55;27;0;0;27;27;620
4802;gov2;INVIDX;1000;2;1000;29520;29503;0;0;105306;105307;30112
4829;gov2;INVIDX;1000;1;9;36;14;0;0;9;9;603
4846;gov2;INVIDX;1000;3;1000;73398;73378;0;0;177592;2071701;74030
4855;gov2;INVIDX;1000;2;1000;16697;16666;0;0;56844;57045;17263
4942;gov2;INVIDX;1000;4;1000;58642;58618;0;0;104416;25189365;59244
5001;gov2;INVIDX;1000;1;1000;4565;4540;0;0;18881;18881;5116
5005;gov2;INVIDX;1000;3;1000;68259;68239;0;0;133373;3503012;68824
5016;gov2;INVIDX;1000;2;1000;73256;73228;0;0;162033;2076867;73890
5023;gov2;INVIDX;1000;3;1000;71103;71068;0;0;201995;18425669;71746
5036;gov2;INVIDX;1000;3;1000;53931;53894;0;0;109836;2280934;54539
5183;gov2;INVIDX;1000;2;1000;133061;133034;0;0;326400;4421727;133694
5209;gov2;INVIDX;1000;3;1000;123290;123252;0;0;169364;15780915;123933
5241;gov2;INVIDX;1000;2;1000;57798;57764;0;0;244658;1067459;58424
5274;gov2;INVIDX;1000;6;1000;190291;190248;0;0;191042;5968974;190930
5302;gov2;INVIDX;1000;2;1000;68901;68867;0;0;290099;761695;69536
5332;gov2;INVIDX;1000;3;1000;34103;34065;0;0;125544;603293;34711
5336;gov2;INVIDX;1000;2;1000;17483;17459;0;0;56595;57053;18065
5340;gov2;INVIDX;1000;3;1000;161444;161421;0;0;196861;23380838;162061
70;gov2;INVIDX;1000;2;1000;25735;25700;0;0;87091;177407;26334
211;gov2;INVIDX;1000;3;1000;49238;49210;0;0;115144;1124026;49832
257;gov2;INVIDX;1000;2;107;107;81;0;0;107;123;669
259;gov2;INVIDX;1000;3;1000;28977;28956;0;0;94741;96284;29563
450;gov2;INVIDX;1000;2;1000;10561;10538;0;0;34916;35057;11142
527;gov2;INVIDX;1000;2;1000;374339;374322;0;0;1749548;1853979;374968
591;gov2;INVIDX;1000;3;1000;40690;40652;0;0;143727;144521;41305
626;gov2;INVIDX;1000;2;1000;426184;426156;0;0;2028287;2028325;426845
717;gov2;INVIDX;1000;1;1000;26601;26570;0;0;111775;111775;27191
736;gov2;INVIDX;1000;4;1000;329303;329272;0;0;700745;6780156;329942
775;gov2;INVIDX;1000;8;1000;302675;302624;0;0;179050;29811472;303321
892;gov2;INVIDX;1000;4;1000;266135;266095;0;0;385075;5498004;266784
966;gov2;INVIDX;1000;2;1000;27808;27773;0;0;103572;104540;28388
1113;gov2;INVIDX;1000;2;1000;3085;3062;0;0;9236;9240;3658
1131;gov2;INVIDX;1000;3;1000;103985;103965;0;0;171276;3073113;104596
1180;gov2;INVIDX;1000;7;1000;143680;143637;0;0;107779;36485343;144286
1209;gov2;INVIDX;1000;6;1000;109478;109433;0;0;119257;16921925;110073
1235;gov2;INVIDX;1000;1;5;42;12;0;0;5;5;452
1243;gov2;INVIDX;1000;2;1000;16329;16302;0;0;65019;65032;16853
1248;gov2;INVIDX;1000;4;1000;58074;58050;0;0;143573;1504920;58623
1253;gov2;INVIDX;1000;1;1000;32728;32705;0;0;139925;139925;33248
1264;gov2;INVIDX;1000;3;1000;58720;58691;0;0;123765;1253923;59221
1286;gov2;INVIDX;1000;5;1000;200514;200473;0;0;394793;24733754;201091
1412;gov2;INVIDX;1000;2;1000;24310;24274;0;0;73985;513156;24843
1468;gov2;INVIDX;1000;3;1000;134258;134236;0;0;257720;5253276;134869
1550;gov2;INVIDX;1000;1;1000;2101;2069;0;0;8233;8233;2618
1551;gov2;INVIDX;1000;1;1000;20177;20165;0;0;81423;81423;20712
1613;gov2;INVIDX;1000;2;1000;27935;27917;0;0;47642;589954;28459
1661;gov2;INVIDX;1000;2;1000;46120;46101;0;0;188674;3810497;46692
1796;gov2;INVIDX;1000;2;1000;396884;396855;0;0;1853639;1854252;397487
1847;gov2;INVIDX;1000;5;1000;87203;87160;0;0;163063;1739824;87801
1903;gov2;INVIDX;1000;5;1000;170215;170174;0;0;247737;19173078;170871
1969;gov2;INVIDX;1000;2;1000;5642;5607;0;0;16548;16551;6183
2118;gov2;INVIDX;1000;4;1000;171685;171663;0;0;398101;5197383;172273
2146;gov2;INVIDX;1000;2;1000;101057;101022;0;0;397409;415344;101655
2217;gov2;INVIDX;1000;3;1000;39863;39824;0;0;78934;3487712;40424
2271;gov2;INVIDX;1000;2;1000;481791;481771;0;0;1500386;9987738;482405
2321;gov2;INVIDX;1000;4;1000;237542;237501;0;0;267174;33525262;238200
2343;gov2;INVIDX;1000;6;1000;159602;159556;0;0;153483;33242715;160242
2348;gov2;INVIDX;1000;3;1000;33078;33041;0;0;55585;4948303;33673
2383;gov2;INVIDX;1000;3;1000;68989;68964;0;0;221825;542580;69604
2388;gov2;INVIDX;1000;3;1000;116009;115972;0;0;345936;20590803;116634
2449;gov2;INVIDX;1000;3;1000;233067;233031;0;0;394414;24449143;233718
2550;gov2;INVIDX;1000;4;1000;54426;54385;0;0;110780;15832330;55059
2568;gov2;INVIDX;1000;5;1000;126706;126668;0;0;230243;15781428;127357
2602;gov2;INVIDX;1000;3;1000;44492;44455;0;0;80447;3002825;45079
2669;gov2;INVIDX;1000;3;1000;40267;40238;0;0;94054;2153432;40851
2761;gov2;INVIDX;1000;2;1000;1041;1016;0;0;2349;2401;1596
2825;gov2;INVIDX;1000;2;1000;36153;36136;0;0;82117;1042850;36725
2826;gov2;INVIDX;1000;1;1000;6919;6896;0;0;23540;23540;7474
2828;gov2;INVIDX;1000;3;1000;52346;52326;0;0;87601;6294297;52941
3064;gov2;INVIDX;1000;1;54;63;39;0;0;54;54;636
3068;gov2;INVIDX;1000;1;615;276;262;0;0;615;615;820
3091;gov2;INVIDX;1000;5;1000;32806;32780;0;0;72507;476367;33370
3161;gov2;INVIDX;1000;1;1000;914;898;0;0;2165;2165;1459
3234;gov2;INVIDX;1000;4;1000;69649;69628;0;0;155927;18509782;70274
3281;gov2;INVIDX;1000;3;1000;95762;95730;0;0;199265;4936069;96406
3398;gov2;INVIDX;1000;1;1000;495645;495614;0;0;2780755;2780755;496296
3421;gov2;INVIDX;1000;5;1000;170495;170451;0;0;219769;20279719;171127
3443;gov2;INVIDX;1000;6;1000;171204;171159;0;0;120670;39725033;171857
3628;gov2;INVIDX;1000;3;1000;45969;45931;0;0;115249;717380;46537
3764;gov2;INVIDX;1000;1;1000;1279;1255;0;0;3578;3578;1861
3828;gov2;INVIDX;1000;2;1000;14540;14521;0;0;50451;50490;15120
3845;gov2;INVIDX;1000;2;1000;47622;47603;0;0;108893;3803573;48220
3895;gov2;INVIDX;1000;3;1000;22634;22603;0;0;58529;448336;23206
3942;gov2;INVIDX;1000;3;1000;42049;42023;0;0;128652;386874;42655
3950;gov2;INVIDX;1000;5;1000;116593;116558;0;0;132372;15152550;117171
3972;gov2;INVIDX;1000;2;1000;135514;135485;0;0;597428;630024;136113
4001;gov2;INVIDX;1000;5;1000;83202;83159;0;0;99086;20088696;83810
4151;gov2;INVIDX;1000;2;1000;4156;4124;0;0;12466;12468;4707
4153;gov2;INVIDX;1000;3;1000;59048;59027;0;0;132889;4199554;59670
4172;gov2;INVIDX;1000;2;1000;175543;175514;0;0;573751;10227323;176178
4212;gov2;INVIDX;1000;2;1000;10876;10839;0;0;35246;35272;11424
4234;gov2;INVIDX;1000;3;1000;68504;68483;0;0;227110;1062528;69124
4290;gov2;INVIDX;1000;1;1000;544;517;0;0;1122;1122;1095
4379;gov2;INVIDX;1000;4;1000;316751;316728;0;0;723092;11102522;317369
4521;gov2;INVIDX;1000;3;1000;39579;39543;0;0;77914;3940478;40174
4526;gov2;INVIDX;1000;2;1000;47236;47211;0;0;181363;181363;47867
4580;gov2;INVIDX;1000;2;1000;6861;6829;0;0;22246;22330;7362
4684;gov2;INVIDX;1000;1;59;57;42;0;0;59;59;625
4688;gov2;INVIDX;1000;3;1000;50527;50506;0;0;175191;226160;51141
4720;gov2;INVIDX;1000;1;27;54;26;0;0;27;27;625
4802;gov2;INVIDX;1000;2;1000;29322;29304;0;0;105306;105307;29927
4829;gov2;INVIDX;1000;1;9;36;14;0;0;9;9;610
4846;gov2;INVIDX;1000;3;1000;73398;73378;0;0;177592;2071701;74024
4855;gov2;INVIDX;1000;2;1000;16717;16687;0;0;56844;57045;17256
4942;gov2;INVIDX;1000;4;1000;58606;58582;0;0;104416;25189365;59229
5001;gov2;INVIDX;1000;1;1000;4545;4520;0;0;18881;18881;5119
5005;gov2;INVIDX;1000;3;1000;68165;68144;0;0;133373;3503012;68779
5016;gov2;INVIDX;1000;2;1000;73237;73208;0;0;162033;2076867;73864
5023;gov2;INVIDX;1000;3;1000;71041;70989;0;0;201995;18425669;71680
5036;gov2;INVIDX;1000;3;1000;53929;53893;0;0;109836;2280934;54543
5183;gov2;INVIDX;1000;2;1000;133110;133084;0;0;326400;4421727;133746
5209;gov2;INVIDX;1000;3;1000;123606;123562;0;0;169364;15780915;124272
5241;gov2;INVIDX;1000;2;1000;57550;57517;0;0;244658;1067459;58240
5274;gov2;INVIDX;1000;6;1000;190185;190143;0;0;191042;5968974;190794
5302;gov2;INVIDX;1000;2;1000;68848;68813;0;0;290099;761695;69435
5332;gov2;INVIDX;1000;3;1000;34112;34075;0;0;125544;603293;34666
5336;gov2;INVIDX;1000;2;1000;17447;17425;0;0;56595;57053;17977
5340;gov2;INVIDX;1000;3;1000;161400;161377;0;0;196861;23380838;162024
