68;gov2;IDX_SAWIT;10;4;10;6669;6639;1650;50410357;0;0;8049
250;gov2;IDX_SAWIT;10;6;10;2813045;2813020;646242;50410357;0;0;2817422
503;gov2;IDX_SAWIT;10;4;10;83578;83545;27793;50410357;0;0;84225
561;gov2;IDX_SAWIT;10;8;10;3482794;3482744;751249;50410357;0;0;3488181
683;gov2;IDX_SAWIT;10;5;10;439906;439868;113852;50410357;0;0;440468
918;gov2;IDX_SAWIT;10;7;10;416724;416680;87708;50410357;0;0;417327
1153;gov2;IDX_SAWIT;10;5;10;144722;144690;37858;50410357;0;0;145269
1178;gov2;IDX_SAWIT;10;6;10;321105;321071;83268;50410357;0;0;321728
1206;gov2;IDX_SAWIT;10;4;10;1905193;1905154;604469;50410357;0;0;1909648
1394;gov2;IDX_SAWIT;10;5;5;1609;1566;299;50410357;0;0;2166
1465;gov2;IDX_SAWIT;10;3;10;56311;56291;20917;50410357;0;0;56948
1734;gov2;IDX_SAWIT;10;4;10;124613;124577;47368;50410357;0;0;125266
1847;gov2;IDX_SAWIT;10;4;10;1536349;1536313;496337;50410357;0;0;1540660
1984;gov2;IDX_SAWIT;10;2;10;17688;17659;7450;50410357;0;0;18204
2007;gov2;IDX_SAWIT;10;4;10;188057;188034;69736;50410357;0;0;188630
2127;gov2;IDX_SAWIT;10;9;10;175791;175749;28414;50410357;0;0;176392
2176;gov2;IDX_SAWIT;10;4;10;1614349;1614310;559856;50410357;0;0;1619177
2198;gov2;IDX_SAWIT;10;4;9;5300;5263;1303;50410357;0;0;5866
2203;gov2;IDX_SAWIT;10;2;10;313681;313663;165765;50410357;0;0;314316
2244;gov2;IDX_SAWIT;10;3;10;546890;546861;195428;50410357;0;0;547455
2388;gov2;IDX_SAWIT;10;2;10;33757;33731;18770;50410357;0;0;34357
2440;gov2;IDX_SAWIT;10;3;10;493305;493272;166823;50410357;0;0;493928
2653;gov2;IDX_SAWIT;10;5;10;501507;501475;128654;50410357;0;0;502070
2875;gov2;IDX_SAWIT;10;4;10;220323;220292;65264;50410357;0;0;220877
2896;gov2;IDX_SAWIT;10;3;10;833385;833357;290481;50410357;0;0;833923
3219;gov2;IDX_SAWIT;10;5;10;208442;208407;61161;50410357;0;0;209000
3414;gov2;IDX_SAWIT;10;4;10;383564;383530;136797;50410357;0;0;384181
3605;gov2;IDX_SAWIT;10;4;10;521512;521475;177050;50410357;0;0;522206
3622;gov2;IDX_SAWIT;10;4;10;352515;352479;121615;50410357;0;0;353170
3768;gov2;IDX_SAWIT;10;4;10;153540;153502;53810;50410357;0;0;154209
3910;gov2;IDX_SAWIT;10;6;10;150710;150668;33743;50410357;0;0;151376
3931;gov2;IDX_SAWIT;10;4;10;4425372;4425336;1539091;50410357;0;0;4720365
4257;gov2;IDX_SAWIT;10;2;10;21055;21012;8093;50410357;0;0;21606
4314;gov2;IDX_SAWIT;10;3;10;15844;15816;6972;50410357;0;0;16397
4411;gov2;IDX_SAWIT;10;3;10;881365;881337;320756;50410357;0;0;882046
4415;gov2;IDX_SAWIT;10;3;10;187907;187869;70934;50410357;0;0;188593
4448;gov2;IDX_SAWIT;10;6;10;1508366;1508324;355140;50410357;0;0;1509063
4523;gov2;IDX_SAWIT;10;9;10;3703415;3703365;649268;50410357;0;0;3708401
4572;gov2;IDX_SAWIT;10;5;10;430845;430801;123838;50410357;0;0;431542
4708;gov2;IDX_SAWIT;10;3;10;121739;121703;46713;50410357;0;0;122442
4712;gov2;IDX_SAWIT;10;2;10;23093;23059;12826;50410357;0;0;23731
4720;gov2;IDX_SAWIT;10;3;10;4929;4898;1849;50410357;0;0;5512
4727;gov2;IDX_SAWIT;10;5;10;169726;169698;43592;50410357;0;0;170417
4740;gov2;IDX_SAWIT;10;3;8;24613;24576;8070;50410357;0;0;25279
4875;gov2;IDX_SAWIT;10;2;10;131650;131620;64288;50410357;0;0;132355
4956;gov2;IDX_SAWIT;10;3;10;766638;766601;304546;50410357;0;0;770448
4983;gov2;IDX_SAWIT;10;9;10;427178;427127;77311;50410357;0;0;427914
5013;gov2;IDX_SAWIT;10;3;10;33052;33016;13771;50410357;0;0;33738
5017;gov2;IDX_SAWIT;10;5;10;233875;233834;68167;50410357;0;0;234571
5138;gov2;IDX_SAWIT;10;3;0;320;284;18;50410357;0;0;908
5258;gov2;IDX_SAWIT;10;6;10;754963;754936;181781;50410357;0;0;755680
5884;gov2;IDX_SAWIT;10;6;10;2419874;2419831;546428;50410357;0;0;2420575
5927;gov2;IDX_SAWIT;10;16;2;32153;32084;3756;50410357;0;0;32857
5941;gov2;IDX_SAWIT;10;3;10;8971;8934;3341;50410357;0;0;9552
5971;gov2;IDX_SAWIT;10;12;10;119600;119556;17552;50410357;0;0;120243
6062;gov2;IDX_SAWIT;10;4;10;118540;118502;32807;50410357;0;0;119184
6161;gov2;IDX_SAWIT;10;3;10;66970;66933;23761;50410357;0;0;67643
6480;gov2;IDX_SAWIT;10;2;10;22043;22010;10662;50410357;0;0;22696
6785;gov2;IDX_SAWIT;10;3;10;147245;147215;49699;50410357;0;0;147949
6811;gov2;IDX_SAWIT;10;5;10;2011191;2011148;486197;50410357;0;0;2011900
7005;gov2;IDX_SAWIT;10;4;10;230857;230819;86191;50410357;0;0;231548
7078;gov2;IDX_SAWIT;10;5;10;922339;922298;213762;50410357;0;0;923062
7172;gov2;IDX_SAWIT;10;2;10;603813;603779;284944;50410357;0;0;607503
7188;gov2;IDX_SAWIT;10;4;10;373611;373570;128522;50410357;0;0;374302
7211;gov2;IDX_SAWIT;10;4;10;292453;292417;85238;50410357;0;0;293183
7450;gov2;IDX_SAWIT;10;8;10;535679;535632;109082;50410357;0;0;536340
7552;gov2;IDX_SAWIT;10;3;10;45404;45368;14568;50410357;0;0;46127
7635;gov2;IDX_SAWIT;10;1;10;619;589;347;50410357;0;0;1204
7712;gov2;IDX_SAWIT;10;5;10;38302;38276;9648;50410357;0;0;38982
7956;gov2;IDX_SAWIT;10;2;10;30692;30659;15469;50410357;0;0;31366
8018;gov2;IDX_SAWIT;10;6;10;186379;186338;43040;50410357;0;0;187110
8847;gov2;IDX_SAWIT;10;2;10;88534;88501;45203;50410357;0;0;89210
8946;gov2;IDX_SAWIT;10;6;4;26386;26342;5743;50410357;0;0;27083
8961;gov2;IDX_SAWIT;10;5;10;9178;9139;2201;50410357;0;0;9772
9061;gov2;IDX_SAWIT;10;3;10;631750;631729;228290;50410357;0;0;632408
9178;gov2;IDX_SAWIT;10;4;10;371390;371351;128179;50410357;0;0;372029
9275;gov2;IDX_SAWIT;10;4;10;286242;286212;98780;50410357;0;0;286862
9523;gov2;IDX_SAWIT;10;5;10;3354940;3354901;851107;50410357;0;0;3482676
9527;gov2;IDX_SAWIT;10;6;10;643209;643156;170343;50410357;0;0;643933
9535;gov2;IDX_SAWIT;10;3;10;318664;318627;110751;50410357;0;0;319368
9540;gov2;IDX_SAWIT;10;4;10;49307;49268;15360;50410357;0;0;49986
9726;gov2;IDX_SAWIT;10;2;10;114951;114916;59266;50410357;0;0;115643
9730;gov2;IDX_SAWIT;10;7;10;792437;792391;172039;50410357;0;0;793133
9839;gov2;IDX_SAWIT;10;4;10;1236666;1236627;369182;50410357;0;0;1237379
9840;gov2;IDX_SAWIT;10;3;10;716892;716854;265710;50410357;0;0;717603
9866;gov2;IDX_SAWIT;10;4;10;50942;50903;17787;50410357;0;0;51634
9950;gov2;IDX_SAWIT;10;3;10;40090;40053;14926;50410357;0;0;40755
9957;gov2;IDX_SAWIT;10;2;10;22898;22867;13900;50410357;0;0;23446
9977;gov2;IDX_SAWIT;10;3;10;7018;6990;2847;50410357;0;0;7602
9991;gov2;IDX_SAWIT;10;9;2;390933;390896;60176;50410357;0;0;391637
10021;gov2;IDX_SAWIT;10;4;10;451044;451004;157240;50410357;0;0;451759
10063;gov2;IDX_SAWIT;10;3;10;302648;302611;103807;50410357;0;0;303359
10139;gov2;IDX_SAWIT;10;3;10;23633;23597;9566;50410357;0;0;24302
10231;gov2;IDX_SAWIT;10;8;10;5653;5608;1086;50410357;0;0;6244
10395;gov2;IDX_SAWIT;10;3;10;35997;35975;15439;50410357;0;0;36685
10397;gov2;IDX_SAWIT;10;6;10;367693;367652;95727;50410357;0;0;368385
10470;gov2;IDX_SAWIT;10;4;10;968929;968889;328780;50410357;0;0;973028
11060;gov2;IDX_SAWIT;10;2;10;107070;107036;57607;50410357;0;0;107770
11077;gov2;IDX_SAWIT;10;3;10;178518;178481;60367;50410357;0;0;179239
11155;gov2;IDX_SAWIT;10;5;1;2150;2109;439;50410357;0;0;2747
68;gov2;IDX_SAWIT;10;4;10;5480;5457;1650;50410357;0;0;6064
250;gov2;IDX_SAWIT;10;6;10;2815729;2815702;646242;50410357;0;0;2820196
503;gov2;IDX_SAWIT;10;4;10;88548;88509;27793;50410357;0;0;89247
561;gov2;IDX_SAWIT;10;8;10;3474719;3474668;751249;50410357;0;0;3480270
683;gov2;IDX_SAWIT;10;5;10;468815;468771;113852;50410357;0;0;469530
918;gov2;IDX_SAWIT;10;7;10;417652;417607;87708;50410357;0;0;418397
1153;gov2;IDX_SAWIT;10;5;10;145161;145120;37858;50410357;0;0;145835
1178;gov2;IDX_SAWIT;10;6;10;321775;321732;83268;50410357;0;0;322419
1206;gov2;IDX_SAWIT;10;4;10;1906205;1906166;604469;50410357;0;0;1910667
1394;gov2;IDX_SAWIT;10;5;5;1623;1579;299;50410357;0;0;2206
1465;gov2;IDX_SAWIT;10;3;10;56802;56782;20917;50410357;0;0;57394
1734;gov2;IDX_SAWIT;10;4;10;123377;123341;47368;50410357;0;0;123993
1847;gov2;IDX_SAWIT;10;4;10;1537925;1537886;496337;50410357;0;0;1542315
1984;gov2;IDX_SAWIT;10;2;10;17715;17680;7450;50410357;0;0;18362
2007;gov2;IDX_SAWIT;10;4;10;188467;188437;69736;50410357;0;0;189122
2127;gov2;IDX_SAWIT;10;9;10;176482;176429;28414;50410357;0;0;177192
2176;gov2;IDX_SAWIT;10;4;10;1616574;1616535;559856;50410357;0;0;1621410
2198;gov2;IDX_SAWIT;10;4;9;5308;5269;1303;50410357;0;0;5864
2203;gov2;IDX_SAWIT;10;2;10;312766;312746;165765;50410357;0;0;313472
2244;gov2;IDX_SAWIT;10;3;10;545235;545199;195428;50410357;0;0;545932
2388;gov2;IDX_SAWIT;10;2;10;33828;33795;18770;50410357;0;0;34477
2440;gov2;IDX_SAWIT;10;3;10;491522;491488;166823;50410357;0;0;492164
2653;gov2;IDX_SAWIT;10;5;10;500249;500210;128654;50410357;0;0;500872
2875;gov2;IDX_SAWIT;10;4;10;215963;215931;65264;50410357;0;0;216559
2896;gov2;IDX_SAWIT;10;3;10;836408;836370;290481;50410357;0;0;837107
3219;gov2;IDX_SAWIT;10;5;10;219752;219710;61161;50410357;0;0;220461
3414;gov2;IDX_SAWIT;10;4;10;401388;401348;136797;50410357;0;0;402078
3605;gov2;IDX_SAWIT;10;4;10;520128;520091;177050;50410357;0;0;520855
3622;gov2;IDX_SAWIT;10;4;10;351333;351296;121615;50410357;0;0;352008
3768;gov2;IDX_SAWIT;10;4;10;151178;151139;53810;50410357;0;0;151861
3910;gov2;IDX_SAWIT;10;6;10;151204;151162;33743;50410357;0;0;151876
3931;gov2;IDX_SAWIT;10;4;10;4415083;4415047;1539091;50410357;0;0;4709374
4257;gov2;IDX_SAWIT;10;2;10;17390;17346;8093;50410357;0;0;18014
4314;gov2;IDX_SAWIT;10;3;10;15325;15301;6972;50410357;0;0;15931
4411;gov2;IDX_SAWIT;10;3;10;882929;882905;320756;50410357;0;0;883642
4415;gov2;IDX_SAWIT;10;3;10;187408;187370;70934;50410357;0;0;188123
4448;gov2;IDX_SAWIT;10;6;10;1496064;1496021;355140;50410357;0;0;1496758
4523;gov2;IDX_SAWIT;10;9;10;3714214;3714163;649268;50410357;0;0;3714907
4572;gov2;IDX_SAWIT;10;5;10;427732;427690;123838;50410357;0;0;428432
4708;gov2;IDX_SAWIT;10;3;10;118535;118498;46713;50410357;0;0;119215
4712;gov2;IDX_SAWIT;10;2;10;23148;23114;12826;50410357;0;0;23773
4720;gov2;IDX_SAWIT;10;3;10;4945;4914;1849;50410357;0;0;5520
4727;gov2;IDX_SAWIT;10;5;10;167296;167269;43592;50410357;0;0;167988
4740;gov2;IDX_SAWIT;10;3;8;24657;24621;8070;50410357;0;0;25316
4875;gov2;IDX_SAWIT;10;2;10;129117;129087;64288;50410357;0;0;129806
4956;gov2;IDX_SAWIT;10;3;10;766887;766851;304546;50410357;0;0;770712
4983;gov2;IDX_SAWIT;10;9;10;427500;427449;77311;50410357;0;0;428223
5013;gov2;IDX_SAWIT;10;3;10;32929;32893;13771;50410357;0;0;33612
5017;gov2;IDX_SAWIT;10;5;10;234048;234007;68167;50410357;0;0;234783
5138;gov2;IDX_SAWIT;10;3;0;318;283;18;50410357;0;0;844
5258;gov2;IDX_SAWIT;10;6;10;755201;755175;181781;50410357;0;0;755866
5884;gov2;IDX_SAWIT;10;6;10;2409548;2409503;546428;50410357;0;0;2413852
5927;gov2;IDX_SAWIT;10;16;2;32141;32071;3756;50410357;0;0;32833
5941;gov2;IDX_SAWIT;10;3;10;8959;8922;3341;50410357;0;0;9544
5971;gov2;IDX_SAWIT;10;12;10;118269;118225;17552;50410357;0;0;118993
6062;gov2;IDX_SAWIT;10;4;10;118795;118756;32807;50410357;0;0;119506
6161;gov2;IDX_SAWIT;10;3;10;66541;66504;23761;50410357;0;0;67259
6480;gov2;IDX_SAWIT;10;2;10;21937;21903;10662;50410357;0;0;22564
6785;gov2;IDX_SAWIT;10;3;10;147764;147735;49699;50410357;0;0;148468
6811;gov2;IDX_SAWIT;10;5;10;2007795;2007753;486197;50410357;0;0;2008413
7005;gov2;IDX_SAWIT;10;4;10;230229;230190;86191;50410357;0;0;230935
7078;gov2;IDX_SAWIT;10;5;10;923794;923752;213762;50410357;0;0;924507
7172;gov2;IDX_SAWIT;10;2;10;603779;603745;284944;50410357;0;0;607481
7188;gov2;IDX_SAWIT;10;4;10;375765;375726;128522;50410357;0;0;376422
7211;gov2;IDX_SAWIT;10;4;10;293901;293863;85238;50410357;0;0;294575
7450;gov2;IDX_SAWIT;10;8;10;537237;537191;109082;50410357;0;0;537898
7552;gov2;IDX_SAWIT;10;3;10;45410;45374;14568;50410357;0;0;46121
7635;gov2;IDX_SAWIT;10;1;10;614;585;347;50410357;0;0;1180
7712;gov2;IDX_SAWIT;10;5;10;38378;38351;9648;50410357;0;0;39055
7956;gov2;IDX_SAWIT;10;2;10;30689;30657;15469;50410357;0;0;31346
8018;gov2;IDX_SAWIT;10;6;10;186215;186174;43040;50410357;0;0;186894
8847;gov2;IDX_SAWIT;10;2;10;88814;88780;45203;50410357;0;0;89503
8946;gov2;IDX_SAWIT;10;6;4;26479;26434;5743;50410357;0;0;27188
8961;gov2;IDX_SAWIT;10;5;10;9182;9140;2201;50410357;0;0;9766
9061;gov2;IDX_SAWIT;10;3;10;630789;630767;228290;50410357;0;0;631456
9178;gov2;IDX_SAWIT;10;4;10;373012;372975;128179;50410357;0;0;373626
9275;gov2;IDX_SAWIT;10;4;10;286591;286560;98780;50410357;0;0;287205
9523;gov2;IDX_SAWIT;10;5;10;3282067;3282026;851107;50410357;0;0;3409267
9527;gov2;IDX_SAWIT;10;6;10;638988;638934;170343;50410357;0;0;639708
9535;gov2;IDX_SAWIT;10;3;10;319835;319798;110751;50410357;0;0;320550
9540;gov2;IDX_SAWIT;10;4;10;49459;49421;15360;50410357;0;0;50171
9726;gov2;IDX_SAWIT;10;2;10;116392;116357;59266;50410357;0;0;117089
9730;gov2;IDX_SAWIT;10;7;10;791762;791715;172039;50410357;0;0;792471
9839;gov2;IDX_SAWIT;10;4;10;1235705;1235666;369182;50410357;0;0;1236416
9840;gov2;IDX_SAWIT;10;3;10;717193;717157;265710;50410357;0;0;717888
9866;gov2;IDX_SAWIT;10;4;10;51010;50970;17787;50410357;0;0;51705
9950;gov2;IDX_SAWIT;10;3;10;39967;39930;14926;50410357;0;0;40689
9957;gov2;IDX_SAWIT;10;2;10;22874;22843;13900;50410357;0;0;23443
9977;gov2;IDX_SAWIT;10;3;10;7013;6985;2847;50410357;0;0;7586
9991;gov2;IDX_SAWIT;10;9;2;389484;389448;60176;50410357;0;0;390199
10021;gov2;IDX_SAWIT;10;4;10;447262;447223;157240;50410357;0;0;447906
10063;gov2;IDX_SAWIT;10;3;10;303504;303466;103807;50410357;0;0;304206
10139;gov2;IDX_SAWIT;10;3;10;23656;23620;9566;50410357;0;0;24323
10231;gov2;IDX_SAWIT;10;8;10;5639;5595;1086;50410357;0;0;6227
10395;gov2;IDX_SAWIT;10;3;10;35965;35944;15439;50410357;0;0;36637
10397;gov2;IDX_SAWIT;10;6;10;367947;367906;95727;50410357;0;0;368562
10470;gov2;IDX_SAWIT;10;4;10;966837;966798;328780;50410357;0;0;970929
11060;gov2;IDX_SAWIT;10;2;10;107341;107307;57607;50410357;0;0;108056
11077;gov2;IDX_SAWIT;10;3;10;178780;178744;60367;50410357;0;0;179507
11155;gov2;IDX_SAWIT;10;5;1;2162;2121;439;50410357;0;0;2755
68;gov2;IDX_SAWIT;10;4;10;5484;5461;1650;50410357;0;0;6067
250;gov2;IDX_SAWIT;10;6;10;2830212;2830185;646242;50410357;0;0;2830908
503;gov2;IDX_SAWIT;10;4;10;88536;88498;27793;50410357;0;0;89257
561;gov2;IDX_SAWIT;10;8;10;3460758;3460708;751249;50410357;0;0;3461452
683;gov2;IDX_SAWIT;10;5;10;469396;469353;113852;50410357;0;0;470100
918;gov2;IDX_SAWIT;10;7;10;423526;423481;87708;50410357;0;0;424235
1153;gov2;IDX_SAWIT;10;5;10;146874;146834;37858;50410357;0;0;147512
1178;gov2;IDX_SAWIT;10;6;10;323767;323725;83268;50410357;0;0;324400
1206;gov2;IDX_SAWIT;10;4;10;1909035;1908997;604469;50410357;0;0;1913536
1394;gov2;IDX_SAWIT;10;5;5;1612;1569;299;50410357;0;0;2193
1465;gov2;IDX_SAWIT;10;3;10;56342;56321;20917;50410357;0;0;57029
1734;gov2;IDX_SAWIT;10;4;10;120731;120692;47368;50410357;0;0;121439
1847;gov2;IDX_SAWIT;10;4;10;1530160;1530122;496337;50410357;0;0;1534577
1984;gov2;IDX_SAWIT;10;2;10;17713;17679;7450;50410357;0;0;18316
2007;gov2;IDX_SAWIT;10;4;10;190663;190633;69736;50410357;0;0;191356
2127;gov2;IDX_SAWIT;10;9;10;176162;176112;28414;50410357;0;0;176748
2176;gov2;IDX_SAWIT;10;4;10;1618567;1618531;559856;50410357;0;0;1623295
2198;gov2;IDX_SAWIT;10;4;9;5317;5279;1303;50410357;0;0;5871
2203;gov2;IDX_SAWIT;10;2;10;311856;311838;165765;50410357;0;0;312518
2244;gov2;IDX_SAWIT;10;3;10;543571;543535;195428;50410357;0;0;544240
2388;gov2;IDX_SAWIT;10;2;10;33821;33789;18770;50410357;0;0;34482
2440;gov2;IDX_SAWIT;10;3;10;490843;490799;166823;50410357;0;0;491425
2653;gov2;IDX_SAWIT;10;5;10;499441;499402;128654;50410357;0;0;499991
2875;gov2;IDX_SAWIT;10;4;10;214809;214779;65264;50410357;0;0;215409
2896;gov2;IDX_SAWIT;10;3;10;835484;835448;290481;50410357;0;0;836217
3219;gov2;IDX_SAWIT;10;5;10;217987;217946;61161;50410357;0;0;218647
3414;gov2;IDX_SAWIT;10;4;10;401865;401827;136797;50410357;0;0;402501
3605;gov2;IDX_SAWIT;10;4;10;519898;519860;177050;50410357;0;0;520558
3622;gov2;IDX_SAWIT;10;4;10;350751;350720;121615;50410357;0;0;351352
3768;gov2;IDX_SAWIT;10;4;10;150969;150932;53810;50410357;0;0;151626
3910;gov2;IDX_SAWIT;10;6;10;150910;150868;33743;50410357;0;0;151602
3931;gov2;IDX_SAWIT;10;4;10;4411934;4411897;1539091;50410357;0;0;4706037
4257;gov2;IDX_SAWIT;10;2;10;17995;17951;8093;50410357;0;0;18596
4314;gov2;IDX_SAWIT;10;3;10;15340;15315;6972;50410357;0;0;15941
4411;gov2;IDX_SAWIT;10;3;10;884767;884743;320756;50410357;0;0;885484
4415;gov2;IDX_SAWIT;10;3;10;191441;191403;70934;50410357;0;0;192138
4448;gov2;IDX_SAWIT;10;6;10;1485176;1485134;355140;50410357;0;0;1485882
4523;gov2;IDX_SAWIT;10;9;10;3709841;3709791;649268;50410357;0;0;3710541
4572;gov2;IDX_SAWIT;10;5;10;429758;429716;123838;50410357;0;0;430459
4708;gov2;IDX_SAWIT;10;3;10;120435;120398;46713;50410357;0;0;121139
4712;gov2;IDX_SAWIT;10;2;10;23120;23087;12826;50410357;0;0;23753
4720;gov2;IDX_SAWIT;10;3;10;4935;4904;1849;50410357;0;0;5496
4727;gov2;IDX_SAWIT;10;5;10;169485;169458;43592;50410357;0;0;170141
4740;gov2;IDX_SAWIT;10;3;8;24625;24589;8070;50410357;0;0;25306
4875;gov2;IDX_SAWIT;10;2;10;131902;131871;64288;50410357;0;0;132599
4956;gov2;IDX_SAWIT;10;3;10;765313;765276;304546;50410357;0;0;769123
4983;gov2;IDX_SAWIT;10;9;10;427524;427472;77311;50410357;0;0;428246
5013;gov2;IDX_SAWIT;10;3;10;32907;32871;13771;50410357;0;0;33612
5017;gov2;IDX_SAWIT;10;5;10;233349;233309;68167;50410357;0;0;234036
5138;gov2;IDX_SAWIT;10;3;0;321;285;18;50410357;0;0;906
5258;gov2;IDX_SAWIT;10;6;10;754255;754227;181781;50410357;0;0;754971
5884;gov2;IDX_SAWIT;10;6;10;2405571;2405527;546428;50410357;0;0;2409860
5927;gov2;IDX_SAWIT;10;16;2;32160;32090;3756;50410357;0;0;32863
5941;gov2;IDX_SAWIT;10;3;10;8966;8929;3341;50410357;0;0;9548
5971;gov2;IDX_SAWIT;10;12;10;119090;119046;17552;50410357;0;0;119781
6062;gov2;IDX_SAWIT;10;4;10;119210;119171;32807;50410357;0;0;119926
6161;gov2;IDX_SAWIT;10;3;10;66768;66731;23761;50410357;0;0;67464
6480;gov2;IDX_SAWIT;10;2;10;21956;21922;10662;50410357;0;0;22592
6785;gov2;IDX_SAWIT;10;3;10;148189;148160;49699;50410357;0;0;148888
6811;gov2;IDX_SAWIT;10;5;10;2008026;2007983;486197;50410357;0;0;2008680
7005;gov2;IDX_SAWIT;10;4;10;230857;230820;86191;50410357;0;0;231513
7078;gov2;IDX_SAWIT;10;5;10;927661;927619;213762;50410357;0;0;928388
7172;gov2;IDX_SAWIT;10;2;10;604871;604837;284944;50410357;0;0;608550
7188;gov2;IDX_SAWIT;10;4;10;374488;374449;128522;50410357;0;0;375151
7211;gov2;IDX_SAWIT;10;4;10;304136;304097;85238;50410357;0;0;304854
7450;gov2;IDX_SAWIT;10;8;10;535447;535399;109082;50410357;0;0;536150
7552;gov2;IDX_SAWIT;10;3;10;45415;45378;14568;50410357;0;0;46126
7635;gov2;IDX_SAWIT;10;1;10;624;594;347;50410357;0;0;1206
7712;gov2;IDX_SAWIT;10;5;10;38372;38346;9648;50410357;0;0;39056
7956;gov2;IDX_SAWIT;10;2;10;30733;30700;15469;50410357;0;0;31369
8018;gov2;IDX_SAWIT;10;6;10;185640;185599;43040;50410357;0;0;186328
8847;gov2;IDX_SAWIT;10;2;10;88533;88498;45203;50410357;0;0;89236
8946;gov2;IDX_SAWIT;10;6;4;26475;26430;5743;50410357;0;0;27162
8961;gov2;IDX_SAWIT;10;5;10;9180;9139;2201;50410357;0;0;9742
9061;gov2;IDX_SAWIT;10;3;10;630848;630827;228290;50410357;0;0;631531
9178;gov2;IDX_SAWIT;10;4;10;371751;371713;128179;50410357;0;0;372426
9275;gov2;IDX_SAWIT;10;4;10;285716;285680;98780;50410357;0;0;286338
9523;gov2;IDX_SAWIT;10;5;10;3262060;3262028;851107;50410357;0;0;3389778
9527;gov2;IDX_SAWIT;10;6;10;639294;639238;170343;50410357;0;0;640064
9535;gov2;IDX_SAWIT;10;3;10;321432;321396;110751;50410357;0;0;322075
9540;gov2;IDX_SAWIT;10;4;10;49503;49464;15360;50410357;0;0;50244
9726;gov2;IDX_SAWIT;10;2;10;116068;116034;59266;50410357;0;0;116768
9730;gov2;IDX_SAWIT;10;7;10;792011;791965;172039;50410357;0;0;792713
9839;gov2;IDX_SAWIT;10;4;10;1235913;1235874;369182;50410357;0;0;1236612
9840;gov2;IDX_SAWIT;10;3;10;718618;718581;265710;50410357;0;0;719342
9866;gov2;IDX_SAWIT;10;4;10;51032;50994;17787;50410357;0;0;51744
9950;gov2;IDX_SAWIT;10;3;10;39994;39957;14926;50410357;0;0;40701
9957;gov2;IDX_SAWIT;10;2;10;22876;22842;13900;50410357;0;0;23526
9977;gov2;IDX_SAWIT;10;3;10;7008;6982;2847;50410357;0;0;7561
9991;gov2;IDX_SAWIT;10;9;2;388897;388859;60176;50410357;0;0;389622
10021;gov2;IDX_SAWIT;10;4;10;448105;448065;157240;50410357;0;0;448815
10063;gov2;IDX_SAWIT;10;3;10;304785;304748;103807;50410357;0;0;305484
10139;gov2;IDX_SAWIT;10;3;10;23628;23592;9566;50410357;0;0;24285
10231;gov2;IDX_SAWIT;10;8;10;5632;5587;1086;50410357;0;0;6259
10395;gov2;IDX_SAWIT;10;3;10;36003;35981;15439;50410357;0;0;36754
10397;gov2;IDX_SAWIT;10;6;10;367775;367734;95727;50410357;0;0;368492
10470;gov2;IDX_SAWIT;10;4;10;968661;968621;328780;50410357;0;0;972728
11060;gov2;IDX_SAWIT;10;2;10;106417;106384;57607;50410357;0;0;107125
11077;gov2;IDX_SAWIT;10;3;10;178434;178398;60367;50410357;0;0;179087
11155;gov2;IDX_SAWIT;10;5;1;2148;2107;439;50410357;0;0;2729
68;gov2;IDX_SAWIT;100;4;13;5935;5904;1654;50410357;0;0;7145
250;gov2;IDX_SAWIT;100;6;100;3339695;3339668;741879;50410357;0;0;3340210
503;gov2;IDX_SAWIT;100;4;100;93655;93623;30546;50410357;0;0;94156
561;gov2;IDX_SAWIT;100;8;100;4388213;4388164;892946;50410357;0;0;4393609
683;gov2;IDX_SAWIT;100;5;100;575486;575447;141273;50410357;0;0;576023
918;gov2;IDX_SAWIT;100;7;28;419334;419294;87934;50410357;0;0;419915
1153;gov2;IDX_SAWIT;100;5;100;264012;263979;62306;50410357;0;0;264530
1178;gov2;IDX_SAWIT;100;6;100;410188;410151;100256;50410357;0;0;410702
1206;gov2;IDX_SAWIT;100;4;100;2432198;2432167;742618;50410357;0;0;2436260
1394;gov2;IDX_SAWIT;100;5;5;1515;1475;299;50410357;0;0;1854
1465;gov2;IDX_SAWIT;100;3;100;156143;156130;51805;50410357;0;0;156649
1734;gov2;IDX_SAWIT;100;4;100;265608;265574;91449;50410357;0;0;266066
1847;gov2;IDX_SAWIT;100;4;100;1917953;1917920;622265;50410357;0;0;1922011
1984;gov2;IDX_SAWIT;100;2;12;18123;18091;7890;50410357;0;0;18635
2007;gov2;IDX_SAWIT;100;4;100;397207;397181;123779;50410357;0;0;397864
2127;gov2;IDX_SAWIT;100;9;100;186256;186206;30094;50410357;0;0;186928
2176;gov2;IDX_SAWIT;100;4;100;2235031;2234994;751456;50410357;0;0;2235580
2198;gov2;IDX_SAWIT;100;4;9;92018;91985;1303;50410357;0;0;92482
2203;gov2;IDX_SAWIT;100;2;100;387713;387681;214825;50410357;0;0;388179
2244;gov2;IDX_SAWIT;100;3;100;747997;747964;263080;50410357;0;0;748460
2388;gov2;IDX_SAWIT;100;2;100;53524;53494;29665;50410357;0;0;53995
2440;gov2;IDX_SAWIT;100;3;100;619762;619730;208301;50410357;0;0;620229
2653;gov2;IDX_SAWIT;100;5;100;681200;681168;167627;50410357;0;0;681704
2875;gov2;IDX_SAWIT;100;4;100;356293;356258;100195;50410357;0;0;356757
2896;gov2;IDX_SAWIT;100;3;100;988065;988033;341901;50410357;0;0;988534
3219;gov2;IDX_SAWIT;100;5;100;627151;627114;156413;50410357;0;0;627632
3414;gov2;IDX_SAWIT;100;4;100;636349;636314;205472;50410357;0;0;636812
3605;gov2;IDX_SAWIT;100;4;100;809010;808977;273102;50410357;0;0;809473
3622;gov2;IDX_SAWIT;100;4;100;617295;617262;202299;50410357;0;0;617760
3768;gov2;IDX_SAWIT;100;4;100;284892;284858;90192;50410357;0;0;285352
3910;gov2;IDX_SAWIT;100;6;35;143336;143298;33951;50410357;0;0;143796
3931;gov2;IDX_SAWIT;100;4;100;6274836;6274802;2012063;50410357;0;0;6614956
4257;gov2;IDX_SAWIT;100;2;100;44125;44077;17981;50410357;0;0;44823
4314;gov2;IDX_SAWIT;100;3;100;35406;35371;14242;50410357;0;0;36071
4411;gov2;IDX_SAWIT;100;3;100;1231860;1231826;419902;50410357;0;0;1235611
4415;gov2;IDX_SAWIT;100;3;100;366433;366394;111641;50410357;0;0;367146
4448;gov2;IDX_SAWIT;100;6;100;1858370;1858328;427412;50410357;0;0;1859124
4523;gov2;IDX_SAWIT;100;9;100;4301069;4301019;756809;50410357;0;0;4305987
4572;gov2;IDX_SAWIT;100;5;100;972709;972667;227799;50410357;0;0;973402
4708;gov2;IDX_SAWIT;100;3;100;205402;205365;70887;50410357;0;0;206105
4712;gov2;IDX_SAWIT;100;2;100;39879;39845;20434;50410357;0;0;40518
4720;gov2;IDX_SAWIT;100;3;100;10713;10679;3931;50410357;0;0;11281
4727;gov2;IDX_SAWIT;100;5;100;239756;239730;61119;50410357;0;0;240415
4740;gov2;IDX_SAWIT;100;3;8;24730;24693;8070;50410357;0;0;25379
4875;gov2;IDX_SAWIT;100;2;100;227943;227912;100891;50410357;0;0;228657
4956;gov2;IDX_SAWIT;100;3;100;941579;941541;371689;50410357;0;0;945533
4983;gov2;IDX_SAWIT;100;9;100;525609;525558;89268;50410357;0;0;526343
5013;gov2;IDX_SAWIT;100;3;100;82681;82645;31855;50410357;0;0;83375
5017;gov2;IDX_SAWIT;100;5;100;572773;572722;138502;50410357;0;0;573466
5138;gov2;IDX_SAWIT;100;3;0;317;283;18;50410357;0;0;855
5258;gov2;IDX_SAWIT;100;6;100;1009707;1009680;228581;50410357;0;0;1010353
5884;gov2;IDX_SAWIT;100;6;100;2902628;2902584;621918;50410357;0;0;2903275
5927;gov2;IDX_SAWIT;100;16;2;32154;32086;3756;50410357;0;0;32866
5941;gov2;IDX_SAWIT;100;3;100;27661;27625;9548;50410357;0;0;28288
5971;gov2;IDX_SAWIT;100;12;100;144340;144285;21098;50410357;0;0;144905
6062;gov2;IDX_SAWIT;100;4;23;125267;125237;34255;50410357;0;0;125826
6161;gov2;IDX_SAWIT;100;3;100;139799;139763;46499;50410357;0;0;140466
6480;gov2;IDX_SAWIT;100;2;100;47454;47419;21205;50410357;0;0;48070
6785;gov2;IDX_SAWIT;100;3;100;204092;204064;64124;50410357;0;0;204596
6811;gov2;IDX_SAWIT;100;5;100;2292351;2292318;547404;50410357;0;0;2292852
7005;gov2;IDX_SAWIT;100;4;100;331725;331691;128488;50410357;0;0;332193
7078;gov2;IDX_SAWIT;100;5;100;1013718;1013682;248215;50410357;0;0;1014254
7172;gov2;IDX_SAWIT;100;2;100;852384;852353;407189;50410357;0;0;856005
7188;gov2;IDX_SAWIT;100;4;100;529062;529021;167818;50410357;0;0;529639
7211;gov2;IDX_SAWIT;100;4;100;386132;386102;104710;50410357;0;0;386641
7450;gov2;IDX_SAWIT;100;8;100;778634;778595;152026;50410357;0;0;779156
7552;gov2;IDX_SAWIT;100;3;79;58372;58343;17962;50410357;0;0;58938
7635;gov2;IDX_SAWIT;100;1;100;3687;3658;2364;50410357;0;0;4232
7712;gov2;IDX_SAWIT;100;5;53;60274;60249;14258;50410357;0;0;60831
7956;gov2;IDX_SAWIT;100;2;100;57189;57162;25518;50410357;0;0;57741
8018;gov2;IDX_SAWIT;100;6;53;202445;202402;46275;50410357;0;0;203052
8847;gov2;IDX_SAWIT;100;2;100;140816;140789;72113;50410357;0;0;141330
8946;gov2;IDX_SAWIT;100;6;4;26408;26373;5743;50410357;0;0;26915
8961;gov2;IDX_SAWIT;100;5;23;9422;9389;2267;50410357;0;0;9832
9061;gov2;IDX_SAWIT;100;3;100;983053;983039;325537;50410357;0;0;983525
9178;gov2;IDX_SAWIT;100;4;100;578211;578179;179568;50410357;0;0;578721
9275;gov2;IDX_SAWIT;100;4;100;369665;369636;128068;50410357;0;0;370146
9523;gov2;IDX_SAWIT;100;5;100;4418522;4418486;1176136;50410357;0;0;4571556
9527;gov2;IDX_SAWIT;100;6;100;821002;820951;207373;50410357;0;0;821630
9535;gov2;IDX_SAWIT;100;3;100;451317;451287;147937;50410357;0;0;451880
9540;gov2;IDX_SAWIT;100;4;11;49513;49476;15365;50410357;0;0;50128
9726;gov2;IDX_SAWIT;100;2;100;167539;167506;83173;50410357;0;0;168113
9730;gov2;IDX_SAWIT;100;7;100;819048;819012;175378;50410357;0;0;819564
9839;gov2;IDX_SAWIT;100;4;100;1440477;1440446;410367;50410357;0;0;1440935
9840;gov2;IDX_SAWIT;100;3;100;992891;992858;374511;50410357;0;0;996320
9866;gov2;IDX_SAWIT;100;4;100;98748;98707;34196;50410357;0;0;99269
9950;gov2;IDX_SAWIT;100;3;100;62901;62871;23449;50410357;0;0;63438
9957;gov2;IDX_SAWIT;100;2;100;45114;45088;24861;50410357;0;0;45623
9977;gov2;IDX_SAWIT;100;3;100;23059;23031;8662;50410357;0;0;23591
9991;gov2;IDX_SAWIT;100;9;2;383043;382997;60176;50410357;0;0;383694
10021;gov2;IDX_SAWIT;100;4;100;627374;627342;212357;50410357;0;0;627887
10063;gov2;IDX_SAWIT;100;3;100;456563;456534;149607;50410357;0;0;457067
10139;gov2;IDX_SAWIT;100;3;100;81754;81725;28577;50410357;0;0;82262
10231;gov2;IDX_SAWIT;100;8;100;13659;13619;2677;50410357;0;0;14085
10395;gov2;IDX_SAWIT;100;3;100;120129;120111;40151;50410357;0;0;120617
10397;gov2;IDX_SAWIT;100;6;100;730754;730719;169232;50410357;0;0;731237
10470;gov2;IDX_SAWIT;100;4;100;1237299;1237265;425987;50410357;0;0;1241089
11060;gov2;IDX_SAWIT;100;2;100;204144;204113;103870;50410357;0;0;204660
11077;gov2;IDX_SAWIT;100;3;100;307761;307728;95328;50410357;0;0;308317
11155;gov2;IDX_SAWIT;100;5;1;2142;2110;439;50410357;0;0;2548
68;gov2;IDX_SAWIT;100;4;13;5471;5456;1654;50410357;0;0;5842
250;gov2;IDX_SAWIT;100;6;100;3317808;3317789;741879;50410357;0;0;3318257
503;gov2;IDX_SAWIT;100;4;100;93115;93084;30546;50410357;0;0;93563
561;gov2;IDX_SAWIT;100;8;100;4274615;4274571;892946;50410357;0;0;4279890
683;gov2;IDX_SAWIT;100;5;100;575386;575347;141273;50410357;0;0;575876
918;gov2;IDX_SAWIT;100;7;28;396430;396390;87934;50410357;0;0;396886
1153;gov2;IDX_SAWIT;100;5;100;248175;248142;62306;50410357;0;0;248621
1178;gov2;IDX_SAWIT;100;6;100;386688;386651;100256;50410357;0;0;387140
1206;gov2;IDX_SAWIT;100;4;100;2381693;2381662;742618;50410357;0;0;2385716
1394;gov2;IDX_SAWIT;100;5;5;1513;1474;299;50410357;0;0;1859
1465;gov2;IDX_SAWIT;100;3;100;156090;156077;51805;50410357;0;0;156601
1734;gov2;IDX_SAWIT;100;4;100;282278;282240;91449;50410357;0;0;282892
1847;gov2;IDX_SAWIT;100;4;100;2012795;2012764;622265;50410357;0;0;2016878
1984;gov2;IDX_SAWIT;100;2;12;18115;18082;7890;50410357;0;0;18641
2007;gov2;IDX_SAWIT;100;4;100;396262;396229;123779;50410357;0;0;396850
2127;gov2;IDX_SAWIT;100;9;100;186201;186161;30094;50410357;0;0;186719
2176;gov2;IDX_SAWIT;100;4;100;2205266;2205235;751456;50410357;0;0;2205764
2198;gov2;IDX_SAWIT;100;4;9;92167;92133;1303;50410357;0;0;92625
2203;gov2;IDX_SAWIT;100;2;100;388119;388089;214825;50410357;0;0;388586
2244;gov2;IDX_SAWIT;100;3;100;747932;747899;263080;50410357;0;0;748409
2388;gov2;IDX_SAWIT;100;2;100;53522;53491;29665;50410357;0;0;54025
2440;gov2;IDX_SAWIT;100;3;100;655606;655571;208301;50410357;0;0;656215
2653;gov2;IDX_SAWIT;100;5;100;720624;720583;167627;50410357;0;0;721236
2875;gov2;IDX_SAWIT;100;4;100;373017;372986;100195;50410357;0;0;373569
2896;gov2;IDX_SAWIT;100;3;100;1037738;1037708;341901;50410357;0;0;1038224
3219;gov2;IDX_SAWIT;100;5;100;628446;628410;156413;50410357;0;0;628889
3414;gov2;IDX_SAWIT;100;4;100;635810;635776;205472;50410357;0;0;636269
3605;gov2;IDX_SAWIT;100;4;100;810243;810210;273102;50410357;0;0;810742
3622;gov2;IDX_SAWIT;100;4;100;615584;615551;202299;50410357;0;0;616062
3768;gov2;IDX_SAWIT;100;4;100;284863;284828;90192;50410357;0;0;285314
3910;gov2;IDX_SAWIT;100;6;35;143175;143138;33951;50410357;0;0;143629
3931;gov2;IDX_SAWIT;100;4;100;6281545;6281511;2012063;50410357;0;0;6613364
4257;gov2;IDX_SAWIT;100;2;100;42814;42771;17981;50410357;0;0;43508
4314;gov2;IDX_SAWIT;100;3;100;35372;35336;14242;50410357;0;0;36074
4411;gov2;IDX_SAWIT;100;3;100;1232339;1232305;419902;50410357;0;0;1236076
4415;gov2;IDX_SAWIT;100;3;100;365749;365710;111641;50410357;0;0;366466
4448;gov2;IDX_SAWIT;100;6;100;1858381;1858338;427412;50410357;0;0;1859125
4523;gov2;IDX_SAWIT;100;9;100;4272482;4272432;756809;50410357;0;0;4273139
4572;gov2;IDX_SAWIT;100;5;100;976996;976954;227799;50410357;0;0;977761
4708;gov2;IDX_SAWIT;100;3;100;213122;213086;70887;50410357;0;0;213844
4712;gov2;IDX_SAWIT;100;2;100;40149;40115;20434;50410357;0;0;40815
4720;gov2;IDX_SAWIT;100;3;100;10703;10667;3931;50410357;0;0;11338
4727;gov2;IDX_SAWIT;100;5;100;243995;243967;61119;50410357;0;0;244645
4740;gov2;IDX_SAWIT;100;3;8;24744;24709;8070;50410357;0;0;25406
4875;gov2;IDX_SAWIT;100;2;100;231238;231208;100891;50410357;0;0;231951
4956;gov2;IDX_SAWIT;100;3;100;941569;941533;371689;50410357;0;0;945512
4983;gov2;IDX_SAWIT;100;9;100;522979;522927;89268;50410357;0;0;523672
5013;gov2;IDX_SAWIT;100;3;100;82443;82407;31855;50410357;0;0;83093
5017;gov2;IDX_SAWIT;100;5;100;572639;572596;138502;50410357;0;0;573384
5138;gov2;IDX_SAWIT;100;3;0;322;285;18;50410357;0;0;920
5258;gov2;IDX_SAWIT;100;6;100;1023451;1023424;228581;50410357;0;0;1024084
5884;gov2;IDX_SAWIT;100;6;100;2856353;2856310;621918;50410357;0;0;2856959
5927;gov2;IDX_SAWIT;100;16;2;32119;32050;3756;50410357;0;0;32844
5941;gov2;IDX_SAWIT;100;3;100;27672;27636;9548;50410357;0;0;28256
5971;gov2;IDX_SAWIT;100;12;100;143232;143178;21098;50410357;0;0;143813
6062;gov2;IDX_SAWIT;100;4;23;125140;125109;34255;50410357;0;0;125589
6161;gov2;IDX_SAWIT;100;3;100;139736;139707;46499;50410357;0;0;140261
6480;gov2;IDX_SAWIT;100;2;100;47498;47466;21205;50410357;0;0;48068
6785;gov2;IDX_SAWIT;100;3;100;203531;203498;64124;50410357;0;0;204142
6811;gov2;IDX_SAWIT;100;5;100;2311099;2311058;547404;50410357;0;0;2311614
7005;gov2;IDX_SAWIT;100;4;100;330597;330563;128488;50410357;0;0;331018
7078;gov2;IDX_SAWIT;100;5;100;1014984;1014952;248215;50410357;0;0;1015401
7172;gov2;IDX_SAWIT;100;2;100;851001;850970;407189;50410357;0;0;854539
7188;gov2;IDX_SAWIT;100;4;100;500165;500129;167818;50410357;0;0;500739
7211;gov2;IDX_SAWIT;100;4;100;365050;365019;104710;50410357;0;0;365460
7450;gov2;IDX_SAWIT;100;8;100;734920;734881;152026;50410357;0;0;735411
7552;gov2;IDX_SAWIT;100;3;79;58413;58378;17962;50410357;0;0;58968
7635;gov2;IDX_SAWIT;100;1;100;3667;3643;2364;50410357;0;0;4066
7712;gov2;IDX_SAWIT;100;5;53;60281;60256;14258;50410357;0;0;60795
7956;gov2;IDX_SAWIT;100;2;100;56388;56361;25518;50410357;0;0;56843
8018;gov2;IDX_SAWIT;100;6;53;202012;201969;46275;50410357;0;0;202588
8847;gov2;IDX_SAWIT;100;2;100;139618;139590;72113;50410357;0;0;140086
8946;gov2;IDX_SAWIT;100;6;4;26404;26367;5743;50410357;0;0;26854
8961;gov2;IDX_SAWIT;100;5;23;9371;9339;2267;50410357;0;0;9727
9061;gov2;IDX_SAWIT;100;3;100;978177;978163;325537;50410357;0;0;978602
9178;gov2;IDX_SAWIT;100;4;100;575317;575286;179568;50410357;0;0;575785
9275;gov2;IDX_SAWIT;100;4;100;369674;369643;128068;50410357;0;0;370126
9523;gov2;IDX_SAWIT;100;5;100;4405317;4405282;1176136;50410357;0;0;4558374
9527;gov2;IDX_SAWIT;100;6;100;822597;822544;207373;50410357;0;0;823266
9535;gov2;IDX_SAWIT;100;3;100;451556;451520;147937;50410357;0;0;452149
9540;gov2;IDX_SAWIT;100;4;11;49546;49509;15365;50410357;0;0;50126
9726;gov2;IDX_SAWIT;100;2;100;168093;168059;83173;50410357;0;0;168708
9730;gov2;IDX_SAWIT;100;7;100;818588;818544;175378;50410357;0;0;819238
9839;gov2;IDX_SAWIT;100;4;100;1468564;1468526;410367;50410357;0;0;1469170
9840;gov2;IDX_SAWIT;100;3;100;1048847;1048812;374511;50410357;0;0;1052493
9866;gov2;IDX_SAWIT;100;4;100;104520;104487;34196;50410357;0;0;105067
9950;gov2;IDX_SAWIT;100;3;100;62977;62939;23449;50410357;0;0;63530
9957;gov2;IDX_SAWIT;100;2;100;45126;45099;24861;50410357;0;0;45610
9977;gov2;IDX_SAWIT;100;3;100;23057;23029;8662;50410357;0;0;23488
9991;gov2;IDX_SAWIT;100;9;2;382858;382821;60176;50410357;0;0;383328
10021;gov2;IDX_SAWIT;100;4;100;628039;628007;212357;50410357;0;0;628517
10063;gov2;IDX_SAWIT;100;3;100;456542;456512;149607;50410357;0;0;457003
10139;gov2;IDX_SAWIT;100;3;100;81675;81645;28577;50410357;0;0;82192
10231;gov2;IDX_SAWIT;100;8;100;13654;13607;2677;50410357;0;0;14199
10395;gov2;IDX_SAWIT;100;3;100;120261;120238;40151;50410357;0;0;120792
10397;gov2;IDX_SAWIT;100;6;100;755510;755475;169232;50410357;0;0;755985
10470;gov2;IDX_SAWIT;100;4;100;1296111;1296079;425987;50410357;0;0;1299921
11060;gov2;IDX_SAWIT;100;2;100;216100;216066;103870;50410357;0;0;216721
11077;gov2;IDX_SAWIT;100;3;100;311115;311085;95328;50410357;0;0;311623
11155;gov2;IDX_SAWIT;100;5;1;2130;2096;439;50410357;0;0;2535
68;gov2;IDX_SAWIT;100;4;13;5448;5433;1654;50410357;0;0;5813
250;gov2;IDX_SAWIT;100;6;100;3313811;3313793;741879;50410357;0;0;3314263
503;gov2;IDX_SAWIT;100;4;100;93127;93094;30546;50410357;0;0;93568
561;gov2;IDX_SAWIT;100;8;100;4276674;4276630;892946;50410357;0;0;4281894
683;gov2;IDX_SAWIT;100;5;100;574411;574376;141273;50410357;0;0;574923
918;gov2;IDX_SAWIT;100;7;28;418409;418364;87934;50410357;0;0;418960
1153;gov2;IDX_SAWIT;100;5;100;263443;263410;62306;50410357;0;0;263914
1178;gov2;IDX_SAWIT;100;6;100;409866;409830;100256;50410357;0;0;410338
1206;gov2;IDX_SAWIT;100;4;100;2437798;2437766;742618;50410357;0;0;2441836
1394;gov2;IDX_SAWIT;100;5;5;1516;1476;299;50410357;0;0;1814
1465;gov2;IDX_SAWIT;100;3;100;153786;153772;51805;50410357;0;0;154172
1734;gov2;IDX_SAWIT;100;4;100;265949;265914;91449;50410357;0;0;266368
1847;gov2;IDX_SAWIT;100;4;100;1921828;1921795;622265;50410357;0;0;1925855
1984;gov2;IDX_SAWIT;100;2;12;18135;18102;7890;50410357;0;0;18545
2007;gov2;IDX_SAWIT;100;4;100;375398;375370;123779;50410357;0;0;375793
2127;gov2;IDX_SAWIT;100;9;100;175130;175086;30094;50410357;0;0;175546
2176;gov2;IDX_SAWIT;100;4;100;2125871;2125836;751456;50410357;0;0;2126290
2198;gov2;IDX_SAWIT;100;4;9;94407;94374;1303;50410357;0;0;94840
2203;gov2;IDX_SAWIT;100;2;100;387056;387026;214825;50410357;0;0;387480
2244;gov2;IDX_SAWIT;100;3;100;747463;747425;263080;50410357;0;0;747880
2388;gov2;IDX_SAWIT;100;2;100;53480;53450;29665;50410357;0;0;53958
2440;gov2;IDX_SAWIT;100;3;100;656653;656624;208301;50410357;0;0;657234
2653;gov2;IDX_SAWIT;100;5;100;720261;720228;167627;50410357;0;0;720721
2875;gov2;IDX_SAWIT;100;4;100;372244;372213;100195;50410357;0;0;372710
2896;gov2;IDX_SAWIT;100;3;100;1000744;1000715;341901;50410357;0;0;1001199
3219;gov2;IDX_SAWIT;100;5;100;626576;626538;156413;50410357;0;0;626998
3414;gov2;IDX_SAWIT;100;4;100;635306;635271;205472;50410357;0;0;635717
3605;gov2;IDX_SAWIT;100;4;100;811465;811431;273102;50410357;0;0;811886
3622;gov2;IDX_SAWIT;100;4;100;618064;618030;202299;50410357;0;0;618488
3768;gov2;IDX_SAWIT;100;4;100;283410;283375;90192;50410357;0;0;283825
3910;gov2;IDX_SAWIT;100;6;35;143256;143219;33951;50410357;0;0;143670
3931;gov2;IDX_SAWIT;100;4;100;6267666;6267632;2012063;50410357;0;0;6600057
4257;gov2;IDX_SAWIT;100;2;100;44573;44529;17981;50410357;0;0;45223
4314;gov2;IDX_SAWIT;100;3;100;35568;35533;14242;50410357;0;0;36231
4411;gov2;IDX_SAWIT;100;3;100;1232942;1232908;419902;50410357;0;0;1236631
4415;gov2;IDX_SAWIT;100;3;100;365299;365261;111641;50410357;0;0;365979
4448;gov2;IDX_SAWIT;100;6;100;1858213;1858177;427412;50410357;0;0;1858794
4523;gov2;IDX_SAWIT;100;9;100;4261316;4261266;756809;50410357;0;0;4261950
4572;gov2;IDX_SAWIT;100;5;100;976068;976025;227799;50410357;0;0;976719
4708;gov2;IDX_SAWIT;100;3;100;213620;213582;70887;50410357;0;0;214251
4712;gov2;IDX_SAWIT;100;2;100;39916;39882;20434;50410357;0;0;40531
4720;gov2;IDX_SAWIT;100;3;100;10755;10720;3931;50410357;0;0;11301
4727;gov2;IDX_SAWIT;100;5;100;242964;242936;61119;50410357;0;0;243594
4740;gov2;IDX_SAWIT;100;3;8;24746;24710;8070;50410357;0;0;25369
4875;gov2;IDX_SAWIT;100;2;100;230340;230309;100891;50410357;0;0;230981
4956;gov2;IDX_SAWIT;100;3;100;941656;941619;371689;50410357;0;0;945636
4983;gov2;IDX_SAWIT;100;9;100;522266;522214;89268;50410357;0;0;522901
5013;gov2;IDX_SAWIT;100;3;100;82680;82644;31855;50410357;0;0;83346
5017;gov2;IDX_SAWIT;100;5;100;572870;572828;138502;50410357;0;0;573558
5138;gov2;IDX_SAWIT;100;3;0;323;286;18;50410357;0;0;875
5258;gov2;IDX_SAWIT;100;6;100;1025731;1025704;228581;50410357;0;0;1026329
5884;gov2;IDX_SAWIT;100;6;100;2854117;2854074;621918;50410357;0;0;2854703
5927;gov2;IDX_SAWIT;100;16;2;32116;32047;3756;50410357;0;0;32691
5941;gov2;IDX_SAWIT;100;3;100;27663;27627;9548;50410357;0;0;28250
5971;gov2;IDX_SAWIT;100;12;100;143527;143474;21098;50410357;0;0;144128
6062;gov2;IDX_SAWIT;100;4;23;125403;125365;34255;50410357;0;0;126055
6161;gov2;IDX_SAWIT;100;3;100;139969;139934;46499;50410357;0;0;140609
6480;gov2;IDX_SAWIT;100;2;100;47480;47447;21205;50410357;0;0;48097
6785;gov2;IDX_SAWIT;100;3;100;203677;203642;64124;50410357;0;0;204292
6811;gov2;IDX_SAWIT;100;5;100;2308887;2308846;547404;50410357;0;0;2309459
7005;gov2;IDX_SAWIT;100;4;100;349768;349730;128488;50410357;0;0;350292
7078;gov2;IDX_SAWIT;100;5;100;1077676;1077644;248215;50410357;0;0;1078148
7172;gov2;IDX_SAWIT;100;2;100;881545;881518;407189;50410357;0;0;885115
7188;gov2;IDX_SAWIT;100;4;100;500628;500594;167818;50410357;0;0;501045
7211;gov2;IDX_SAWIT;100;4;100;364354;364321;104710;50410357;0;0;364866
7450;gov2;IDX_SAWIT;100;8;100;778976;778929;152026;50410357;0;0;779551
7552;gov2;IDX_SAWIT;100;3;79;58381;58352;17962;50410357;0;0;58897
7635;gov2;IDX_SAWIT;100;1;100;3698;3668;2364;50410357;0;0;4196
7712;gov2;IDX_SAWIT;100;5;53;60271;60246;14258;50410357;0;0;60772
7956;gov2;IDX_SAWIT;100;2;100;56171;56144;25518;50410357;0;0;56694
8018;gov2;IDX_SAWIT;100;6;53;201996;201953;46275;50410357;0;0;202544
8847;gov2;IDX_SAWIT;100;2;100;139466;139440;72113;50410357;0;0;139890
8946;gov2;IDX_SAWIT;100;6;4;26390;26355;5743;50410357;0;0;26836
8961;gov2;IDX_SAWIT;100;5;23;9415;9382;2267;50410357;0;0;9773
9061;gov2;IDX_SAWIT;100;3;100;977898;977884;325537;50410357;0;0;978331
9178;gov2;IDX_SAWIT;100;4;100;575471;575440;179568;50410357;0;0;576005
9275;gov2;IDX_SAWIT;100;4;100;386946;386908;128068;50410357;0;0;387541
9523;gov2;IDX_SAWIT;100;5;100;4497331;4497297;1176136;50410357;0;0;4649954
9527;gov2;IDX_SAWIT;100;6;100;825921;825868;207373;50410357;0;0;826522
9535;gov2;IDX_SAWIT;100;3;100;451302;451272;147937;50410357;0;0;451761
9540;gov2;IDX_SAWIT;100;4;11;49464;49434;15365;50410357;0;0;49975
9726;gov2;IDX_SAWIT;100;2;100;168144;168111;83173;50410357;0;0;168712
9730;gov2;IDX_SAWIT;100;7;100;818858;818822;175378;50410357;0;0;819335
9839;gov2;IDX_SAWIT;100;4;100;1447794;1447763;410367;50410357;0;0;1448252
9840;gov2;IDX_SAWIT;100;3;100;992162;992130;374511;50410357;0;0;995545
9866;gov2;IDX_SAWIT;100;4;100;98664;98628;34196;50410357;0;0;99134
9950;gov2;IDX_SAWIT;100;3;100;62990;62958;23449;50410357;0;0;63435
9957;gov2;IDX_SAWIT;100;2;100;45204;45178;24861;50410357;0;0;45730
9977;gov2;IDX_SAWIT;100;3;100;23150;23115;8662;50410357;0;0;23808
9991;gov2;IDX_SAWIT;100;9;2;382972;382923;60176;50410357;0;0;383579
10021;gov2;IDX_SAWIT;100;4;100;627982;627951;212357;50410357;0;0;628502
10063;gov2;IDX_SAWIT;100;3;100;456805;456768;149607;50410357;0;0;457328
10139;gov2;IDX_SAWIT;100;3;100;81844;81816;28577;50410357;0;0;82308
10231;gov2;IDX_SAWIT;100;8;100;13657;13617;2677;50410357;0;0;14104
10395;gov2;IDX_SAWIT;100;3;100;120795;120771;40151;50410357;0;0;121329
10397;gov2;IDX_SAWIT;100;6;100;754604;754569;169232;50410357;0;0;755062
10470;gov2;IDX_SAWIT;100;4;100;1295782;1295749;425987;50410357;0;0;1299559
11060;gov2;IDX_SAWIT;100;2;100;203913;203885;103870;50410357;0;0;204316
11077;gov2;IDX_SAWIT;100;3;100;289289;289258;95328;50410357;0;0;289722
11155;gov2;IDX_SAWIT;100;5;1;2039;2003;439;50410357;0;0;2406
68;gov2;IDX_SAWIT;1000;4;13;5809;5779;1654;50410357;0;0;6786
250;gov2;IDX_SAWIT;1000;6;1000;3783230;3783203;811456;50410357;0;0;3787804
503;gov2;IDX_SAWIT;1000;4;174;101284;101243;31173;50410357;0;0;101787
561;gov2;IDX_SAWIT;1000;8;1000;5108541;5108500;990280;50410357;0;0;5114076
683;gov2;IDX_SAWIT;1000;5;1000;731417;731383;167185;50410357;0;0;731815
918;gov2;IDX_SAWIT;1000;7;28;407126;407091;87934;50410357;0;0;407619
1153;gov2;IDX_SAWIT;1000;5;426;394017;393975;83211;50410357;0;0;394580
1178;gov2;IDX_SAWIT;1000;6;1000;596558;596523;133160;50410357;0;0;596988
1206;gov2;IDX_SAWIT;1000;4;1000;3143591;3143560;893564;50410357;0;0;3147778
1394;gov2;IDX_SAWIT;1000;5;5;1511;1476;299;50410357;0;0;1807
1465;gov2;IDX_SAWIT;1000;3;681;182214;182200;59762;50410357;0;0;182569
1734;gov2;IDX_SAWIT;1000;4;1000;479279;479249;151058;50410357;0;0;479705
1847;gov2;IDX_SAWIT;1000;4;1000;2918977;2918946;848322;50410357;0;0;2923150
1984;gov2;IDX_SAWIT;1000;2;12;18136;18109;7890;50410357;0;0;18488
2007;gov2;IDX_SAWIT;1000;4;1000;766519;766490;212745;50410357;0;0;766920
2127;gov2;IDX_SAWIT;1000;9;221;176249;176208;30322;50410357;0;0;176650
2176;gov2;IDX_SAWIT;1000;4;1000;3103852;3103821;1003567;50410357;0;0;3204163
2198;gov2;IDX_SAWIT;1000;4;9;6669;6622;1303;50410357;0;0;7232
2203;gov2;IDX_SAWIT;1000;2;1000;926402;926382;448908;50410357;0;0;930543
2244;gov2;IDX_SAWIT;1000;3;1000;1101657;1101618;350484;50410357;0;0;1102257
2388;gov2;IDX_SAWIT;1000;2;1000;170849;170815;79425;50410357;0;0;171465
2440;gov2;IDX_SAWIT;1000;3;1000;795565;795529;244471;50410357;0;0;796167
2653;gov2;IDX_SAWIT;1000;5;1000;830583;830542;187301;50410357;0;0;831188
2875;gov2;IDX_SAWIT;1000;4;1000;474203;474164;127571;50410357;0;0;474805
2896;gov2;IDX_SAWIT;1000;3;1000;1422239;1422203;442117;50410357;0;0;1422840
3219;gov2;IDX_SAWIT;1000;5;1000;793167;793125;183453;50410357;0;0;793773
3414;gov2;IDX_SAWIT;1000;4;1000;917683;917645;265917;50410357;0;0;918291
3605;gov2;IDX_SAWIT;1000;4;1000;1491466;1491427;426457;50410357;0;0;1492063
3622;gov2;IDX_SAWIT;1000;4;1000;1174327;1174290;330305;50410357;0;0;1174926
3768;gov2;IDX_SAWIT;1000;4;1000;481716;481676;130764;50410357;0;0;482315
3910;gov2;IDX_SAWIT;1000;6;35;152709;152665;33951;50410357;0;0;153346
3931;gov2;IDX_SAWIT;1000;4;1000;8448223;8448184;2576332;50410357;0;0;8832642
4257;gov2;IDX_SAWIT;1000;2;336;82271;82226;32157;50410357;0;0;82869
4314;gov2;IDX_SAWIT;1000;3;1000;116008;115973;41648;50410357;0;0;116608
4411;gov2;IDX_SAWIT;1000;3;1000;1655960;1655923;539316;50410357;0;0;1659836
4415;gov2;IDX_SAWIT;1000;3;182;377003;376964;114870;50410357;0;0;377605
4448;gov2;IDX_SAWIT;1000;6;1000;2226362;2226319;496632;50410357;0;0;2226967
4523;gov2;IDX_SAWIT;1000;9;1000;4617634;4617583;811928;50410357;0;0;4622856
4572;gov2;IDX_SAWIT;1000;5;450;1077188;1077146;244336;50410357;0;0;1077795
4708;gov2;IDX_SAWIT;1000;3;881;254744;254706;83188;50410357;0;0;255353
4712;gov2;IDX_SAWIT;1000;2;1000;101863;101832;46217;50410357;0;0;102427
4720;gov2;IDX_SAWIT;1000;3;118;10947;10912;3950;50410357;0;0;11433
4727;gov2;IDX_SAWIT;1000;5;1000;321114;321088;79866;50410357;0;0;321651
4740;gov2;IDX_SAWIT;1000;3;8;24855;24817;8070;50410357;0;0;25383
4875;gov2;IDX_SAWIT;1000;2;1000;376733;376703;151162;50410357;0;0;377323
4956;gov2;IDX_SAWIT;1000;3;1000;1877777;1877741;683141;50410357;0;0;1878385
4983;gov2;IDX_SAWIT;1000;9;116;598915;598865;89288;50410357;0;0;599531
5013;gov2;IDX_SAWIT;1000;3;1000;237408;237372;84502;50410357;0;0;238007
5017;gov2;IDX_SAWIT;1000;5;1000;934355;934313;196443;50410357;0;0;934960
5138;gov2;IDX_SAWIT;1000;3;0;325;289;18;50410357;0;0;794
5258;gov2;IDX_SAWIT;1000;6;1000;1072652;1072624;239025;50410357;0;0;1073201
5884;gov2;IDX_SAWIT;1000;6;1000;3115808;3115764;665701;50410357;0;0;3120253
5927;gov2;IDX_SAWIT;1000;16;2;32220;32149;3756;50410357;0;0;32825
5941;gov2;IDX_SAWIT;1000;3;1000;67305;67269;22251;50410357;0;0;67906
5971;gov2;IDX_SAWIT;1000;12;410;147573;147513;21982;50410357;0;0;148180
6062;gov2;IDX_SAWIT;1000;4;23;125086;125050;34255;50410357;0;0;125659
6161;gov2;IDX_SAWIT;1000;3;1000;218538;218503;70262;50410357;0;0;219108
6480;gov2;IDX_SAWIT;1000;2;351;55043;55011;24033;50410357;0;0;55590
6785;gov2;IDX_SAWIT;1000;3;366;229677;229643;70265;50410357;0;0;230251
6811;gov2;IDX_SAWIT;1000;5;1000;2641549;2641509;620679;50410357;0;0;2642133
7005;gov2;IDX_SAWIT;1000;4;1000;590299;590260;204396;50410357;0;0;590955
7078;gov2;IDX_SAWIT;1000;5;1000;1203415;1203375;279098;50410357;0;0;1204053
7172;gov2;IDX_SAWIT;1000;2;1000;1412407;1412381;599431;50410357;0;0;1416533
7188;gov2;IDX_SAWIT;1000;4;1000;881883;881844;252418;50410357;0;0;882467
7211;gov2;IDX_SAWIT;1000;4;416;404724;404688;108740;50410357;0;0;405375
7450;gov2;IDX_SAWIT;1000;8;1000;928614;928568;180029;50410357;0;0;929272
7552;gov2;IDX_SAWIT;1000;3;79;58308;58280;17962;50410357;0;0;58940
7635;gov2;IDX_SAWIT;1000;1;556;10782;10754;6995;50410357;0;0;11329
7712;gov2;IDX_SAWIT;1000;5;53;60195;60170;14258;50410357;0;0;60805
7956;gov2;IDX_SAWIT;1000;2;719;77459;77434;33787;50410357;0;0;78022
8018;gov2;IDX_SAWIT;1000;6;53;200148;200114;46275;50410357;0;0;200703
8847;gov2;IDX_SAWIT;1000;2;1000;302243;302217;134304;50410357;0;0;302834
8946;gov2;IDX_SAWIT;1000;6;4;26246;26211;5743;50410357;0;0;26793
8961;gov2;IDX_SAWIT;1000;5;23;9360;9329;2267;50410357;0;0;9816
9061;gov2;IDX_SAWIT;1000;3;1000;1470239;1470226;447181;50410357;0;0;1470781
9178;gov2;IDX_SAWIT;1000;4;1000;877889;877855;258134;50410357;0;0;878385
9275;gov2;IDX_SAWIT;1000;4;1000;825506;825469;235250;50410357;0;0;826086
9523;gov2;IDX_SAWIT;1000;5;1000;5860546;5860515;1486132;50410357;0;0;6019633
9527;gov2;IDX_SAWIT;1000;6;1000;1170065;1170014;274730;50410357;0;0;1170755
9535;gov2;IDX_SAWIT;1000;3;1000;758702;758668;221937;50410357;0;0;759355
9540;gov2;IDX_SAWIT;1000;4;11;49520;49490;15365;50410357;0;0;50116
9726;gov2;IDX_SAWIT;1000;2;1000;288937;288905;132752;50410357;0;0;289590
9730;gov2;IDX_SAWIT;1000;7;177;821493;821458;175565;50410357;0;0;822116
9839;gov2;IDX_SAWIT;1000;4;1000;1847069;1847032;489501;50410357;0;0;1847720
9840;gov2;IDX_SAWIT;1000;3;1000;1769610;1769575;565937;50410357;0;0;1773582
9866;gov2;IDX_SAWIT;1000;4;1000;230417;230384;72429;50410357;0;0;231007
9950;gov2;IDX_SAWIT;1000;3;1000;168880;168848;62508;50410357;0;0;169491
9957;gov2;IDX_SAWIT;1000;2;1000;147691;147659;64387;50410357;0;0;148327
9977;gov2;IDX_SAWIT;1000;3;1000;44508;44480;16200;50410357;0;0;45019
9991;gov2;IDX_SAWIT;1000;9;2;386037;385997;60176;50410357;0;0;386599
10021;gov2;IDX_SAWIT;1000;4;1000;892247;892210;295851;50410357;0;0;892881
10063;gov2;IDX_SAWIT;1000;3;1000;518979;518942;168736;50410357;0;0;519534
10139;gov2;IDX_SAWIT;1000;3;1000;153369;153335;51582;50410357;0;0;153939
10231;gov2;IDX_SAWIT;1000;8;141;15636;15588;3056;50410357;0;0;16138
10395;gov2;IDX_SAWIT;1000;3;667;170894;170869;52950;50410357;0;0;171428
10397;gov2;IDX_SAWIT;1000;6;1000;1002235;1002193;208523;50410357;0;0;1002789
10470;gov2;IDX_SAWIT;1000;4;1000;2174065;2174035;648539;50410357;0;0;2178074
11060;gov2;IDX_SAWIT;1000;2;1000;438513;438478;194846;50410357;0;0;439112
11077;gov2;IDX_SAWIT;1000;3;1000;445818;445783;137581;50410357;0;0;446355
11155;gov2;IDX_SAWIT;1000;5;1;2140;2108;439;50410357;0;0;2546
68;gov2;IDX_SAWIT;1000;4;13;5526;5504;1654;50410357;0;0;5963
250;gov2;IDX_SAWIT;1000;6;1000;3795129;3795103;811456;50410357;0;0;3799682
503;gov2;IDX_SAWIT;1000;4;174;95907;95876;31173;50410357;0;0;96326
561;gov2;IDX_SAWIT;1000;8;1000;4996643;4996605;990280;50410357;0;0;5002149
683;gov2;IDX_SAWIT;1000;5;1000;731867;731832;167185;50410357;0;0;732374
918;gov2;IDX_SAWIT;1000;7;28;429769;429725;87934;50410357;0;0;430338
1153;gov2;IDX_SAWIT;1000;5;426;391925;391885;83211;50410357;0;0;392507
1178;gov2;IDX_SAWIT;1000;6;1000;597920;597877;133160;50410357;0;0;598492
1206;gov2;IDX_SAWIT;1000;4;1000;3197691;3197653;893564;50410357;0;0;3202044
1394;gov2;IDX_SAWIT;1000;5;5;1624;1581;299;50410357;0;0;2092
1465;gov2;IDX_SAWIT;1000;3;681;193384;193364;59762;50410357;0;0;193933
1734;gov2;IDX_SAWIT;1000;4;1000;508764;508726;151058;50410357;0;0;509347
1847;gov2;IDX_SAWIT;1000;4;1000;3025799;3025763;848322;50410357;0;0;3030114
1984;gov2;IDX_SAWIT;1000;2;12;18142;18115;7890;50410357;0;0;18584
2007;gov2;IDX_SAWIT;1000;4;1000;809600;809568;212745;50410357;0;0;810137
2127;gov2;IDX_SAWIT;1000;9;221;187416;187374;30322;50410357;0;0;187887
2176;gov2;IDX_SAWIT;1000;4;1000;3175373;3175344;1003567;50410357;0;0;3275438
2198;gov2;IDX_SAWIT;1000;4;9;6647;6603;1303;50410357;0;0;7134
2203;gov2;IDX_SAWIT;1000;2;1000;925086;925068;448908;50410357;0;0;929187
2244;gov2;IDX_SAWIT;1000;3;1000;1100725;1100689;350484;50410357;0;0;1101282
2388;gov2;IDX_SAWIT;1000;2;1000;170672;170646;79425;50410357;0;0;171176
2440;gov2;IDX_SAWIT;1000;3;1000;794538;794503;244471;50410357;0;0;795083
2653;gov2;IDX_SAWIT;1000;5;1000;830239;830207;187301;50410357;0;0;830748
2875;gov2;IDX_SAWIT;1000;4;1000;474092;474054;127571;50410357;0;0;474669
2896;gov2;IDX_SAWIT;1000;3;1000;1423407;1423373;442117;50410357;0;0;1423971
3219;gov2;IDX_SAWIT;1000;5;1000;780178;780145;183453;50410357;0;0;780651
3414;gov2;IDX_SAWIT;1000;4;1000;865842;865812;265917;50410357;0;0;866337
3605;gov2;IDX_SAWIT;1000;4;1000;1491536;1491498;426457;50410357;0;0;1492134
3622;gov2;IDX_SAWIT;1000;4;1000;1176422;1176385;330305;50410357;0;0;1176961
3768;gov2;IDX_SAWIT;1000;4;1000;482453;482423;130764;50410357;0;0;482921
3910;gov2;IDX_SAWIT;1000;6;35;152195;152162;33951;50410357;0;0;152659
3931;gov2;IDX_SAWIT;1000;4;1000;8370248;8370218;2576332;50410357;0;0;8756120
4257;gov2;IDX_SAWIT;1000;2;336;80908;80866;32157;50410357;0;0;81530
4314;gov2;IDX_SAWIT;1000;3;1000;116666;116630;41648;50410357;0;0;117348
4411;gov2;IDX_SAWIT;1000;3;1000;1657122;1657085;539316;50410357;0;0;1661060
4415;gov2;IDX_SAWIT;1000;3;182;377717;377679;114870;50410357;0;0;378342
4448;gov2;IDX_SAWIT;1000;6;1000;2235348;2235315;496632;50410357;0;0;2235941
4523;gov2;IDX_SAWIT;1000;9;1000;4623408;4623360;811928;50410357;0;0;4628634
4572;gov2;IDX_SAWIT;1000;5;450;1079782;1079741;244336;50410357;0;0;1080435
4708;gov2;IDX_SAWIT;1000;3;881;255731;255702;83188;50410357;0;0;256283
4712;gov2;IDX_SAWIT;1000;2;1000;102230;102204;46217;50410357;0;0;102831
4720;gov2;IDX_SAWIT;1000;3;118;10900;10865;3950;50410357;0;0;11458
4727;gov2;IDX_SAWIT;1000;5;1000;321245;321220;79866;50410357;0;0;321893
4740;gov2;IDX_SAWIT;1000;3;8;24817;24790;8070;50410357;0;0;25353
4875;gov2;IDX_SAWIT;1000;2;1000;384853;384830;151162;50410357;0;0;385439
4956;gov2;IDX_SAWIT;1000;3;1000;1878703;1878666;683141;50410357;0;0;1879422
4983;gov2;IDX_SAWIT;1000;9;116;597157;597109;89288;50410357;0;0;597841
5013;gov2;IDX_SAWIT;1000;3;1000;236969;236935;84502;50410357;0;0;237618
5017;gov2;IDX_SAWIT;1000;5;1000;903651;903611;196443;50410357;0;0;904256
5138;gov2;IDX_SAWIT;1000;3;0;292;263;18;50410357;0;0;746
5258;gov2;IDX_SAWIT;1000;6;1000;1073068;1073051;239025;50410357;0;0;1073625
5884;gov2;IDX_SAWIT;1000;6;1000;3010958;3010924;665701;50410357;0;0;3015349
5927;gov2;IDX_SAWIT;1000;16;2;30567;30509;3756;50410357;0;0;31103
5941;gov2;IDX_SAWIT;1000;3;1000;63236;63205;22251;50410357;0;0;63746
5971;gov2;IDX_SAWIT;1000;12;410;139123;139074;21982;50410357;0;0;139673
6062;gov2;IDX_SAWIT;1000;4;23;125261;125222;34255;50410357;0;0;125911
6161;gov2;IDX_SAWIT;1000;3;1000;219146;219117;70262;50410357;0;0;219697
6480;gov2;IDX_SAWIT;1000;2;351;55016;54990;24033;50410357;0;0;55560
6785;gov2;IDX_SAWIT;1000;3;366;229991;229963;70265;50410357;0;0;230595
6811;gov2;IDX_SAWIT;1000;5;1000;2640405;2640364;620679;50410357;0;0;2641064
7005;gov2;IDX_SAWIT;1000;4;1000;590645;590606;204396;50410357;0;0;591278
7078;gov2;IDX_SAWIT;1000;5;1000;1204195;1204163;279098;50410357;0;0;1204770
7172;gov2;IDX_SAWIT;1000;2;1000;1439713;1439681;599431;50410357;0;0;1444061
7188;gov2;IDX_SAWIT;1000;4;1000;866930;866898;252418;50410357;0;0;867486
7211;gov2;IDX_SAWIT;1000;4;416;381420;381390;108740;50410357;0;0;381992
7450;gov2;IDX_SAWIT;1000;8;1000;879332;879291;180029;50410357;0;0;879901
7552;gov2;IDX_SAWIT;1000;3;79;58297;58262;17962;50410357;0;0;59006
7635;gov2;IDX_SAWIT;1000;1;556;10791;10763;6995;50410357;0;0;11345
7712;gov2;IDX_SAWIT;1000;5;53;60119;60094;14258;50410357;0;0;60770
7956;gov2;IDX_SAWIT;1000;2;719;77517;77484;33787;50410357;0;0;78173
8018;gov2;IDX_SAWIT;1000;6;53;201577;201535;46275;50410357;0;0;202204
8847;gov2;IDX_SAWIT;1000;2;1000;301925;301894;134304;50410357;0;0;302614
8946;gov2;IDX_SAWIT;1000;6;4;26260;26217;5743;50410357;0;0;26909
8961;gov2;IDX_SAWIT;1000;5;23;9411;9374;2267;50410357;0;0;9985
9061;gov2;IDX_SAWIT;1000;3;1000;1482768;1482748;447181;50410357;0;0;1483370
9178;gov2;IDX_SAWIT;1000;4;1000;906750;906720;258134;50410357;0;0;907325
9275;gov2;IDX_SAWIT;1000;4;1000;778037;778008;235250;50410357;0;0;778645
9523;gov2;IDX_SAWIT;1000;5;1000;6042740;6042698;1486132;50410357;0;0;6048218
9527;gov2;IDX_SAWIT;1000;6;1000;1177926;1177884;274730;50410357;0;0;1178553
9535;gov2;IDX_SAWIT;1000;3;1000;748630;748602;221937;50410357;0;0;749223
9540;gov2;IDX_SAWIT;1000;4;11;49619;49580;15365;50410357;0;0;50348
9726;gov2;IDX_SAWIT;1000;2;1000;288232;288200;132752;50410357;0;0;288899
9730;gov2;IDX_SAWIT;1000;7;177;824576;824533;175565;50410357;0;0;825189
9839;gov2;IDX_SAWIT;1000;4;1000;1813908;1813878;489501;50410357;0;0;1814417
9840;gov2;IDX_SAWIT;1000;3;1000;1678816;1678785;565937;50410357;0;0;1682589
9866;gov2;IDX_SAWIT;1000;4;1000;231331;231292;72429;50410357;0;0;232000
9950;gov2;IDX_SAWIT;1000;3;1000;180310;180265;62508;50410357;0;0;180957
9957;gov2;IDX_SAWIT;1000;2;1000;147711;147679;64387;50410357;0;0;148366
9977;gov2;IDX_SAWIT;1000;3;1000;44548;44513;16200;50410357;0;0;45186
9991;gov2;IDX_SAWIT;1000;9;2;383148;383098;60176;50410357;0;0;383802
10021;gov2;IDX_SAWIT;1000;4;1000;892597;892559;295851;50410357;0;0;893239
10063;gov2;IDX_SAWIT;1000;3;1000;518165;518135;168736;50410357;0;0;518745
10139;gov2;IDX_SAWIT;1000;3;1000;153632;153604;51582;50410357;0;0;154181
10231;gov2;IDX_SAWIT;1000;8;141;15602;15563;3056;50410357;0;0;16074
10395;gov2;IDX_SAWIT;1000;3;667;170977;170959;52950;50410357;0;0;171558
10397;gov2;IDX_SAWIT;1000;6;1000;959393;959360;208523;50410357;0;0;959977
10470;gov2;IDX_SAWIT;1000;4;1000;2245385;2245347;648539;50410357;0;0;2249755
11060;gov2;IDX_SAWIT;1000;2;1000;439243;439209;194846;50410357;0;0;439936
11077;gov2;IDX_SAWIT;1000;3;1000;448674;448637;137581;50410357;0;0;449382
11155;gov2;IDX_SAWIT;1000;5;1;2168;2128;439;50410357;0;0;2746
68;gov2;IDX_SAWIT;1000;4;13;5530;5508;1654;50410357;0;0;6070
250;gov2;IDX_SAWIT;1000;6;1000;3840054;3840027;811456;50410357;0;0;3844953
503;gov2;IDX_SAWIT;1000;4;174;101410;101369;31173;50410357;0;0;102091
561;gov2;IDX_SAWIT;1000;8;1000;5222610;5222559;990280;50410357;0;0;5228399
683;gov2;IDX_SAWIT;1000;5;1000;776367;776323;167185;50410357;0;0;777059
918;gov2;IDX_SAWIT;1000;7;28;427171;427126;87934;50410357;0;0;427853
1153;gov2;IDX_SAWIT;1000;5;426;391604;391562;83211;50410357;0;0;392313
1178;gov2;IDX_SAWIT;1000;6;1000;598347;598302;133160;50410357;0;0;599070
1206;gov2;IDX_SAWIT;1000;4;1000;3274282;3274242;893564;50410357;0;0;3278716
1394;gov2;IDX_SAWIT;1000;5;5;1633;1588;299;50410357;0;0;2187
1465;gov2;IDX_SAWIT;1000;3;681;193263;193241;59762;50410357;0;0;193945
1734;gov2;IDX_SAWIT;1000;4;1000;507808;507768;151058;50410357;0;0;508486
1847;gov2;IDX_SAWIT;1000;4;1000;3008713;3008674;848322;50410357;0;0;3013179
1984;gov2;IDX_SAWIT;1000;2;12;19212;19177;7890;50410357;0;0;19870
2007;gov2;IDX_SAWIT;1000;4;1000;814786;814752;212745;50410357;0;0;815397
2127;gov2;IDX_SAWIT;1000;9;221;187511;187458;30322;50410357;0;0;188207
2176;gov2;IDX_SAWIT;1000;4;1000;3292718;3292680;1003567;50410357;0;0;3394809
2198;gov2;IDX_SAWIT;1000;4;9;7344;7295;1303;50410357;0;0;7971
2203;gov2;IDX_SAWIT;1000;2;1000;925960;925941;448908;50410357;0;0;930187
2244;gov2;IDX_SAWIT;1000;3;1000;1102879;1102840;350484;50410357;0;0;1103519
2388;gov2;IDX_SAWIT;1000;2;1000;171001;170968;79425;50410357;0;0;171598
2440;gov2;IDX_SAWIT;1000;3;1000;796110;796072;244471;50410357;0;0;796700
2653;gov2;IDX_SAWIT;1000;5;1000;831479;831437;187301;50410357;0;0;832053
2875;gov2;IDX_SAWIT;1000;4;1000;473089;473051;127571;50410357;0;0;473681
2896;gov2;IDX_SAWIT;1000;3;1000;1426066;1426031;442117;50410357;0;0;1426655
3219;gov2;IDX_SAWIT;1000;5;1000;793098;793056;183453;50410357;0;0;793682
3414;gov2;IDX_SAWIT;1000;4;1000;918301;918263;265917;50410357;0;0;918916
3605;gov2;IDX_SAWIT;1000;4;1000;1495028;1494988;426457;50410357;0;0;1495622
3622;gov2;IDX_SAWIT;1000;4;1000;1173743;1173705;330305;50410357;0;0;1174337
3768;gov2;IDX_SAWIT;1000;4;1000;482531;482491;130764;50410357;0;0;483139
3910;gov2;IDX_SAWIT;1000;6;35;152590;152547;33951;50410357;0;0;153182
3931;gov2;IDX_SAWIT;1000;4;1000;8511181;8511142;2576332;50410357;0;0;8908731
4257;gov2;IDX_SAWIT;1000;2;336;80907;80863;32157;50410357;0;0;81532
4314;gov2;IDX_SAWIT;1000;3;1000;116529;116493;41648;50410357;0;0;117106
4411;gov2;IDX_SAWIT;1000;3;1000;1657202;1657168;539316;50410357;0;0;1661084
4415;gov2;IDX_SAWIT;1000;3;182;378028;377991;114870;50410357;0;0;378571
4448;gov2;IDX_SAWIT;1000;6;1000;2273345;2273303;496632;50410357;0;0;2273985
4523;gov2;IDX_SAWIT;1000;9;1000;4624691;4624641;811928;50410357;0;0;4629958
4572;gov2;IDX_SAWIT;1000;5;450;1078004;1077962;244336;50410357;0;0;1078734
4708;gov2;IDX_SAWIT;1000;3;881;254488;254451;83188;50410357;0;0;255203
4712;gov2;IDX_SAWIT;1000;2;1000;101889;101856;46217;50410357;0;0;102575
4720;gov2;IDX_SAWIT;1000;3;118;10904;10867;3950;50410357;0;0;11529
4727;gov2;IDX_SAWIT;1000;5;1000;320559;320532;79866;50410357;0;0;321221
4740;gov2;IDX_SAWIT;1000;3;8;24846;24810;8070;50410357;0;0;25544
4875;gov2;IDX_SAWIT;1000;2;1000;374776;374746;151162;50410357;0;0;375503
4956;gov2;IDX_SAWIT;1000;3;1000;1878505;1878468;683141;50410357;0;0;1879207
4983;gov2;IDX_SAWIT;1000;9;116;596298;596248;89288;50410357;0;0;596989
5013;gov2;IDX_SAWIT;1000;3;1000;237171;237135;84502;50410357;0;0;237880
5017;gov2;IDX_SAWIT;1000;5;1000;903043;903001;196443;50410357;0;0;903753
5138;gov2;IDX_SAWIT;1000;3;0;323;286;18;50410357;0;0;955
5258;gov2;IDX_SAWIT;1000;6;1000;1080894;1080867;239025;50410357;0;0;1081580
5884;gov2;IDX_SAWIT;1000;6;1000;3124778;3124734;665701;50410357;0;0;3129324
5927;gov2;IDX_SAWIT;1000;16;2;32169;32100;3756;50410357;0;0;32890
5941;gov2;IDX_SAWIT;1000;3;1000;67323;67286;22251;50410357;0;0;68033
5971;gov2;IDX_SAWIT;1000;12;410;147489;147429;21982;50410357;0;0;148205
6062;gov2;IDX_SAWIT;1000;4;23;125085;125045;34255;50410357;0;0;125808
6161;gov2;IDX_SAWIT;1000;3;1000;219393;219356;70262;50410357;0;0;220070
6480;gov2;IDX_SAWIT;1000;2;351;54998;54965;24033;50410357;0;0;55758
6785;gov2;IDX_SAWIT;1000;3;366;230109;230072;70265;50410357;0;0;230757
6811;gov2;IDX_SAWIT;1000;5;1000;2641043;2640999;620679;50410357;0;0;2641768
7005;gov2;IDX_SAWIT;1000;4;1000;590686;590647;204396;50410357;0;0;591375
7078;gov2;IDX_SAWIT;1000;5;1000;1204440;1204399;279098;50410357;0;0;1205059
7172;gov2;IDX_SAWIT;1000;2;1000;1430094;1430063;599431;50410357;0;0;1434468
7188;gov2;IDX_SAWIT;1000;4;1000;866951;866917;252418;50410357;0;0;867474
7211;gov2;IDX_SAWIT;1000;4;416;404291;404254;108740;50410357;0;0;404829
7450;gov2;IDX_SAWIT;1000;8;1000;931540;931502;180029;50410357;0;0;932033
7552;gov2;IDX_SAWIT;1000;3;79;58260;58232;17962;50410357;0;0;58801
7635;gov2;IDX_SAWIT;1000;1;556;10769;10745;6995;50410357;0;0;11217
7712;gov2;IDX_SAWIT;1000;5;53;60113;60087;14258;50410357;0;0;60662
7956;gov2;IDX_SAWIT;1000;2;719;77402;77371;33787;50410357;0;0;77961
8018;gov2;IDX_SAWIT;1000;6;53;201650;201613;46275;50410357;0;0;202256
8847;gov2;IDX_SAWIT;1000;2;1000;302320;302293;134304;50410357;0;0;302836
8946;gov2;IDX_SAWIT;1000;6;4;26228;26192;5743;50410357;0;0;26728
8961;gov2;IDX_SAWIT;1000;5;23;9371;9339;2267;50410357;0;0;9876
9061;gov2;IDX_SAWIT;1000;3;1000;1485140;1485118;447181;50410357;0;0;1485810
9178;gov2;IDX_SAWIT;1000;4;1000;928150;928112;258134;50410357;0;0;928845
9275;gov2;IDX_SAWIT;1000;4;1000;822396;822357;235250;50410357;0;0;823083
9523;gov2;IDX_SAWIT;1000;5;1000;6126807;6126767;1486132;50410357;0;0;6132319
9527;gov2;IDX_SAWIT;1000;6;1000;1177554;1177508;274730;50410357;0;0;1178262
9535;gov2;IDX_SAWIT;1000;3;1000;742694;742658;221937;50410357;0;0;743408
9540;gov2;IDX_SAWIT;1000;4;11;49639;49600;15365;50410357;0;0;50317
9726;gov2;IDX_SAWIT;1000;2;1000;287398;287364;132752;50410357;0;0;288107
9730;gov2;IDX_SAWIT;1000;7;177;823920;823875;175565;50410357;0;0;824600
9839;gov2;IDX_SAWIT;1000;4;1000;1850240;1850202;489501;50410357;0;0;1850960
9840;gov2;IDX_SAWIT;1000;3;1000;1771651;1771615;565937;50410357;0;0;1775645
9866;gov2;IDX_SAWIT;1000;4;1000;231533;231492;72429;50410357;0;0;232265
9950;gov2;IDX_SAWIT;1000;3;1000;180521;180484;62508;50410357;0;0;181214
9957;gov2;IDX_SAWIT;1000;2;1000;148617;148583;64387;50410357;0;0;149341
9977;gov2;IDX_SAWIT;1000;3;1000;44528;44492;16200;50410357;0;0;45196
9991;gov2;IDX_SAWIT;1000;9;2;383141;383089;60176;50410357;0;0;383905
10021;gov2;IDX_SAWIT;1000;4;1000;892986;892946;295851;50410357;0;0;893675
10063;gov2;IDX_SAWIT;1000;3;1000;518912;518874;168736;50410357;0;0;519630
10139;gov2;IDX_SAWIT;1000;3;1000;153537;153502;51582;50410357;0;0;154234
10231;gov2;IDX_SAWIT;1000;8;141;15633;15584;3056;50410357;0;0;16294
10395;gov2;IDX_SAWIT;1000;3;667;171200;171174;52950;50410357;0;0;171884
10397;gov2;IDX_SAWIT;1000;6;1000;1004163;1004119;208523;50410357;0;0;1004836
10470;gov2;IDX_SAWIT;1000;4;1000;2231367;2231330;648539;50410357;0;0;2235572
11060;gov2;IDX_SAWIT;1000;2;1000;440210;440175;194846;50410357;0;0;440942
11077;gov2;IDX_SAWIT;1000;3;1000;447587;447550;137581;50410357;0;0;448317
11155;gov2;IDX_SAWIT;1000;5;1;2179;2138;439;50410357;0;0;2775
