68;gov2;IDX_SAWIT;10;4;10;6524;6491;0;0;0;0;7832
250;gov2;IDX_SAWIT;10;6;10;2815765;2815739;0;0;0;0;2820048
503;gov2;IDX_SAWIT;10;4;10;88522;88486;0;0;0;0;89075
561;gov2;IDX_SAWIT;10;8;10;3463918;3463869;0;0;0;0;3469226
683;gov2;IDX_SAWIT;10;5;10;467606;467565;0;0;0;0;468129
918;gov2;IDX_SAWIT;10;7;10;431198;431154;0;0;0;0;431818
1153;gov2;IDX_SAWIT;10;5;10;144736;144697;0;0;0;0;145262
1178;gov2;IDX_SAWIT;10;6;10;321163;321121;0;0;0;0;321699
1206;gov2;IDX_SAWIT;10;4;10;1904929;1904891;0;0;0;0;1909243
1394;gov2;IDX_SAWIT;10;5;5;1592;1549;0;0;0;0;1999
1465;gov2;IDX_SAWIT;10;3;10;56911;56890;0;0;0;0;57410
1734;gov2;IDX_SAWIT;10;4;10;123822;123785;0;0;0;0;124380
1847;gov2;IDX_SAWIT;10;4;10;1537216;1537180;0;0;0;0;1541474
1984;gov2;IDX_SAWIT;10;2;10;17699;17666;0;0;0;0;18191
2007;gov2;IDX_SAWIT;10;4;10;188547;188517;0;0;0;0;189090
2127;gov2;IDX_SAWIT;10;9;10;175862;175815;0;0;0;0;176380
2176;gov2;IDX_SAWIT;10;4;10;1614538;1614502;0;0;0;0;1619200
2198;gov2;IDX_SAWIT;10;4;9;5286;5248;0;0;0;0;5710
2203;gov2;IDX_SAWIT;10;2;10;312449;312430;0;0;0;0;312987
2244;gov2;IDX_SAWIT;10;3;10;546601;546566;0;0;0;0;547120
2388;gov2;IDX_SAWIT;10;2;10;33914;33883;0;0;0;0;34480
2440;gov2;IDX_SAWIT;10;3;10;492146;492113;0;0;0;0;492649
2653;gov2;IDX_SAWIT;10;5;10;501417;501379;0;0;0;0;501936
2875;gov2;IDX_SAWIT;10;4;10;218930;218894;0;0;0;0;219494
2896;gov2;IDX_SAWIT;10;3;10;834666;834632;0;0;0;0;835219
3219;gov2;IDX_SAWIT;10;5;10;221224;221177;0;0;0;0;221741
3414;gov2;IDX_SAWIT;10;4;10;403178;403142;0;0;0;0;403757
3605;gov2;IDX_SAWIT;10;4;10;521786;521748;0;0;0;0;522308
3622;gov2;IDX_SAWIT;10;4;10;351693;351656;0;0;0;0;352216
3768;gov2;IDX_SAWIT;10;4;10;152849;152812;0;0;0;0;153399
3910;gov2;IDX_SAWIT;10;6;10;151581;151540;0;0;0;0;152145
3931;gov2;IDX_SAWIT;10;4;10;4428241;4428204;0;0;0;0;4720387
4257;gov2;IDX_SAWIT;10;2;10;19056;19012;0;0;0;0;19605
4314;gov2;IDX_SAWIT;10;3;10;15352;15328;0;0;0;0;15854
4411;gov2;IDX_SAWIT;10;3;10;882624;882600;0;0;0;0;883211
4415;gov2;IDX_SAWIT;10;3;10;187405;187367;0;0;0;0;187996
4448;gov2;IDX_SAWIT;10;6;10;1504304;1504261;0;0;0;0;1504906
4523;gov2;IDX_SAWIT;10;9;10;3734189;3734140;0;0;0;0;3739038
4572;gov2;IDX_SAWIT;10;5;10;431090;431048;0;0;0;0;431687
4708;gov2;IDX_SAWIT;10;3;10;122220;122184;0;0;0;0;122819
4712;gov2;IDX_SAWIT;10;2;10;23247;23214;0;0;0;0;23798
4720;gov2;IDX_SAWIT;10;3;10;4970;4941;0;0;0;0;5450
4727;gov2;IDX_SAWIT;10;5;10;170049;170023;0;0;0;0;170630
4740;gov2;IDX_SAWIT;10;3;8;24616;24580;0;0;0;0;25185
4875;gov2;IDX_SAWIT;10;2;10;132000;131970;0;0;0;0;132596
4956;gov2;IDX_SAWIT;10;3;10;767538;767502;0;0;0;0;771224
4983;gov2;IDX_SAWIT;10;9;10;426808;426757;0;0;0;0;427411
5013;gov2;IDX_SAWIT;10;3;10;32902;32866;0;0;0;0;33509
5017;gov2;IDX_SAWIT;10;5;10;233641;233601;0;0;0;0;234211
5138;gov2;IDX_SAWIT;10;3;0;348;315;0;0;0;0;796
5258;gov2;IDX_SAWIT;10;6;10;758368;758341;0;0;0;0;759000
5884;gov2;IDX_SAWIT;10;6;10;2413579;2413536;0;0;0;0;2414225
5927;gov2;IDX_SAWIT;10;16;2;32132;32061;0;0;0;0;32827
5941;gov2;IDX_SAWIT;10;3;10;8945;8909;0;0;0;0;9605
5971;gov2;IDX_SAWIT;10;12;10;119241;119197;0;0;0;0;119920
6062;gov2;IDX_SAWIT;10;4;10;117461;117423;0;0;0;0;118161
6161;gov2;IDX_SAWIT;10;3;10;66657;66621;0;0;0;0;67341
6480;gov2;IDX_SAWIT;10;2;10;22382;22349;0;0;0;0;23042
6785;gov2;IDX_SAWIT;10;3;10;147267;147233;0;0;0;0;147975
6811;gov2;IDX_SAWIT;10;5;10;2009783;2009741;0;0;0;0;2010453
7005;gov2;IDX_SAWIT;10;4;10;229528;229491;0;0;0;0;230196
7078;gov2;IDX_SAWIT;10;5;10;924463;924424;0;0;0;0;925129
7172;gov2;IDX_SAWIT;10;2;10;603027;602994;0;0;0;0;606698
7188;gov2;IDX_SAWIT;10;4;10;373576;373535;0;0;0;0;374276
7211;gov2;IDX_SAWIT;10;4;10;292335;292296;0;0;0;0;293021
7450;gov2;IDX_SAWIT;10;8;10;536097;536048;0;0;0;0;536788
7552;gov2;IDX_SAWIT;10;3;10;45412;45376;0;0;0;0;46107
7635;gov2;IDX_SAWIT;10;1;10;612;583;0;0;0;0;1206
7712;gov2;IDX_SAWIT;10;5;10;38338;38312;0;0;0;0;39042
7956;gov2;IDX_SAWIT;10;2;10;30663;30630;0;0;0;0;31233
8018;gov2;IDX_SAWIT;10;6;10;186425;186384;0;0;0;0;187021
8847;gov2;IDX_SAWIT;10;2;10;88426;88393;0;0;0;0;89033
8946;gov2;IDX_SAWIT;10;6;4;26395;26351;0;0;0;0;26986
8961;gov2;IDX_SAWIT;10;5;10;9192;9149;0;0;0;0;9687
9061;gov2;IDX_SAWIT;10;3;10;634619;634598;0;0;0;0;635217
9178;gov2;IDX_SAWIT;10;4;10;371535;371496;0;0;0;0;372145
9275;gov2;IDX_SAWIT;10;4;10;285934;285895;0;0;0;0;286544
9523;gov2;IDX_SAWIT;10;5;10;3340909;3340867;0;0;0;0;3467716
9527;gov2;IDX_SAWIT;10;6;10;642357;642301;0;0;0;0;642987
9535;gov2;IDX_SAWIT;10;3;10;319745;319709;0;0;0;0;320351
9540;gov2;IDX_SAWIT;10;4;10;49413;49375;0;0;0;0;50019
9726;gov2;IDX_SAWIT;10;2;10;115681;115645;0;0;0;0;116236
9730;gov2;IDX_SAWIT;10;7;10;791842;791796;0;0;0;0;792460
9839;gov2;IDX_SAWIT;10;4;10;1236713;1236674;0;0;0;0;1237302
9840;gov2;IDX_SAWIT;10;3;10;716214;716178;0;0;0;0;716824
9866;gov2;IDX_SAWIT;10;4;10;50920;50880;0;0;0;0;51523
9950;gov2;IDX_SAWIT;10;3;10;39966;39929;0;0;0;0;40574
9957;gov2;IDX_SAWIT;10;2;10;22889;22859;0;0;0;0;23408
9977;gov2;IDX_SAWIT;10;3;10;7019;6994;0;0;0;0;7518
9991;gov2;IDX_SAWIT;10;9;2;390679;390645;0;0;0;0;391221
10021;gov2;IDX_SAWIT;10;4;10;450994;450955;0;0;0;0;451582
10063;gov2;IDX_SAWIT;10;3;10;303639;303602;0;0;0;0;304238
10139;gov2;IDX_SAWIT;10;3;10;23625;23588;0;0;0;0;24192
10231;gov2;IDX_SAWIT;10;8;10;5643;5599;0;0;0;0;6124
10395;gov2;IDX_SAWIT;10;3;10;35935;35914;0;0;0;0;36509
10397;gov2;IDX_SAWIT;10;6;10;366588;366547;0;0;0;0;367200
10470;gov2;IDX_SAWIT;10;4;10;968459;968419;0;0;0;0;972416
11060;gov2;IDX_SAWIT;10;2;10;107758;107725;0;0;0;0;108354
11077;gov2;IDX_SAWIT;10;3;10;178655;178618;0;0;0;0;179245
11155;gov2;IDX_SAWIT;10;5;1;2167;2125;0;0;0;0;2651
68;gov2;IDX_SAWIT;10;4;10;5485;5462;0;0;0;0;5972
250;gov2;IDX_SAWIT;10;6;10;2813782;2813755;0;0;0;0;2818144
503;gov2;IDX_SAWIT;10;4;10;88576;88536;0;0;0;0;89183
561;gov2;IDX_SAWIT;10;8;10;3489056;3489005;0;0;0;0;3494431
683;gov2;IDX_SAWIT;10;5;10;467296;467252;0;0;0;0;467900
918;gov2;IDX_SAWIT;10;7;10;418186;418140;0;0;0;0;418800
1153;gov2;IDX_SAWIT;10;5;10;145492;145452;0;0;0;0;146087
1178;gov2;IDX_SAWIT;10;6;10;320747;320702;0;0;0;0;321362
1206;gov2;IDX_SAWIT;10;4;10;1903398;1903359;0;0;0;0;1907736
1394;gov2;IDX_SAWIT;10;5;5;1629;1584;0;0;0;0;2116
1465;gov2;IDX_SAWIT;10;3;10;56690;56670;0;0;0;0;57220
1734;gov2;IDX_SAWIT;10;4;10;123033;122994;0;0;0;0;123634
1847;gov2;IDX_SAWIT;10;4;10;1536480;1536441;0;0;0;0;1540748
1984;gov2;IDX_SAWIT;10;2;10;17710;17675;0;0;0;0;18257
2007;gov2;IDX_SAWIT;10;4;10;188881;188849;0;0;0;0;189516
2127;gov2;IDX_SAWIT;10;9;10;176047;175994;0;0;0;0;176624
2176;gov2;IDX_SAWIT;10;4;10;1616058;1616020;0;0;0;0;1620723
2198;gov2;IDX_SAWIT;10;4;9;5311;5272;0;0;0;0;5795
2203;gov2;IDX_SAWIT;10;2;10;311483;311463;0;0;0;0;312081
2244;gov2;IDX_SAWIT;10;3;10;544220;544185;0;0;0;0;544790
2388;gov2;IDX_SAWIT;10;2;10;33827;33796;0;0;0;0;34362
2440;gov2;IDX_SAWIT;10;3;10;490813;490780;0;0;0;0;491381
2653;gov2;IDX_SAWIT;10;5;10;499741;499702;0;0;0;0;500305
2875;gov2;IDX_SAWIT;10;4;10;216399;216360;0;0;0;0;217004
2896;gov2;IDX_SAWIT;10;3;10;834544;834507;0;0;0;0;835133
3219;gov2;IDX_SAWIT;10;5;10;219226;219184;0;0;0;0;219822
3414;gov2;IDX_SAWIT;10;4;10;401624;401584;0;0;0;0;402218
3605;gov2;IDX_SAWIT;10;4;10;520106;520069;0;0;0;0;520718
3622;gov2;IDX_SAWIT;10;4;10;350557;350520;0;0;0;0;351108
3768;gov2;IDX_SAWIT;10;4;10;151218;151179;0;0;0;0;151780
3910;gov2;IDX_SAWIT;10;6;10;151261;151219;0;0;0;0;151818
3931;gov2;IDX_SAWIT;10;4;10;4408918;4408881;0;0;0;0;4703422
4257;gov2;IDX_SAWIT;10;2;10;17390;17346;0;0;0;0;17911
4314;gov2;IDX_SAWIT;10;3;10;15312;15287;0;0;0;0;15846
4411;gov2;IDX_SAWIT;10;3;10;882884;882859;0;0;0;0;883519
4415;gov2;IDX_SAWIT;10;3;10;188625;188587;0;0;0;0;189224
4448;gov2;IDX_SAWIT;10;6;10;1495874;1495832;0;0;0;0;1496467
4523;gov2;IDX_SAWIT;10;9;10;3714595;3714545;0;0;0;0;3715179
4572;gov2;IDX_SAWIT;10;5;10;428150;428108;0;0;0;0;428759
4708;gov2;IDX_SAWIT;10;3;10;117840;117803;0;0;0;0;118443
4712;gov2;IDX_SAWIT;10;2;10;23125;23091;0;0;0;0;23676
4720;gov2;IDX_SAWIT;10;3;10;4939;4908;0;0;0;0;5400
4727;gov2;IDX_SAWIT;10;5;10;167972;167945;0;0;0;0;168570
4740;gov2;IDX_SAWIT;10;3;8;24681;24644;0;0;0;0;25258
4875;gov2;IDX_SAWIT;10;2;10;129401;129369;0;0;0;0;129992
4956;gov2;IDX_SAWIT;10;3;10;765404;765367;0;0;0;0;769117
4983;gov2;IDX_SAWIT;10;9;10;427509;427457;0;0;0;0;428115
5013;gov2;IDX_SAWIT;10;3;10;32886;32850;0;0;0;0;33470
5017;gov2;IDX_SAWIT;10;5;10;235714;235672;0;0;0;0;236302
5138;gov2;IDX_SAWIT;10;3;0;320;284;0;0;0;0;799
5258;gov2;IDX_SAWIT;10;6;10;754875;754848;0;0;0;0;755472
5884;gov2;IDX_SAWIT;10;6;10;2413064;2413020;0;0;0;0;2417259
5927;gov2;IDX_SAWIT;10;16;2;32136;32068;0;0;0;0;32705
5941;gov2;IDX_SAWIT;10;3;10;8965;8928;0;0;0;0;9446
5971;gov2;IDX_SAWIT;10;12;10;118394;118350;0;0;0;0;118979
6062;gov2;IDX_SAWIT;10;4;10;118749;118710;0;0;0;0;119367
6161;gov2;IDX_SAWIT;10;3;10;66662;66625;0;0;0;0;67234
6480;gov2;IDX_SAWIT;10;2;10;21959;21925;0;0;0;0;22498
6785;gov2;IDX_SAWIT;10;3;10;147972;147942;0;0;0;0;148558
6811;gov2;IDX_SAWIT;10;5;10;2009601;2009557;0;0;0;0;2010193
7005;gov2;IDX_SAWIT;10;4;10;230809;230770;0;0;0;0;231396
7078;gov2;IDX_SAWIT;10;5;10;925694;925652;0;0;0;0;926291
7172;gov2;IDX_SAWIT;10;2;10;604054;604020;0;0;0;0;607609
7188;gov2;IDX_SAWIT;10;4;10;374986;374947;0;0;0;0;375544
7211;gov2;IDX_SAWIT;10;4;10;293372;293334;0;0;0;0;293926
7450;gov2;IDX_SAWIT;10;8;10;536440;536392;0;0;0;0;537045
7552;gov2;IDX_SAWIT;10;3;10;45394;45358;0;0;0;0;45999
7635;gov2;IDX_SAWIT;10;1;10;615;585;0;0;0;0;1089
7712;gov2;IDX_SAWIT;10;5;10;38381;38355;0;0;0;0;38940
7956;gov2;IDX_SAWIT;10;2;10;30712;30679;0;0;0;0;31270
8018;gov2;IDX_SAWIT;10;6;10;185640;185599;0;0;0;0;186221
8847;gov2;IDX_SAWIT;10;2;10;88747;88713;0;0;0;0;89348
8946;gov2;IDX_SAWIT;10;6;4;26491;26447;0;0;0;0;27082
8961;gov2;IDX_SAWIT;10;5;10;9198;9156;0;0;0;0;9690
9061;gov2;IDX_SAWIT;10;3;10;631044;631022;0;0;0;0;631631
9178;gov2;IDX_SAWIT;10;4;10;372549;372510;0;0;0;0;373147
9275;gov2;IDX_SAWIT;10;4;10;286080;286041;0;0;0;0;286679
9523;gov2;IDX_SAWIT;10;5;10;3279813;3279772;0;0;0;0;3406674
9527;gov2;IDX_SAWIT;10;6;10;639629;639572;0;0;0;0;640273
9535;gov2;IDX_SAWIT;10;3;10;321214;321178;0;0;0;0;321851
9540;gov2;IDX_SAWIT;10;4;10;49631;49593;0;0;0;0;50187
9726;gov2;IDX_SAWIT;10;2;10;116784;116749;0;0;0;0;117382
9730;gov2;IDX_SAWIT;10;7;10;791358;791312;0;0;0;0;791969
9839;gov2;IDX_SAWIT;10;4;10;1235785;1235747;0;0;0;0;1236383
9840;gov2;IDX_SAWIT;10;3;10;718283;718247;0;0;0;0;718893
9866;gov2;IDX_SAWIT;10;4;10;51041;51002;0;0;0;0;51640
9950;gov2;IDX_SAWIT;10;3;10;39965;39928;0;0;0;0;40577
9957;gov2;IDX_SAWIT;10;2;10;22895;22864;0;0;0;0;23379
9977;gov2;IDX_SAWIT;10;3;10;6998;6973;0;0;0;0;7427
9991;gov2;IDX_SAWIT;10;9;2;389376;389340;0;0;0;0;389973
10021;gov2;IDX_SAWIT;10;4;10;448259;448220;0;0;0;0;448849
10063;gov2;IDX_SAWIT;10;3;10;304947;304909;0;0;0;0;305548
10139;gov2;IDX_SAWIT;10;3;10;23618;23582;0;0;0;0;24180
10231;gov2;IDX_SAWIT;10;8;10;5641;5597;0;0;0;0;6111
10395;gov2;IDX_SAWIT;10;3;10;35992;35970;0;0;0;0;36517
10397;gov2;IDX_SAWIT;10;6;10;368093;368051;0;0;0;0;368697
10470;gov2;IDX_SAWIT;10;4;10;967931;967891;0;0;0;0;971864
11060;gov2;IDX_SAWIT;10;2;10;107622;107588;0;0;0;0;108230
11077;gov2;IDX_SAWIT;10;3;10;179463;179427;0;0;0;0;180067
11155;gov2;IDX_SAWIT;10;5;1;2146;2105;0;0;0;0;2637
68;gov2;IDX_SAWIT;10;4;10;5492;5469;0;0;0;0;5959
250;gov2;IDX_SAWIT;10;6;10;2828973;2828945;0;0;0;0;2829549
503;gov2;IDX_SAWIT;10;4;10;88781;88742;0;0;0;0;89347
561;gov2;IDX_SAWIT;10;8;10;3519915;3519868;0;0;0;0;3520487
683;gov2;IDX_SAWIT;10;5;10;591198;591156;0;0;0;0;591826
918;gov2;IDX_SAWIT;10;7;10;555421;555374;0;0;0;0;556001
1153;gov2;IDX_SAWIT;10;5;10;194095;194053;0;0;0;0;194659
1178;gov2;IDX_SAWIT;10;6;10;419011;418967;0;0;0;0;419545
1206;gov2;IDX_SAWIT;10;4;10;1922278;1922240;0;0;0;0;1926565
1394;gov2;IDX_SAWIT;10;5;5;1611;1566;0;0;0;0;2050
1465;gov2;IDX_SAWIT;10;3;10;56325;56303;0;0;0;0;56881
1734;gov2;IDX_SAWIT;10;4;10;120708;120670;0;0;0;0;121313
1847;gov2;IDX_SAWIT;10;4;10;1530707;1530668;0;0;0;0;1534978
1984;gov2;IDX_SAWIT;10;2;10;17714;17681;0;0;0;0;18289
2007;gov2;IDX_SAWIT;10;4;10;191227;191194;0;0;0;0;191814
2127;gov2;IDX_SAWIT;10;9;10;175824;175771;0;0;0;0;176420
2176;gov2;IDX_SAWIT;10;4;10;1615139;1615101;0;0;0;0;1619868
2198;gov2;IDX_SAWIT;10;4;9;5313;5273;0;0;0;0;5798
2203;gov2;IDX_SAWIT;10;2;10;310546;310526;0;0;0;0;311151
2244;gov2;IDX_SAWIT;10;3;10;542407;542369;0;0;0;0;542994
2388;gov2;IDX_SAWIT;10;2;10;33777;33743;0;0;0;0;34362
2440;gov2;IDX_SAWIT;10;3;10;488646;488612;0;0;0;0;489250
2653;gov2;IDX_SAWIT;10;5;10;498985;498944;0;0;0;0;499583
2875;gov2;IDX_SAWIT;10;4;10;214359;214321;0;0;0;0;214944
2896;gov2;IDX_SAWIT;10;3;10;833420;833384;0;0;0;0;834027
3219;gov2;IDX_SAWIT;10;5;10;217787;217744;0;0;0;0;218376
3414;gov2;IDX_SAWIT;10;4;10;401176;401138;0;0;0;0;401810
3605;gov2;IDX_SAWIT;10;4;10;519588;519552;0;0;0;0;520162
3622;gov2;IDX_SAWIT;10;4;10;350662;350624;0;0;0;0;351231
3768;gov2;IDX_SAWIT;10;4;10;150152;150114;0;0;0;0;150717
3910;gov2;IDX_SAWIT;10;6;10;150732;150691;0;0;0;0;151296
3931;gov2;IDX_SAWIT;10;4;10;4411112;4411075;0;0;0;0;4704834
4257;gov2;IDX_SAWIT;10;2;10;17406;17364;0;0;0;0;17927
4314;gov2;IDX_SAWIT;10;3;10;15326;15301;0;0;0;0;15839
4411;gov2;IDX_SAWIT;10;3;10;888551;888527;0;0;0;0;889160
4415;gov2;IDX_SAWIT;10;3;10;188619;188580;0;0;0;0;189216
4448;gov2;IDX_SAWIT;10;6;10;1483077;1483034;0;0;0;0;1483687
4523;gov2;IDX_SAWIT;10;9;10;3706965;3706915;0;0;0;0;3707561
4572;gov2;IDX_SAWIT;10;5;10;430008;429966;0;0;0;0;430588
4708;gov2;IDX_SAWIT;10;3;10;119988;119952;0;0;0;0;120598
4712;gov2;IDX_SAWIT;10;2;10;23132;23098;0;0;0;0;23690
4720;gov2;IDX_SAWIT;10;3;10;4947;4915;0;0;0;0;5427
4727;gov2;IDX_SAWIT;10;5;10;167539;167513;0;0;0;0;168128
4740;gov2;IDX_SAWIT;10;3;8;24639;24603;0;0;0;0;25216
4875;gov2;IDX_SAWIT;10;2;10;129805;129774;0;0;0;0;130408
4956;gov2;IDX_SAWIT;10;3;10;764878;764841;0;0;0;0;768562
4983;gov2;IDX_SAWIT;10;9;10;426526;426475;0;0;0;0;427132
5013;gov2;IDX_SAWIT;10;3;10;32882;32846;0;0;0;0;33467
5017;gov2;IDX_SAWIT;10;5;10;233912;233871;0;0;0;0;234532
5138;gov2;IDX_SAWIT;10;3;0;321;285;0;0;0;0;796
5258;gov2;IDX_SAWIT;10;6;10;753575;753548;0;0;0;0;754168
5884;gov2;IDX_SAWIT;10;6;10;2406656;2406611;0;0;0;0;2410838
5927;gov2;IDX_SAWIT;10;16;2;32168;32076;0;0;0;0;32811
5941;gov2;IDX_SAWIT;10;3;10;8953;8917;0;0;0;0;9433
5971;gov2;IDX_SAWIT;10;12;10;118322;118279;0;0;0;0;118916
6062;gov2;IDX_SAWIT;10;4;10;119586;119547;0;0;0;0;120169
6161;gov2;IDX_SAWIT;10;3;10;66781;66745;0;0;0;0;67362
6480;gov2;IDX_SAWIT;10;2;10;21887;21853;0;0;0;0;22442
6785;gov2;IDX_SAWIT;10;3;10;148102;148072;0;0;0;0;148699
6811;gov2;IDX_SAWIT;10;5;10;2009850;2009797;0;0;0;0;2010471
7005;gov2;IDX_SAWIT;10;4;10;230877;230838;0;0;0;0;231476
7078;gov2;IDX_SAWIT;10;5;10;924931;924888;0;0;0;0;925533
7172;gov2;IDX_SAWIT;10;2;10;604161;604127;0;0;0;0;607707
7188;gov2;IDX_SAWIT;10;4;10;374498;374458;0;0;0;0;375091
7211;gov2;IDX_SAWIT;10;4;10;292713;292674;0;0;0;0;293325
7450;gov2;IDX_SAWIT;10;8;10;535225;535178;0;0;0;0;535804
7552;gov2;IDX_SAWIT;10;3;10;45400;45363;0;0;0;0;45999
7635;gov2;IDX_SAWIT;10;1;10;617;586;0;0;0;0;1103
7712;gov2;IDX_SAWIT;10;5;10;38374;38349;0;0;0;0;38892
7956;gov2;IDX_SAWIT;10;2;10;30683;30650;0;0;0;0;31249
8018;gov2;IDX_SAWIT;10;6;10;185572;185530;0;0;0;0;186171
8847;gov2;IDX_SAWIT;10;2;10;88511;88476;0;0;0;0;89110
8946;gov2;IDX_SAWIT;10;6;4;26475;26430;0;0;0;0;27068
8961;gov2;IDX_SAWIT;10;5;10;9184;9143;0;0;0;0;9657
9061;gov2;IDX_SAWIT;10;3;10;629414;629392;0;0;0;0;630016
9178;gov2;IDX_SAWIT;10;4;10;372544;372505;0;0;0;0;373134
9275;gov2;IDX_SAWIT;10;4;10;286326;286288;0;0;0;0;286915
9523;gov2;IDX_SAWIT;10;5;10;3278510;3278469;0;0;0;0;3406080
9527;gov2;IDX_SAWIT;10;6;10;639369;639313;0;0;0;0;640013
9535;gov2;IDX_SAWIT;10;3;10;319315;319279;0;0;0;0;319928
9540;gov2;IDX_SAWIT;10;4;10;49468;49429;0;0;0;0;50025
9726;gov2;IDX_SAWIT;10;2;10;115591;115556;0;0;0;0;116188
9730;gov2;IDX_SAWIT;10;7;10;791181;791135;0;0;0;0;791786
9839;gov2;IDX_SAWIT;10;4;10;1233507;1233468;0;0;0;0;1234102
9840;gov2;IDX_SAWIT;10;3;10;715834;715797;0;0;0;0;716445
9866;gov2;IDX_SAWIT;10;4;10;50982;50941;0;0;0;0;51574
9950;gov2;IDX_SAWIT;10;3;10;39983;39947;0;0;0;0;40565
9957;gov2;IDX_SAWIT;10;2;10;22873;22842;0;0;0;0;23364
9977;gov2;IDX_SAWIT;10;3;10;7017;6991;0;0;0;0;7453
9991;gov2;IDX_SAWIT;10;9;2;391117;391080;0;0;0;0;391712
10021;gov2;IDX_SAWIT;10;4;10;447311;447272;0;0;0;0;447896
10063;gov2;IDX_SAWIT;10;3;10;302893;302854;0;0;0;0;303524
10139;gov2;IDX_SAWIT;10;3;10;23593;23557;0;0;0;0;24153
10231;gov2;IDX_SAWIT;10;8;10;5641;5596;0;0;0;0;6117
10395;gov2;IDX_SAWIT;10;3;10;35946;35925;0;0;0;0;36508
10397;gov2;IDX_SAWIT;10;6;10;368482;368440;0;0;0;0;369114
10470;gov2;IDX_SAWIT;10;4;10;966194;966154;0;0;0;0;970134
11060;gov2;IDX_SAWIT;10;2;10;107245;107212;0;0;0;0;107846
11077;gov2;IDX_SAWIT;10;3;10;178604;178567;0;0;0;0;179213
11155;gov2;IDX_SAWIT;10;5;1;2143;2102;0;0;0;0;2617
68;gov2;IDX_SAWIT;100;4;13;5771;5740;0;0;0;0;6624
250;gov2;IDX_SAWIT;100;6;100;3336616;3336590;0;0;0;0;3337069
503;gov2;IDX_SAWIT;100;4;100;99288;99250;0;0;0;0;99808
561;gov2;IDX_SAWIT;100;8;100;4393160;4393110;0;0;0;0;4398468
683;gov2;IDX_SAWIT;100;5;100;614676;614634;0;0;0;0;615196
918;gov2;IDX_SAWIT;100;7;28;419635;419592;0;0;0;0;420247
1153;gov2;IDX_SAWIT;100;5;100;264034;263992;0;0;0;0;264665
1178;gov2;IDX_SAWIT;100;6;100;409814;409769;0;0;0;0;410435
1206;gov2;IDX_SAWIT;100;4;100;2530137;2530097;0;0;0;0;2534522
1394;gov2;IDX_SAWIT;100;5;5;1614;1570;0;0;0;0;2142
1465;gov2;IDX_SAWIT;100;3;100;164319;164298;0;0;0;0;164882
1734;gov2;IDX_SAWIT;100;4;100;282711;282671;0;0;0;0;283299
1847;gov2;IDX_SAWIT;100;4;100;2034007;2033969;0;0;0;0;2038430
1984;gov2;IDX_SAWIT;100;2;12;19190;19155;0;0;0;0;19774
2007;gov2;IDX_SAWIT;100;4;100;398044;398010;0;0;0;0;398714
2127;gov2;IDX_SAWIT;100;9;100;186076;186024;0;0;0;0;186823
2176;gov2;IDX_SAWIT;100;4;100;2229511;2229472;0;0;0;0;2230183
2198;gov2;IDX_SAWIT;100;4;9;97434;97394;0;0;0;0;97954
2203;gov2;IDX_SAWIT;100;2;100;409959;409924;0;0;0;0;410597
2244;gov2;IDX_SAWIT;100;3;100;791350;791313;0;0;0;0;791993
2388;gov2;IDX_SAWIT;100;2;100;56897;56864;0;0;0;0;57536
2440;gov2;IDX_SAWIT;100;3;100;648934;648897;0;0;0;0;649572
2653;gov2;IDX_SAWIT;100;5;100;719887;719846;0;0;0;0;720531
2875;gov2;IDX_SAWIT;100;4;100;373160;373122;0;0;0;0;373776
2896;gov2;IDX_SAWIT;100;3;100;1041538;1041503;0;0;0;0;1042181
3219;gov2;IDX_SAWIT;100;5;100;661998;661957;0;0;0;0;662641
3414;gov2;IDX_SAWIT;100;4;100;675499;675460;0;0;0;0;676145
3605;gov2;IDX_SAWIT;100;4;100;858909;858870;0;0;0;0;859551
3622;gov2;IDX_SAWIT;100;4;100;647866;647827;0;0;0;0;648505
3768;gov2;IDX_SAWIT;100;4;100;299222;299182;0;0;0;0;299818
3910;gov2;IDX_SAWIT;100;6;35;151847;151804;0;0;0;0;152507
3931;gov2;IDX_SAWIT;100;4;100;6477842;6477804;0;0;0;0;6817040
4257;gov2;IDX_SAWIT;100;2;100;44100;44051;0;0;0;0;44713
4314;gov2;IDX_SAWIT;100;3;100;35383;35347;0;0;0;0;35963
4411;gov2;IDX_SAWIT;100;3;100;1237153;1237119;0;0;0;0;1240804
4415;gov2;IDX_SAWIT;100;3;100;361481;361442;0;0;0;0;362088
4448;gov2;IDX_SAWIT;100;6;100;1848857;1848814;0;0;0;0;1849461
4523;gov2;IDX_SAWIT;100;9;100;4217295;4217245;0;0;0;0;4222223
4572;gov2;IDX_SAWIT;100;5;100;971478;971435;0;0;0;0;972085
4708;gov2;IDX_SAWIT;100;3;100;205459;205422;0;0;0;0;206061
4712;gov2;IDX_SAWIT;100;2;100;39865;39831;0;0;0;0;40431
4720;gov2;IDX_SAWIT;100;3;100;10717;10673;0;0;0;0;11218
4727;gov2;IDX_SAWIT;100;5;100;239805;239777;0;0;0;0;240405
4740;gov2;IDX_SAWIT;100;3;8;24754;24718;0;0;0;0;25299
4875;gov2;IDX_SAWIT;100;2;100;227806;227776;0;0;0;0;228414
4956;gov2;IDX_SAWIT;100;3;100;948183;948146;0;0;0;0;952091
4983;gov2;IDX_SAWIT;100;9;100;524311;524260;0;0;0;0;524882
5013;gov2;IDX_SAWIT;100;3;100;82515;82479;0;0;0;0;83081
5017;gov2;IDX_SAWIT;100;5;100;574640;574598;0;0;0;0;575217
5138;gov2;IDX_SAWIT;100;3;0;323;286;0;0;0;0;808
5258;gov2;IDX_SAWIT;100;6;100;1013675;1013648;0;0;0;0;1014344
5884;gov2;IDX_SAWIT;100;6;100;2909200;2909156;0;0;0;0;2909903
5927;gov2;IDX_SAWIT;100;16;2;32207;32138;0;0;0;0;32875
5941;gov2;IDX_SAWIT;100;3;100;27719;27684;0;0;0;0;28367
5971;gov2;IDX_SAWIT;100;12;100;143990;143933;0;0;0;0;144634
6062;gov2;IDX_SAWIT;100;4;23;125833;125794;0;0;0;0;126487
6161;gov2;IDX_SAWIT;100;3;100;146479;146445;0;0;0;0;147117
6480;gov2;IDX_SAWIT;100;2;100;47391;47357;0;0;0;0;48067
6785;gov2;IDX_SAWIT;100;3;100;204420;204384;0;0;0;0;205063
6811;gov2;IDX_SAWIT;100;5;100;2312114;2312071;0;0;0;0;2312769
7005;gov2;IDX_SAWIT;100;4;100;350625;350585;0;0;0;0;351284
7078;gov2;IDX_SAWIT;100;5;100;1075759;1075717;0;0;0;0;1076408
7172;gov2;IDX_SAWIT;100;2;100;900232;900199;0;0;0;0;904206
7188;gov2;IDX_SAWIT;100;4;100;530489;530449;0;0;0;0;531153
7211;gov2;IDX_SAWIT;100;4;100;386792;386753;0;0;0;0;387438
7450;gov2;IDX_SAWIT;100;8;100;780517;780468;0;0;0;0;781157
7552;gov2;IDX_SAWIT;100;3;79;58287;58251;0;0;0;0;58922
7635;gov2;IDX_SAWIT;100;1;100;3720;3690;0;0;0;0;4243
7712;gov2;IDX_SAWIT;100;5;53;60440;60414;0;0;0;0;61043
7956;gov2;IDX_SAWIT;100;2;100;56190;56155;0;0;0;0;56767
8018;gov2;IDX_SAWIT;100;6;53;202566;202523;0;0;0;0;203208
8847;gov2;IDX_SAWIT;100;2;100;140275;140240;0;0;0;0;140952
8946;gov2;IDX_SAWIT;100;6;4;26679;26634;0;0;0;0;27300
8961;gov2;IDX_SAWIT;100;5;23;9445;9404;0;0;0;0;9964
9061;gov2;IDX_SAWIT;100;3;100;978605;978583;0;0;0;0;979131
9178;gov2;IDX_SAWIT;100;4;100;575125;575087;0;0;0;0;575715
9275;gov2;IDX_SAWIT;100;4;100;387577;387539;0;0;0;0;388182
9523;gov2;IDX_SAWIT;100;5;100;4538452;4538411;0;0;0;0;4690813
9527;gov2;IDX_SAWIT;100;6;100;824894;824842;0;0;0;0;825515
9535;gov2;IDX_SAWIT;100;3;100;452697;452661;0;0;0;0;453285
9540;gov2;IDX_SAWIT;100;4;11;49533;49496;0;0;0;0;50130
9726;gov2;IDX_SAWIT;100;2;100;168525;168492;0;0;0;0;169020
9730;gov2;IDX_SAWIT;100;7;100;818038;817994;0;0;0;0;818630
9839;gov2;IDX_SAWIT;100;4;100;1467381;1467344;0;0;0;0;1468001
9840;gov2;IDX_SAWIT;100;3;100;1047850;1047813;0;0;0;0;1051587
9866;gov2;IDX_SAWIT;100;4;100;104606;104566;0;0;0;0;105242
9950;gov2;IDX_SAWIT;100;3;100;62930;62892;0;0;0;0;63435
9957;gov2;IDX_SAWIT;100;2;100;45095;45069;0;0;0;0;45515
9977;gov2;IDX_SAWIT;100;3;100;23069;23041;0;0;0;0;23436
9991;gov2;IDX_SAWIT;100;9;2;385701;385655;0;0;0;0;386130
10021;gov2;IDX_SAWIT;100;4;100;629038;629007;0;0;0;0;629442
10063;gov2;IDX_SAWIT;100;3;100;456930;456899;0;0;0;0;457346
10139;gov2;IDX_SAWIT;100;3;100;81738;81710;0;0;0;0;82147
10231;gov2;IDX_SAWIT;100;8;100;13644;13605;0;0;0;0;13963
10395;gov2;IDX_SAWIT;100;3;100;120176;120159;0;0;0;0;120570
10397;gov2;IDX_SAWIT;100;6;100;729364;729329;0;0;0;0;729736
10470;gov2;IDX_SAWIT;100;4;100;1242566;1242535;0;0;0;0;1246300
11060;gov2;IDX_SAWIT;100;2;100;202463;202435;0;0;0;0;202838
11077;gov2;IDX_SAWIT;100;3;100;289454;289426;0;0;0;0;289838
11155;gov2;IDX_SAWIT;100;5;1;2017;1985;0;0;0;0;2284
68;gov2;IDX_SAWIT;100;4;13;5156;5141;0;0;0;0;5415
250;gov2;IDX_SAWIT;100;6;100;3220647;3220630;0;0;0;0;3221030
503;gov2;IDX_SAWIT;100;4;100;93439;93407;0;0;0;0;93814
561;gov2;IDX_SAWIT;100;8;100;4297904;4297865;0;0;0;0;4303136
683;gov2;IDX_SAWIT;100;5;100;576239;576204;0;0;0;0;576625
918;gov2;IDX_SAWIT;100;7;28;396370;396335;0;0;0;0;396771
1153;gov2;IDX_SAWIT;100;5;100;248024;247992;0;0;0;0;248428
1178;gov2;IDX_SAWIT;100;6;100;386857;386822;0;0;0;0;387243
1206;gov2;IDX_SAWIT;100;4;100;2387939;2387908;0;0;0;0;2392014
1394;gov2;IDX_SAWIT;100;5;5;1590;1540;0;0;0;0;2028
1465;gov2;IDX_SAWIT;100;3;100;163296;163276;0;0;0;0;163774
1734;gov2;IDX_SAWIT;100;4;100;282032;281994;0;0;0;0;282647
1847;gov2;IDX_SAWIT;100;4;100;2026912;2026874;0;0;0;0;2031172
1984;gov2;IDX_SAWIT;100;2;12;19148;19121;0;0;0;0;19589
2007;gov2;IDX_SAWIT;100;4;100;397784;397751;0;0;0;0;398365
2127;gov2;IDX_SAWIT;100;9;100;185908;185860;0;0;0;0;186443
2176;gov2;IDX_SAWIT;100;4;100;2218473;2218443;0;0;0;0;2218864
2198;gov2;IDX_SAWIT;100;4;9;92232;92202;0;0;0;0;92610
2203;gov2;IDX_SAWIT;100;2;100;391152;391125;0;0;0;0;391535
2244;gov2;IDX_SAWIT;100;3;100;748577;748548;0;0;0;0;748963
2388;gov2;IDX_SAWIT;100;2;100;53596;53565;0;0;0;0;53966
2440;gov2;IDX_SAWIT;100;3;100;611983;611955;0;0;0;0;612365
2653;gov2;IDX_SAWIT;100;5;100;679721;679689;0;0;0;0;680105
2875;gov2;IDX_SAWIT;100;4;100;347347;347317;0;0;0;0;347735
2896;gov2;IDX_SAWIT;100;3;100;985512;985483;0;0;0;0;985905
3219;gov2;IDX_SAWIT;100;5;100;623214;623182;0;0;0;0;623601
3414;gov2;IDX_SAWIT;100;4;100;638088;638057;0;0;0;0;638475
3605;gov2;IDX_SAWIT;100;4;100;808981;808951;0;0;0;0;809390
3622;gov2;IDX_SAWIT;100;4;100;615289;615258;0;0;0;0;615651
3768;gov2;IDX_SAWIT;100;4;100;282878;282846;0;0;0;0;283259
3910;gov2;IDX_SAWIT;100;6;35;143516;143482;0;0;0;0;143972
3931;gov2;IDX_SAWIT;100;4;100;6503874;6503837;0;0;0;0;6845367
4257;gov2;IDX_SAWIT;100;2;100;44104;44060;0;0;0;0;44748
4314;gov2;IDX_SAWIT;100;3;100;35414;35379;0;0;0;0;36051
4411;gov2;IDX_SAWIT;100;3;100;1244922;1244888;0;0;0;0;1248687
4415;gov2;IDX_SAWIT;100;3;100;361964;361925;0;0;0;0;362610
4448;gov2;IDX_SAWIT;100;6;100;1866144;1866101;0;0;0;0;1866784
4523;gov2;IDX_SAWIT;100;9;100;4314797;4314746;0;0;0;0;4320068
4572;gov2;IDX_SAWIT;100;5;100;972387;972344;0;0;0;0;973016
4708;gov2;IDX_SAWIT;100;3;100;205356;205318;0;0;0;0;206035
4712;gov2;IDX_SAWIT;100;2;100;39816;39783;0;0;0;0;40465
4720;gov2;IDX_SAWIT;100;3;100;10730;10694;0;0;0;0;11289
4727;gov2;IDX_SAWIT;100;5;100;243618;243589;0;0;0;0;244226
4740;gov2;IDX_SAWIT;100;3;8;24807;24771;0;0;0;0;25456
4875;gov2;IDX_SAWIT;100;2;100;227691;227661;0;0;0;0;228319
4956;gov2;IDX_SAWIT;100;3;100;943303;943266;0;0;0;0;947274
4983;gov2;IDX_SAWIT;100;9;100;525267;525216;0;0;0;0;525922
5013;gov2;IDX_SAWIT;100;3;100;82407;82371;0;0;0;0;83050
5017;gov2;IDX_SAWIT;100;5;100;574828;574786;0;0;0;0;575516
5138;gov2;IDX_SAWIT;100;3;0;322;286;0;0;0;0;838
5258;gov2;IDX_SAWIT;100;6;100;1021120;1021092;0;0;0;0;1021760
5884;gov2;IDX_SAWIT;100;6;100;2842367;2842322;0;0;0;0;2843014
5927;gov2;IDX_SAWIT;100;16;2;32076;32007;0;0;0;0;32737
5941;gov2;IDX_SAWIT;100;3;100;27670;27634;0;0;0;0;28225
5971;gov2;IDX_SAWIT;100;12;100;143988;143932;0;0;0;0;144537
6062;gov2;IDX_SAWIT;100;4;23;124902;124865;0;0;0;0;125449
6161;gov2;IDX_SAWIT;100;3;100;139760;139723;0;0;0;0;140332
6480;gov2;IDX_SAWIT;100;2;100;47420;47386;0;0;0;0;47949
6785;gov2;IDX_SAWIT;100;3;100;203712;203679;0;0;0;0;204304
6811;gov2;IDX_SAWIT;100;5;100;2307485;2307443;0;0;0;0;2308124
7005;gov2;IDX_SAWIT;100;4;100;351699;351661;0;0;0;0;352241
7078;gov2;IDX_SAWIT;100;5;100;1074898;1074859;0;0;0;0;1075416
7172;gov2;IDX_SAWIT;100;2;100;897406;897379;0;0;0;0;901228
7188;gov2;IDX_SAWIT;100;4;100;529932;529894;0;0;0;0;530471
7211;gov2;IDX_SAWIT;100;4;100;385200;385164;0;0;0;0;385692
7450;gov2;IDX_SAWIT;100;8;100;779448;779410;0;0;0;0;779927
7552;gov2;IDX_SAWIT;100;3;79;58308;58273;0;0;0;0;58846
7635;gov2;IDX_SAWIT;100;1;100;3687;3657;0;0;0;0;4069
7712;gov2;IDX_SAWIT;100;5;53;60153;60136;0;0;0;0;60539
7956;gov2;IDX_SAWIT;100;2;100;56226;56200;0;0;0;0;56627
8018;gov2;IDX_SAWIT;100;6;53;202292;202255;0;0;0;0;202698
8847;gov2;IDX_SAWIT;100;2;100;139776;139750;0;0;0;0;140194
8946;gov2;IDX_SAWIT;100;6;4;26578;26541;0;0;0;0;27052
8961;gov2;IDX_SAWIT;100;5;23;9448;9407;0;0;0;0;9982
9061;gov2;IDX_SAWIT;100;3;100;982555;982533;0;0;0;0;983082
9178;gov2;IDX_SAWIT;100;4;100;578541;578502;0;0;0;0;579160
9275;gov2;IDX_SAWIT;100;4;100;386519;386480;0;0;0;0;387002
9523;gov2;IDX_SAWIT;100;5;100;4519044;4519011;0;0;0;0;4671011
9527;gov2;IDX_SAWIT;100;6;100;825605;825554;0;0;0;0;826164
9535;gov2;IDX_SAWIT;100;3;100;452675;452640;0;0;0;0;453219
9540;gov2;IDX_SAWIT;100;4;11;49541;49505;0;0;0;0;50101
9726;gov2;IDX_SAWIT;100;2;100;168618;168585;0;0;0;0;169160
9730;gov2;IDX_SAWIT;100;7;100;818665;818619;0;0;0;0;819141
9839;gov2;IDX_SAWIT;100;4;100;1453480;1453449;0;0;0;0;1453957
9840;gov2;IDX_SAWIT;100;3;100;1049940;1049904;0;0;0;0;1053632
9866;gov2;IDX_SAWIT;100;4;100;104643;104604;0;0;0;0;105200
9950;gov2;IDX_SAWIT;100;3;100;62902;62865;0;0;0;0;63443
9957;gov2;IDX_SAWIT;100;2;100;45143;45111;0;0;0;0;45682
9977;gov2;IDX_SAWIT;100;3;100;23115;23083;0;0;0;0;23660
9991;gov2;IDX_SAWIT;100;9;2;385206;385159;0;0;0;0;385700
10021;gov2;IDX_SAWIT;100;4;100;628079;628048;0;0;0;0;628496
10063;gov2;IDX_SAWIT;100;3;100;457033;457002;0;0;0;0;457423
10139;gov2;IDX_SAWIT;100;3;100;81780;81751;0;0;0;0;82305
10231;gov2;IDX_SAWIT;100;8;100;13696;13648;0;0;0;0;14177
10395;gov2;IDX_SAWIT;100;3;100;120186;120162;0;0;0;0;120700
10397;gov2;IDX_SAWIT;100;6;100;753160;753117;0;0;0;0;753668
10470;gov2;IDX_SAWIT;100;4;100;1300517;1300486;0;0;0;0;1304237
11060;gov2;IDX_SAWIT;100;2;100;204558;204531;0;0;0;0;204942
11077;gov2;IDX_SAWIT;100;3;100;292469;292442;0;0;0;0;292848
11155;gov2;IDX_SAWIT;100;5;1;2019;1988;0;0;0;0;2290
68;gov2;IDX_SAWIT;100;4;13;5154;5140;0;0;0;0;5426
250;gov2;IDX_SAWIT;100;6;100;3230806;3230788;0;0;0;0;3231189
503;gov2;IDX_SAWIT;100;4;100;93838;93807;0;0;0;0;94298
561;gov2;IDX_SAWIT;100;8;100;4447816;4447767;0;0;0;0;4453124
683;gov2;IDX_SAWIT;100;5;100;575722;575688;0;0;0;0;576204
918;gov2;IDX_SAWIT;100;7;28;418834;418789;0;0;0;0;419410
1153;gov2;IDX_SAWIT;100;5;100;263704;263671;0;0;0;0;264193
1178;gov2;IDX_SAWIT;100;6;100;410675;410630;0;0;0;0;411248
1206;gov2;IDX_SAWIT;100;4;100;2476725;2476693;0;0;0;0;2480725
1394;gov2;IDX_SAWIT;100;5;5;1526;1492;0;0;0;0;1803
1465;gov2;IDX_SAWIT;100;3;100;153250;153236;0;0;0;0;153629
1734;gov2;IDX_SAWIT;100;4;100;267118;267086;0;0;0;0;267611
1847;gov2;IDX_SAWIT;100;4;100;2017199;2017160;0;0;0;0;2021384
1984;gov2;IDX_SAWIT;100;2;12;18145;18117;0;0;0;0;18565
2007;gov2;IDX_SAWIT;100;4;100;398091;398057;0;0;0;0;398568
2127;gov2;IDX_SAWIT;100;9;100;186066;186024;0;0;0;0;186477
2176;gov2;IDX_SAWIT;100;4;100;2199394;2199363;0;0;0;0;2199881
2198;gov2;IDX_SAWIT;100;4;9;93923;93888;0;0;0;0;94466
2203;gov2;IDX_SAWIT;100;2;100;410626;410593;0;0;0;0;411119
2244;gov2;IDX_SAWIT;100;3;100;788752;788722;0;0;0;0;789169
2388;gov2;IDX_SAWIT;100;2;100;56690;56663;0;0;0;0;57090
2440;gov2;IDX_SAWIT;100;3;100;648799;648769;0;0;0;0;649216
2653;gov2;IDX_SAWIT;100;5;100;689411;689378;0;0;0;0;689808
2875;gov2;IDX_SAWIT;100;4;100;352415;352384;0;0;0;0;352827
2896;gov2;IDX_SAWIT;100;3;100;988507;988479;0;0;0;0;988970
3219;gov2;IDX_SAWIT;100;5;100;666654;666613;0;0;0;0;667126
3414;gov2;IDX_SAWIT;100;4;100;673292;673260;0;0;0;0;673706
3605;gov2;IDX_SAWIT;100;4;100;846034;846003;0;0;0;0;846432
3622;gov2;IDX_SAWIT;100;4;100;615183;615153;0;0;0;0;615572
3768;gov2;IDX_SAWIT;100;4;100;283926;283896;0;0;0;0;284414
3910;gov2;IDX_SAWIT;100;6;35;152125;152081;0;0;0;0;152655
3931;gov2;IDX_SAWIT;100;4;100;6376977;6376939;0;0;0;0;6709515
4257;gov2;IDX_SAWIT;100;2;100;44675;44631;0;0;0;0;45325
4314;gov2;IDX_SAWIT;100;3;100;35388;35352;0;0;0;0;36021
4411;gov2;IDX_SAWIT;100;3;100;1231611;1231577;0;0;0;0;1235351
4415;gov2;IDX_SAWIT;100;3;100;365055;365016;0;0;0;0;365701
4448;gov2;IDX_SAWIT;100;6;100;1865846;1865803;0;0;0;0;1866505
4523;gov2;IDX_SAWIT;100;9;100;4221770;4221720;0;0;0;0;4226746
4572;gov2;IDX_SAWIT;100;5;100;973154;973113;0;0;0;0;973717
4708;gov2;IDX_SAWIT;100;3;100;205944;205907;0;0;0;0;206588
4712;gov2;IDX_SAWIT;100;2;100;39902;39868;0;0;0;0;40545
4720;gov2;IDX_SAWIT;100;3;100;10711;10674;0;0;0;0;11146
4727;gov2;IDX_SAWIT;100;5;100;239773;239746;0;0;0;0;240282
4740;gov2;IDX_SAWIT;100;3;8;24765;24730;0;0;0;0;25319
4875;gov2;IDX_SAWIT;100;2;100;227722;227691;0;0;0;0;228351
4956;gov2;IDX_SAWIT;100;3;100;940404;940368;0;0;0;0;944282
4983;gov2;IDX_SAWIT;100;9;100;524956;524901;0;0;0;0;525535
5013;gov2;IDX_SAWIT;100;3;100;82409;82374;0;0;0;0;82974
5017;gov2;IDX_SAWIT;100;5;100;573746;573705;0;0;0;0;574215
5138;gov2;IDX_SAWIT;100;3;0;294;265;0;0;0;0;590
5258;gov2;IDX_SAWIT;100;6;100;1020032;1020013;0;0;0;0;1020437
5884;gov2;IDX_SAWIT;100;6;100;2752766;2752731;0;0;0;0;2753164
5927;gov2;IDX_SAWIT;100;16;2;30613;30558;0;0;0;0;31020
5941;gov2;IDX_SAWIT;100;3;100;25978;25949;0;0;0;0;26336
5971;gov2;IDX_SAWIT;100;12;100;135888;135844;0;0;0;0;136282
6062;gov2;IDX_SAWIT;100;4;23;117638;117608;0;0;0;0;118023
6161;gov2;IDX_SAWIT;100;3;100;131290;131262;0;0;0;0;131681
6480;gov2;IDX_SAWIT;100;2;100;44731;44704;0;0;0;0;45195
6785;gov2;IDX_SAWIT;100;3;100;204298;204262;0;0;0;0;204931
6811;gov2;IDX_SAWIT;100;5;100;2309730;2309690;0;0;0;0;2310209
7005;gov2;IDX_SAWIT;100;4;100;332216;332185;0;0;0;0;332607
7078;gov2;IDX_SAWIT;100;5;100;1014047;1014014;0;0;0;0;1014437
7172;gov2;IDX_SAWIT;100;2;100;853881;853855;0;0;0;0;857426
7188;gov2;IDX_SAWIT;100;4;100;500467;500435;0;0;0;0;500890
7211;gov2;IDX_SAWIT;100;4;100;363022;362992;0;0;0;0;363409
7450;gov2;IDX_SAWIT;100;8;100;735801;735764;0;0;0;0;736196
7552;gov2;IDX_SAWIT;100;3;79;54815;54787;0;0;0;0;55283
7635;gov2;IDX_SAWIT;100;1;100;3692;3662;0;0;0;0;4090
7712;gov2;IDX_SAWIT;100;5;53;60241;60215;0;0;0;0;60691
7956;gov2;IDX_SAWIT;100;2;100;56137;56111;0;0;0;0;56539
8018;gov2;IDX_SAWIT;100;6;53;202343;202308;0;0;0;0;202749
8847;gov2;IDX_SAWIT;100;2;100;139633;139606;0;0;0;0;140054
8946;gov2;IDX_SAWIT;100;6;4;26535;26499;0;0;0;0;26933
8961;gov2;IDX_SAWIT;100;5;23;9422;9389;0;0;0;0;9720
9061;gov2;IDX_SAWIT;100;3;100;982675;982660;0;0;0;0;983083
9178;gov2;IDX_SAWIT;100;4;100;575237;575205;0;0;0;0;575638
9275;gov2;IDX_SAWIT;100;4;100;364805;364774;0;0;0;0;365189
9523;gov2;IDX_SAWIT;100;5;100;4425032;4425000;0;0;0;0;4574703
9527;gov2;IDX_SAWIT;100;6;100;825875;825834;0;0;0;0;826362
9535;gov2;IDX_SAWIT;100;3;100;452766;452730;0;0;0;0;453300
9540;gov2;IDX_SAWIT;100;4;11;49539;49502;0;0;0;0;50090
9726;gov2;IDX_SAWIT;100;2;100;168762;168729;0;0;0;0;169305
9730;gov2;IDX_SAWIT;100;7;100;819160;819115;0;0;0;0;819676
9839;gov2;IDX_SAWIT;100;4;100;1451153;1451122;0;0;0;0;1451556
9840;gov2;IDX_SAWIT;100;3;100;993736;993708;0;0;0;0;997189
9866;gov2;IDX_SAWIT;100;4;100;104792;104752;0;0;0;0;105361
9950;gov2;IDX_SAWIT;100;3;100;62932;62895;0;0;0;0;63484
9957;gov2;IDX_SAWIT;100;2;100;45142;45110;0;0;0;0;45677
9977;gov2;IDX_SAWIT;100;3;100;23125;23091;0;0;0;0;23649
9991;gov2;IDX_SAWIT;100;9;2;385309;385263;0;0;0;0;385798
10021;gov2;IDX_SAWIT;100;4;100;628335;628305;0;0;0;0;628748
10063;gov2;IDX_SAWIT;100;3;100;457723;457693;0;0;0;0;458133
10139;gov2;IDX_SAWIT;100;3;100;81670;81641;0;0;0;0;82096
10231;gov2;IDX_SAWIT;100;8;100;13671;13631;0;0;0;0;13999
10395;gov2;IDX_SAWIT;100;3;100;120124;120106;0;0;0;0;120598
10397;gov2;IDX_SAWIT;100;6;100;753885;753841;0;0;0;0;754460
10470;gov2;IDX_SAWIT;100;4;100;1300074;1300041;0;0;0;0;1303897
11060;gov2;IDX_SAWIT;100;2;100;215498;215464;0;0;0;0;216061
11077;gov2;IDX_SAWIT;100;3;100;308141;308107;0;0;0;0;308622
11155;gov2;IDX_SAWIT;100;5;1;2140;2094;0;0;0;0;2482
68;gov2;IDX_SAWIT;1000;4;13;5781;5750;0;0;0;0;6652
250;gov2;IDX_SAWIT;1000;6;1000;3785448;3785421;0;0;0;0;3789984
503;gov2;IDX_SAWIT;1000;4;174;101452;101412;0;0;0;0;101994
561;gov2;IDX_SAWIT;1000;8;1000;5113628;5113579;0;0;0;0;5119268
683;gov2;IDX_SAWIT;1000;5;1000;772901;772859;0;0;0;0;773369
918;gov2;IDX_SAWIT;1000;7;28;430444;430410;0;0;0;0;430868
1153;gov2;IDX_SAWIT;1000;5;426;392166;392133;0;0;0;0;392670
1178;gov2;IDX_SAWIT;1000;6;1000;597533;597487;0;0;0;0;598057
1206;gov2;IDX_SAWIT;1000;4;1000;3198732;3198694;0;0;0;0;3202985
1394;gov2;IDX_SAWIT;1000;5;5;1515;1478;0;0;0;0;1809
1465;gov2;IDX_SAWIT;1000;3;681;181891;181878;0;0;0;0;182343
1734;gov2;IDX_SAWIT;1000;4;1000;508443;508404;0;0;0;0;508965
1847;gov2;IDX_SAWIT;1000;4;1000;2999206;2999174;0;0;0;0;3003430
1984;gov2;IDX_SAWIT;1000;2;12;18126;18097;0;0;0;0;18481
2007;gov2;IDX_SAWIT;1000;4;1000;764831;764805;0;0;0;0;765230
2127;gov2;IDX_SAWIT;1000;9;221;176175;176134;0;0;0;0;176633
2176;gov2;IDX_SAWIT;1000;4;1000;3231181;3231144;0;0;0;0;3330753
2198;gov2;IDX_SAWIT;1000;4;9;5596;5550;0;0;0;0;6068
2203;gov2;IDX_SAWIT;1000;2;1000;924307;924288;0;0;0;0;928400
2244;gov2;IDX_SAWIT;1000;3;1000;1100351;1100312;0;0;0;0;1100941
2388;gov2;IDX_SAWIT;1000;2;1000;170432;170399;0;0;0;0;170982
2440;gov2;IDX_SAWIT;1000;3;1000;794461;794424;0;0;0;0;795028
2653;gov2;IDX_SAWIT;1000;5;1000;829791;829751;0;0;0;0;830333
2875;gov2;IDX_SAWIT;1000;4;1000;473699;473662;0;0;0;0;474267
2896;gov2;IDX_SAWIT;1000;3;1000;1424013;1423975;0;0;0;0;1424595
3219;gov2;IDX_SAWIT;1000;5;1000;792104;792063;0;0;0;0;792669
3414;gov2;IDX_SAWIT;1000;4;1000;916754;916717;0;0;0;0;917244
3605;gov2;IDX_SAWIT;1000;4;1000;1472092;1472061;0;0;0;0;1472560
3622;gov2;IDX_SAWIT;1000;4;1000;1173001;1172964;0;0;0;0;1173553
3768;gov2;IDX_SAWIT;1000;4;1000;481172;481133;0;0;0;0;481713
3910;gov2;IDX_SAWIT;1000;6;35;152297;152256;0;0;0;0;152832
3931;gov2;IDX_SAWIT;1000;4;1000;8431626;8431588;0;0;0;0;8810926
4257;gov2;IDX_SAWIT;1000;2;336;80760;80723;0;0;0;0;81273
4314;gov2;IDX_SAWIT;1000;3;1000;116351;116315;0;0;0;0;116897
4411;gov2;IDX_SAWIT;1000;3;1000;1654545;1654510;0;0;0;0;1658341
4415;gov2;IDX_SAWIT;1000;3;182;377741;377703;0;0;0;0;378267
4448;gov2;IDX_SAWIT;1000;6;1000;2227043;2227002;0;0;0;0;2227498
4523;gov2;IDX_SAWIT;1000;9;1000;4499031;4498993;0;0;0;0;4504054
4572;gov2;IDX_SAWIT;1000;5;450;1076558;1076516;0;0;0;0;1077061
4708;gov2;IDX_SAWIT;1000;3;881;254544;254508;0;0;0;0;255066
4712;gov2;IDX_SAWIT;1000;2;1000;102021;101990;0;0;0;0;102550
4720;gov2;IDX_SAWIT;1000;3;118;10897;10861;0;0;0;0;11364
4727;gov2;IDX_SAWIT;1000;5;1000;320902;320876;0;0;0;0;321418
4740;gov2;IDX_SAWIT;1000;3;8;24842;24807;0;0;0;0;25362
4875;gov2;IDX_SAWIT;1000;2;1000;375656;375632;0;0;0;0;376121
4956;gov2;IDX_SAWIT;1000;3;1000;1876630;1876595;0;0;0;0;1877109
4983;gov2;IDX_SAWIT;1000;9;116;574037;573997;0;0;0;0;574554
5013;gov2;IDX_SAWIT;1000;3;1000;237604;237568;0;0;0;0;238130
5017;gov2;IDX_SAWIT;1000;5;1000;917160;917119;0;0;0;0;917708
5138;gov2;IDX_SAWIT;1000;3;0;320;286;0;0;0;0;741
5258;gov2;IDX_SAWIT;1000;6;1000;1070749;1070723;0;0;0;0;1071235
5884;gov2;IDX_SAWIT;1000;6;1000;3057323;3057288;0;0;0;0;3061627
5927;gov2;IDX_SAWIT;1000;16;2;32209;32140;0;0;0;0;32759
5941;gov2;IDX_SAWIT;1000;3;1000;67270;67236;0;0;0;0;67784
5971;gov2;IDX_SAWIT;1000;12;410;147633;147575;0;0;0;0;148170
6062;gov2;IDX_SAWIT;1000;4;23;125065;125029;0;0;0;0;125602
6161;gov2;IDX_SAWIT;1000;3;1000;218629;218594;0;0;0;0;219140
6480;gov2;IDX_SAWIT;1000;2;351;55014;54982;0;0;0;0;55484
6785;gov2;IDX_SAWIT;1000;3;366;230124;230089;0;0;0;0;230594
6811;gov2;IDX_SAWIT;1000;5;1000;2632036;2632003;0;0;0;0;2632505
7005;gov2;IDX_SAWIT;1000;4;1000;557142;557108;0;0;0;0;557628
7078;gov2;IDX_SAWIT;1000;5;1000;1134485;1134450;0;0;0;0;1134942
7172;gov2;IDX_SAWIT;1000;2;1000;1357106;1357079;0;0;0;0;1361138
7188;gov2;IDX_SAWIT;1000;4;1000;882040;882000;0;0;0;0;882599
7211;gov2;IDX_SAWIT;1000;4;416;404723;404686;0;0;0;0;405251
7450;gov2;IDX_SAWIT;1000;8;1000;928214;928159;0;0;0;0;928696
7552;gov2;IDX_SAWIT;1000;3;79;58338;58309;0;0;0;0;58855
7635;gov2;IDX_SAWIT;1000;1;556;10785;10755;0;0;0;0;11228
7712;gov2;IDX_SAWIT;1000;5;53;60193;60167;0;0;0;0;60652
7956;gov2;IDX_SAWIT;1000;2;719;77498;77472;0;0;0;0;77922
8018;gov2;IDX_SAWIT;1000;6;53;200397;200361;0;0;0;0;200821
8847;gov2;IDX_SAWIT;1000;2;1000;301696;301669;0;0;0;0;302141
8946;gov2;IDX_SAWIT;1000;6;4;26251;26215;0;0;0;0;26648
8961;gov2;IDX_SAWIT;1000;5;23;9454;9423;0;0;0;0;9772
9061;gov2;IDX_SAWIT;1000;3;1000;1471800;1471786;0;0;0;0;1472248
9178;gov2;IDX_SAWIT;1000;4;1000;928887;928850;0;0;0;0;929430
9275;gov2;IDX_SAWIT;1000;4;1000;825529;825492;0;0;0;0;826063
9523;gov2;IDX_SAWIT;1000;5;1000;5910859;5910820;0;0;0;0;6070070
9527;gov2;IDX_SAWIT;1000;6;1000;1171370;1171320;0;0;0;0;1171932
9535;gov2;IDX_SAWIT;1000;3;1000;741817;741782;0;0;0;0;742356
9540;gov2;IDX_SAWIT;1000;4;11;49699;49662;0;0;0;0;50216
9726;gov2;IDX_SAWIT;1000;2;1000;286372;286340;0;0;0;0;286894
9730;gov2;IDX_SAWIT;1000;7;177;820919;820875;0;0;0;0;821464
9839;gov2;IDX_SAWIT;1000;4;1000;1848578;1848541;0;0;0;0;1849126
9840;gov2;IDX_SAWIT;1000;3;1000;1769752;1769717;0;0;0;0;1773607
9866;gov2;IDX_SAWIT;1000;4;1000;230230;230198;0;0;0;0;230644
9950;gov2;IDX_SAWIT;1000;3;1000;168817;168788;0;0;0;0;169269
9957;gov2;IDX_SAWIT;1000;2;1000;147674;147642;0;0;0;0;148221
9977;gov2;IDX_SAWIT;1000;3;1000;44530;44495;0;0;0;0;45071
9991;gov2;IDX_SAWIT;1000;9;2;385421;385370;0;0;0;0;385966
10021;gov2;IDX_SAWIT;1000;4;1000;893609;893572;0;0;0;0;894180
10063;gov2;IDX_SAWIT;1000;3;1000;518433;518397;0;0;0;0;518991
10139;gov2;IDX_SAWIT;1000;3;1000;153348;153313;0;0;0;0;153880
10231;gov2;IDX_SAWIT;1000;8;141;15633;15585;0;0;0;0;16102
10395;gov2;IDX_SAWIT;1000;3;667;170802;170777;0;0;0;0;171321
10397;gov2;IDX_SAWIT;1000;6;1000;1003213;1003171;0;0;0;0;1003703
10470;gov2;IDX_SAWIT;1000;4;1000;2175351;2175320;0;0;0;0;2179363
11060;gov2;IDX_SAWIT;1000;2;1000;438861;438828;0;0;0;0;439415
11077;gov2;IDX_SAWIT;1000;3;1000;445965;445930;0;0;0;0;446513
11155;gov2;IDX_SAWIT;1000;5;1;2160;2121;0;0;0;0;2600
68;gov2;IDX_SAWIT;1000;4;13;5509;5487;0;0;0;0;5950
250;gov2;IDX_SAWIT;1000;6;1000;3799032;3799005;0;0;0;0;3803523
503;gov2;IDX_SAWIT;1000;4;174;95830;95799;0;0;0;0;96273
561;gov2;IDX_SAWIT;1000;8;1000;5112551;5112504;0;0;0;0;5118237
683;gov2;IDX_SAWIT;1000;5;1000;771086;771041;0;0;0;0;771659
918;gov2;IDX_SAWIT;1000;7;28;427313;427269;0;0;0;0;427864
1153;gov2;IDX_SAWIT;1000;5;426;386322;386282;0;0;0;0;386857
1178;gov2;IDX_SAWIT;1000;6;1000;596832;596789;0;0;0;0;597359
1206;gov2;IDX_SAWIT;1000;4;1000;3196327;3196290;0;0;0;0;3200648
1394;gov2;IDX_SAWIT;1000;5;5;1611;1567;0;0;0;0;2075
1465;gov2;IDX_SAWIT;1000;3;681;193279;193259;0;0;0;0;193794
1734;gov2;IDX_SAWIT;1000;4;1000;508223;508185;0;0;0;0;508745
1847;gov2;IDX_SAWIT;1000;4;1000;3027776;3027739;0;0;0;0;3032154
1984;gov2;IDX_SAWIT;1000;2;12;19200;19166;0;0;0;0;19710
2007;gov2;IDX_SAWIT;1000;4;1000;810076;810043;0;0;0;0;810624
2127;gov2;IDX_SAWIT;1000;9;221;187507;187456;0;0;0;0;188050
2176;gov2;IDX_SAWIT;1000;4;1000;3215342;3215303;0;0;0;0;3314943
2198;gov2;IDX_SAWIT;1000;4;9;5664;5616;0;0;0;0;6249
2203;gov2;IDX_SAWIT;1000;2;1000;925692;925672;0;0;0;0;929898
2244;gov2;IDX_SAWIT;1000;3;1000;1101853;1101816;0;0;0;0;1102437
2388;gov2;IDX_SAWIT;1000;2;1000;171299;171272;0;0;0;0;171813
2440;gov2;IDX_SAWIT;1000;3;1000;791887;791859;0;0;0;0;792441
2653;gov2;IDX_SAWIT;1000;5;1000;830722;830682;0;0;0;0;831315
2875;gov2;IDX_SAWIT;1000;4;1000;474318;474287;0;0;0;0;474837
2896;gov2;IDX_SAWIT;1000;3;1000;1386135;1386105;0;0;0;0;1386639
3219;gov2;IDX_SAWIT;1000;5;1000;746546;746510;0;0;0;0;747021
3414;gov2;IDX_SAWIT;1000;4;1000;867230;867197;0;0;0;0;867764
3605;gov2;IDX_SAWIT;1000;4;1000;1492218;1492181;0;0;0;0;1492844
3622;gov2;IDX_SAWIT;1000;4;1000;1143700;1143669;0;0;0;0;1144200
3768;gov2;IDX_SAWIT;1000;4;1000;455725;455691;0;0;0;0;456214
3910;gov2;IDX_SAWIT;1000;6;35;143870;143833;0;0;0;0;144458
3931;gov2;IDX_SAWIT;1000;4;1000;8458825;8458786;0;0;0;0;8846443
4257;gov2;IDX_SAWIT;1000;2;336;82139;82097;0;0;0;0;82802
4314;gov2;IDX_SAWIT;1000;3;1000;116507;116470;0;0;0;0;117198
4411;gov2;IDX_SAWIT;1000;3;1000;1657303;1657267;0;0;0;0;1661258
4415;gov2;IDX_SAWIT;1000;3;182;377562;377523;0;0;0;0;378217
4448;gov2;IDX_SAWIT;1000;6;1000;2254746;2254704;0;0;0;0;2255354
4523;gov2;IDX_SAWIT;1000;9;1000;4623384;4623335;0;0;0;0;4628621
4572;gov2;IDX_SAWIT;1000;5;450;1076565;1076524;0;0;0;0;1077225
4708;gov2;IDX_SAWIT;1000;3;881;254065;254030;0;0;0;0;254697
4712;gov2;IDX_SAWIT;1000;2;1000;101811;101779;0;0;0;0;102397
4720;gov2;IDX_SAWIT;1000;3;118;10864;10835;0;0;0;0;11326
4727;gov2;IDX_SAWIT;1000;5;1000;320906;320880;0;0;0;0;321543
4740;gov2;IDX_SAWIT;1000;3;8;24818;24783;0;0;0;0;25422
4875;gov2;IDX_SAWIT;1000;2;1000;375288;375258;0;0;0;0;375878
4956;gov2;IDX_SAWIT;1000;3;1000;1865421;1865393;0;0;0;0;1865963
4983;gov2;IDX_SAWIT;1000;9;116;597100;597051;0;0;0;0;597756
5013;gov2;IDX_SAWIT;1000;3;1000;237174;237140;0;0;0;0;237801
5017;gov2;IDX_SAWIT;1000;5;1000;902788;902748;0;0;0;0;903369
5138;gov2;IDX_SAWIT;1000;3;0;299;271;0;0;0;0;737
5258;gov2;IDX_SAWIT;1000;6;1000;1082717;1082698;0;0;0;0;1083277
5884;gov2;IDX_SAWIT;1000;6;1000;3123554;3123511;0;0;0;0;3127947
5927;gov2;IDX_SAWIT;1000;16;2;30656;30597;0;0;0;0;31121
5941;gov2;IDX_SAWIT;1000;3;1000;63182;63150;0;0;0;0;63662
5971;gov2;IDX_SAWIT;1000;12;410;139150;139100;0;0;0;0;139631
6062;gov2;IDX_SAWIT;1000;4;23;117788;117754;0;0;0;0;118265
6161;gov2;IDX_SAWIT;1000;3;1000;206037;206005;0;0;0;0;206544
6480;gov2;IDX_SAWIT;1000;2;351;54960;54928;0;0;0;0;55575
6785;gov2;IDX_SAWIT;1000;3;366;229921;229887;0;0;0;0;230514
6811;gov2;IDX_SAWIT;1000;5;1000;2635992;2635959;0;0;0;0;2636526
7005;gov2;IDX_SAWIT;1000;4;1000;558397;558363;0;0;0;0;558950
7078;gov2;IDX_SAWIT;1000;5;1000;1204783;1204741;0;0;0;0;1205393
7172;gov2;IDX_SAWIT;1000;2;1000;1399443;1399417;0;0;0;0;1403569
7188;gov2;IDX_SAWIT;1000;4;1000;883616;883577;0;0;0;0;884259
7211;gov2;IDX_SAWIT;1000;4;416;403922;403885;0;0;0;0;404506
7450;gov2;IDX_SAWIT;1000;8;1000;931654;931615;0;0;0;0;932235
7552;gov2;IDX_SAWIT;1000;3;79;58281;58247;0;0;0;0;58925
7635;gov2;IDX_SAWIT;1000;1;556;10797;10768;0;0;0;0;11323
7712;gov2;IDX_SAWIT;1000;5;53;60111;60086;0;0;0;0;60721
7956;gov2;IDX_SAWIT;1000;2;719;77436;77403;0;0;0;0;78080
8018;gov2;IDX_SAWIT;1000;6;53;201514;201471;0;0;0;0;202156
8847;gov2;IDX_SAWIT;1000;2;1000;301587;301555;0;0;0;0;302230
8946;gov2;IDX_SAWIT;1000;6;4;26236;26193;0;0;0;0;26864
8961;gov2;IDX_SAWIT;1000;5;23;9404;9365;0;0;0;0;9926
9061;gov2;IDX_SAWIT;1000;3;1000;1481600;1481580;0;0;0;0;1482171
9178;gov2;IDX_SAWIT;1000;4;1000;906421;906390;0;0;0;0;906973
9275;gov2;IDX_SAWIT;1000;4;1000;822227;822191;0;0;0;0;822863
9523;gov2;IDX_SAWIT;1000;5;1000;6054281;6054242;0;0;0;0;6059666
9527;gov2;IDX_SAWIT;1000;6;1000;1110609;1110570;0;0;0;0;1111179
9535;gov2;IDX_SAWIT;1000;3;1000;737601;737566;0;0;0;0;738184
9540;gov2;IDX_SAWIT;1000;4;11;49616;49586;0;0;0;0;50205
9726;gov2;IDX_SAWIT;1000;2;1000;287753;287719;0;0;0;0;288334
9730;gov2;IDX_SAWIT;1000;7;177;823515;823479;0;0;0;0;824085
9839;gov2;IDX_SAWIT;1000;4;1000;1845760;1845723;0;0;0;0;1846343
9840;gov2;IDX_SAWIT;1000;3;1000;1685965;1685936;0;0;0;0;1689661
9866;gov2;IDX_SAWIT;1000;4;1000;218178;218142;0;0;0;0;218718
9950;gov2;IDX_SAWIT;1000;3;1000;180220;180185;0;0;0;0;180865
9957;gov2;IDX_SAWIT;1000;2;1000;147749;147717;0;0;0;0;148335
9977;gov2;IDX_SAWIT;1000;3;1000;44556;44528;0;0;0;0;45055
9991;gov2;IDX_SAWIT;1000;9;2;383381;383341;0;0;0;0;383901
10021;gov2;IDX_SAWIT;1000;4;1000;892512;892481;0;0;0;0;893026
10063;gov2;IDX_SAWIT;1000;3;1000;518641;518611;0;0;0;0;519152
10139;gov2;IDX_SAWIT;1000;3;1000;145107;145079;0;0;0;0;145710
10231;gov2;IDX_SAWIT;1000;8;141;15622;15573;0;0;0;0;16238
10395;gov2;IDX_SAWIT;1000;3;667;171231;171204;0;0;0;0;171813
10397;gov2;IDX_SAWIT;1000;6;1000;1003266;1003231;0;0;0;0;1003839
10470;gov2;IDX_SAWIT;1000;4;1000;2229553;2229515;0;0;0;0;2233633
11060;gov2;IDX_SAWIT;1000;2;1000;414415;414384;0;0;0;0;414900
11077;gov2;IDX_SAWIT;1000;3;1000;421726;421694;0;0;0;0;422224
11155;gov2;IDX_SAWIT;1000;5;1;2045;2010;0;0;0;0;2400
68;gov2;IDX_SAWIT;1000;4;13;5184;5170;0;0;0;0;5628
250;gov2;IDX_SAWIT;1000;6;1000;3668773;3668755;0;0;0;0;3673291
503;gov2;IDX_SAWIT;1000;4;174;95982;95947;0;0;0;0;96517
561;gov2;IDX_SAWIT;1000;8;1000;5115764;5115715;0;0;0;0;5121428
683;gov2;IDX_SAWIT;1000;5;1000;726446;726407;0;0;0;0;726983
918;gov2;IDX_SAWIT;1000;7;28;427935;427891;0;0;0;0;428568
1153;gov2;IDX_SAWIT;1000;5;426;385646;385607;0;0;0;0;386281
1178;gov2;IDX_SAWIT;1000;6;1000;597019;596977;0;0;0;0;597601
1206;gov2;IDX_SAWIT;1000;4;1000;3172655;3172625;0;0;0;0;3176920
1394;gov2;IDX_SAWIT;1000;5;5;1520;1482;0;0;0;0;1920
1465;gov2;IDX_SAWIT;1000;3;681;181889;181875;0;0;0;0;182438
1734;gov2;IDX_SAWIT;1000;4;1000;507394;507356;0;0;0;0;507956
1847;gov2;IDX_SAWIT;1000;4;1000;2975763;2975733;0;0;0;0;2980035
1984;gov2;IDX_SAWIT;1000;2;12;18153;18124;0;0;0;0;18557
2007;gov2;IDX_SAWIT;1000;4;1000;812953;812921;0;0;0;0;813414
2127;gov2;IDX_SAWIT;1000;9;221;187724;187683;0;0;0;0;188083
2176;gov2;IDX_SAWIT;1000;4;1000;3176743;3176712;0;0;0;0;3276852
2198;gov2;IDX_SAWIT;1000;4;9;6144;6099;0;0;0;0;6535
2203;gov2;IDX_SAWIT;1000;2;1000;926268;926249;0;0;0;0;930344
2244;gov2;IDX_SAWIT;1000;3;1000;1098499;1098463;0;0;0;0;1099007
2388;gov2;IDX_SAWIT;1000;2;1000;170847;170814;0;0;0;0;171340
2440;gov2;IDX_SAWIT;1000;3;1000;795073;795039;0;0;0;0;795597
2653;gov2;IDX_SAWIT;1000;5;1000;829926;829887;0;0;0;0;830424
2875;gov2;IDX_SAWIT;1000;4;1000;472918;472882;0;0;0;0;473409
2896;gov2;IDX_SAWIT;1000;3;1000;1424422;1424386;0;0;0;0;1424977
3219;gov2;IDX_SAWIT;1000;5;1000;792100;792058;0;0;0;0;792816
3414;gov2;IDX_SAWIT;1000;4;1000;918163;918124;0;0;0;0;918853
3605;gov2;IDX_SAWIT;1000;4;1000;1494859;1494821;0;0;0;0;1495601
3622;gov2;IDX_SAWIT;1000;4;1000;1174352;1174314;0;0;0;0;1175118
3768;gov2;IDX_SAWIT;1000;4;1000;482452;482410;0;0;0;0;483162
3910;gov2;IDX_SAWIT;1000;6;35;152418;152375;0;0;0;0;153124
3931;gov2;IDX_SAWIT;1000;4;1000;8448027;8447988;0;0;0;0;8845906
4257;gov2;IDX_SAWIT;1000;2;336;82167;82122;0;0;0;0;82872
4314;gov2;IDX_SAWIT;1000;3;1000;116549;116512;0;0;0;0;117233
4411;gov2;IDX_SAWIT;1000;3;1000;1659293;1659256;0;0;0;0;1663246
4415;gov2;IDX_SAWIT;1000;3;182;376979;376940;0;0;0;0;377692
4448;gov2;IDX_SAWIT;1000;6;1000;2254121;2254078;0;0;0;0;2254794
4523;gov2;IDX_SAWIT;1000;9;1000;4621934;4621884;0;0;0;0;4627241
4572;gov2;IDX_SAWIT;1000;5;450;1077225;1077182;0;0;0;0;1077934
4708;gov2;IDX_SAWIT;1000;3;881;256442;256405;0;0;0;0;257154
4712;gov2;IDX_SAWIT;1000;2;1000;102705;102671;0;0;0;0;103394
4720;gov2;IDX_SAWIT;1000;3;118;10889;10852;0;0;0;0;11469
4727;gov2;IDX_SAWIT;1000;5;1000;322694;322666;0;0;0;0;323399
4740;gov2;IDX_SAWIT;1000;3;8;24851;24814;0;0;0;0;25518
4875;gov2;IDX_SAWIT;1000;2;1000;374767;374736;0;0;0;0;375456
4956;gov2;IDX_SAWIT;1000;3;1000;1877783;1877746;0;0;0;0;1878481
4983;gov2;IDX_SAWIT;1000;9;116;597367;597317;0;0;0;0;598015
5013;gov2;IDX_SAWIT;1000;3;1000;237111;237076;0;0;0;0;237756
5017;gov2;IDX_SAWIT;1000;5;1000;908262;908220;0;0;0;0;908955
5138;gov2;IDX_SAWIT;1000;3;0;321;285;0;0;0;0;948
5258;gov2;IDX_SAWIT;1000;6;1000;1074078;1074051;0;0;0;0;1074761
5884;gov2;IDX_SAWIT;1000;6;1000;3124082;3124038;0;0;0;0;3128565
5927;gov2;IDX_SAWIT;1000;16;2;32173;32105;0;0;0;0;32798
5941;gov2;IDX_SAWIT;1000;3;1000;67342;67305;0;0;0;0;67994
5971;gov2;IDX_SAWIT;1000;12;410;147412;147331;0;0;0;0;148089
6062;gov2;IDX_SAWIT;1000;4;23;125158;125121;0;0;0;0;125873
6161;gov2;IDX_SAWIT;1000;3;1000;218813;218777;0;0;0;0;219495
6480;gov2;IDX_SAWIT;1000;2;351;54994;54960;0;0;0;0;55655
6785;gov2;IDX_SAWIT;1000;3;366;230362;230327;0;0;0;0;231016
6811;gov2;IDX_SAWIT;1000;5;1000;2644265;2644222;0;0;0;0;2644912
7005;gov2;IDX_SAWIT;1000;4;1000;589759;589722;0;0;0;0;590422
7078;gov2;IDX_SAWIT;1000;5;1000;1204756;1204714;0;0;0;0;1205424
7172;gov2;IDX_SAWIT;1000;2;1000;1432065;1432033;0;0;0;0;1436473
7188;gov2;IDX_SAWIT;1000;4;1000;883127;883086;0;0;0;0;883853
7211;gov2;IDX_SAWIT;1000;4;416;403478;403440;0;0;0;0;404204
7450;gov2;IDX_SAWIT;1000;8;1000;930440;930392;0;0;0;0;931123
7552;gov2;IDX_SAWIT;1000;3;79;61581;61545;0;0;0;0;62283
7635;gov2;IDX_SAWIT;1000;1;556;10834;10805;0;0;0;0;11445
7712;gov2;IDX_SAWIT;1000;5;53;60155;60128;0;0;0;0;60842
7956;gov2;IDX_SAWIT;1000;2;719;77467;77434;0;0;0;0;78180
8018;gov2;IDX_SAWIT;1000;6;53;201368;201323;0;0;0;0;202087
8847;gov2;IDX_SAWIT;1000;2;1000;301608;301575;0;0;0;0;302355
8946;gov2;IDX_SAWIT;1000;6;4;26245;26199;0;0;0;0;26955
8961;gov2;IDX_SAWIT;1000;5;23;9408;9366;0;0;0;0;10011
9061;gov2;IDX_SAWIT;1000;3;1000;1480517;1480494;0;0;0;0;1481216
9178;gov2;IDX_SAWIT;1000;4;1000;930306;930266;0;0;0;0;930999
9275;gov2;IDX_SAWIT;1000;4;1000;821192;821154;0;0;0;0;821875
9523;gov2;IDX_SAWIT;1000;5;1000;6162914;6162874;0;0;0;0;6168439
9527;gov2;IDX_SAWIT;1000;6;1000;1176061;1176017;0;0;0;0;1176753
9535;gov2;IDX_SAWIT;1000;3;1000;738290;738253;0;0;0;0;739013
9540;gov2;IDX_SAWIT;1000;4;11;49750;49712;0;0;0;0;50413
9726;gov2;IDX_SAWIT;1000;2;1000;287951;287916;0;0;0;0;288616
9730;gov2;IDX_SAWIT;1000;7;177;823368;823322;0;0;0;0;824083
9839;gov2;IDX_SAWIT;1000;4;1000;1849767;1849728;0;0;0;0;1850484
9840;gov2;IDX_SAWIT;1000;3;1000;1770085;1770048;0;0;0;0;1774113
9866;gov2;IDX_SAWIT;1000;4;1000;231670;231630;0;0;0;0;232360
9950;gov2;IDX_SAWIT;1000;3;1000;180118;180081;0;0;0;0;180806
9957;gov2;IDX_SAWIT;1000;2;1000;147911;147877;0;0;0;0;148595
9977;gov2;IDX_SAWIT;1000;3;1000;44556;44519;0;0;0;0;45242
9991;gov2;IDX_SAWIT;1000;9;2;382851;382800;0;0;0;0;383561
10021;gov2;IDX_SAWIT;1000;4;1000;892167;892125;0;0;0;0;892865
10063;gov2;IDX_SAWIT;1000;3;1000;517863;517825;0;0;0;0;518544
10139;gov2;IDX_SAWIT;1000;3;1000;153629;153595;0;0;0;0;154293
10231;gov2;IDX_SAWIT;1000;8;141;15633;15584;0;0;0;0;16269
10395;gov2;IDX_SAWIT;1000;3;667;170760;170733;0;0;0;0;171462
10397;gov2;IDX_SAWIT;1000;6;1000;1003441;1003398;0;0;0;0;1004120
10470;gov2;IDX_SAWIT;1000;4;1000;2233133;2233095;0;0;0;0;2237256
11060;gov2;IDX_SAWIT;1000;2;1000;439288;439254;0;0;0;0;439864
11077;gov2;IDX_SAWIT;1000;3;1000;446897;446868;0;0;0;0;447480
11155;gov2;IDX_SAWIT;1000;5;1;2172;2130;0;0;0;0;2762
