68;gov2;IDX_SAWIT;10;4;10;37143;37112;16090;50410357;0;0;38590
250;gov2;IDX_SAWIT;10;6;10;3289553;3289515;828193;50410357;0;0;3426276
503;gov2;IDX_SAWIT;10;4;10;58974;58923;25069;50410357;0;0;59650
561;gov2;IDX_SAWIT;10;8;10;4174760;4174711;1072623;50410357;0;0;4179453
683;gov2;IDX_SAWIT;10;5;10;488424;488382;147950;50410357;0;0;489099
918;gov2;IDX_SAWIT;10;7;10;1416062;1416017;374627;50410357;0;0;1420502
1153;gov2;IDX_SAWIT;10;5;10;167460;167418;55286;50410357;0;0;168177
1178;gov2;IDX_SAWIT;10;6;10;407955;407911;125311;50410357;0;0;408664
1206;gov2;IDX_SAWIT;10;4;10;1985986;1985947;697444;50410357;0;0;2080322
1394;gov2;IDX_SAWIT;10;5;10;607028;606972;208384;50410357;0;0;607757
1465;gov2;IDX_SAWIT;10;3;10;59841;59804;26568;50410357;0;0;60554
1734;gov2;IDX_SAWIT;10;4;10;125940;125901;52694;50410357;0;0;126656
1847;gov2;IDX_SAWIT;10;4;10;1570209;1570171;575106;50410357;0;0;1654968
1984;gov2;IDX_SAWIT;10;2;10;15093;15014;7727;50410357;0;0;15743
2007;gov2;IDX_SAWIT;10;4;10;201141;201115;82392;50410357;0;0;201830
2127;gov2;IDX_SAWIT;10;9;10;2032971;2032920;461097;50410357;0;0;2038159
2176;gov2;IDX_SAWIT;10;4;10;1643025;1642987;618541;50410357;0;0;1739507
2198;gov2;IDX_SAWIT;10;4;10;5640;5587;1671;50410357;0;0;6286
2203;gov2;IDX_SAWIT;10;2;10;318654;318634;168302;50410357;0;0;319351
2244;gov2;IDX_SAWIT;10;3;10;617860;617822;229909;50410357;0;0;618577
2388;gov2;IDX_SAWIT;10;2;10;35126;35092;20701;50410357;0;0;35853
2440;gov2;IDX_SAWIT;10;3;10;608097;608062;250109;50410357;0;0;608768
2653;gov2;IDX_SAWIT;10;5;10;594402;594360;185101;50410357;0;0;595117
2875;gov2;IDX_SAWIT;10;4;10;212682;212644;75108;50410357;0;0;213381
2896;gov2;IDX_SAWIT;10;3;10;934744;934708;366362;50410357;0;0;938559
3219;gov2;IDX_SAWIT;10;5;10;230197;230154;70044;50410357;0;0;230913
3414;gov2;IDX_SAWIT;10;4;10;438168;438130;173278;50410357;0;0;438882
3605;gov2;IDX_SAWIT;10;4;10;552008;551971;204073;50410357;0;0;552692
3622;gov2;IDX_SAWIT;10;4;10;393765;393727;150589;50410357;0;0;394449
3768;gov2;IDX_SAWIT;10;4;10;163924;163886;67949;50410357;0;0;164593
3910;gov2;IDX_SAWIT;10;6;10;983111;983070;268585;50410357;0;0;983796
3931;gov2;IDX_SAWIT;10;4;10;4590755;4590718;1640720;50410357;0;0;4926239
4257;gov2;IDX_SAWIT;10;2;10;17227;17183;10454;50410357;0;0;17835
4314;gov2;IDX_SAWIT;10;3;10;15813;15788;8042;50410357;0;0;16402
4411;gov2;IDX_SAWIT;10;3;10;968815;968790;366779;50410357;0;0;972653
4415;gov2;IDX_SAWIT;10;3;10;215029;214991;98414;50410357;0;0;215715
4448;gov2;IDX_SAWIT;10;6;10;1905463;1905422;479756;50410357;0;0;1906160
4523;gov2;IDX_SAWIT;10;9;10;4083252;4083203;925133;50410357;0;0;4084883
4572;gov2;IDX_SAWIT;10;5;10;611721;611681;159879;50410357;0;0;612409
4708;gov2;IDX_SAWIT;10;3;10;142890;142854;65783;50410357;0;0;143578
4712;gov2;IDX_SAWIT;10;2;10;24836;24804;15600;50410357;0;0;25473
4720;gov2;IDX_SAWIT;10;3;10;2678;2648;1405;50410357;0;0;3223
4727;gov2;IDX_SAWIT;10;5;10;179983;179959;54558;50410357;0;0;180644
4740;gov2;IDX_SAWIT;10;3;10;23564;23528;12514;50410357;0;0;24233
4875;gov2;IDX_SAWIT;10;2;10;144561;144533;81216;50410357;0;0;145205
4956;gov2;IDX_SAWIT;10;3;10;780440;780407;315954;50410357;0;0;784130
4983;gov2;IDX_SAWIT;10;9;10;515587;515537;124640;50410357;0;0;516277
5013;gov2;IDX_SAWIT;10;3;10;26888;26852;12040;50410357;0;0;27598
5017;gov2;IDX_SAWIT;10;5;10;250663;250624;80646;50410357;0;0;251372
5138;gov2;IDX_SAWIT;10;3;10;17721;17683;10691;50410357;0;0;18367
5258;gov2;IDX_SAWIT;10;6;10;1006880;1006848;259610;50410357;0;0;1007588
5884;gov2;IDX_SAWIT;10;6;10;2766928;2766883;767705;50410357;0;0;2893239
5927;gov2;IDX_SAWIT;10;16;10;351018;350937;68470;50410357;0;0;351751
5941;gov2;IDX_SAWIT;10;3;10;9642;9605;4580;50410357;0;0;10262
5971;gov2;IDX_SAWIT;10;12;10;245512;245467;50185;50410357;0;0;246206
6062;gov2;IDX_SAWIT;10;4;10;154796;154758;67399;50410357;0;0;155504
6161;gov2;IDX_SAWIT;10;3;10;69747;69710;28449;50410357;0;0;70455
6480;gov2;IDX_SAWIT;10;2;10;24222;24188;14865;50410357;0;0;24884
6785;gov2;IDX_SAWIT;10;3;10;160585;160555;70054;50410357;0;0;161266
6811;gov2;IDX_SAWIT;10;5;10;2499087;2499045;706975;50410357;0;0;2602953
7005;gov2;IDX_SAWIT;10;4;10;234157;234104;89648;50410357;0;0;234881
7078;gov2;IDX_SAWIT;10;5;10;1041540;1041499;281519;50410357;0;0;1042254
7172;gov2;IDX_SAWIT;10;2;10;611019;610986;295589;50410357;0;0;614705
7188;gov2;IDX_SAWIT;10;4;10;402574;402533;148937;50410357;0;0;403296
7211;gov2;IDX_SAWIT;10;4;10;357951;357914;141741;50410357;0;0;358664
7450;gov2;IDX_SAWIT;10;8;10;644872;644825;158871;50410357;0;0;645591
7552;gov2;IDX_SAWIT;10;3;10;41499;41463;20295;50410357;0;0;42195
7635;gov2;IDX_SAWIT;10;1;10;620;591;347;50410357;0;0;1196
7712;gov2;IDX_SAWIT;10;5;10;33772;33746;11707;50410357;0;0;34454
7956;gov2;IDX_SAWIT;10;2;10;34370;34339;21555;50410357;0;0;34991
8018;gov2;IDX_SAWIT;10;6;10;180384;180342;51075;50410357;0;0;180983
8847;gov2;IDX_SAWIT;10;2;10;93219;93186;50093;50410357;0;0;93788
8946;gov2;IDX_SAWIT;10;6;10;163574;163529;60053;50410357;0;0;164186
8961;gov2;IDX_SAWIT;10;5;10;14467;14425;5757;50410357;0;0;14983
9061;gov2;IDX_SAWIT;10;3;10;662082;662057;252284;50410357;0;0;662653
9178;gov2;IDX_SAWIT;10;4;10;407324;407285;162249;50410357;0;0;407923
9275;gov2;IDX_SAWIT;10;4;10;310747;310708;124790;50410357;0;0;311356
9523;gov2;IDX_SAWIT;10;5;10;3500184;3500143;935073;50410357;0;0;3500789
9527;gov2;IDX_SAWIT;10;6;10;931530;931488;221077;50410357;0;0;932141
9535;gov2;IDX_SAWIT;10;3;10;348113;348076;143351;50410357;0;0;348719
9540;gov2;IDX_SAWIT;10;4;10;243618;243559;107671;50410357;0;0;244196
9726;gov2;IDX_SAWIT;10;2;10;118200;118166;64557;50410357;0;0;118802
9730;gov2;IDX_SAWIT;10;7;10;970949;970902;266061;50410357;0;0;971567
9839;gov2;IDX_SAWIT;10;4;10;1392329;1392292;528612;50410357;0;0;1396812
9840;gov2;IDX_SAWIT;10;3;10;748812;748777;283840;50410357;0;0;752317
9866;gov2;IDX_SAWIT;10;4;10;59917;59875;22770;50410357;0;0;60468
9950;gov2;IDX_SAWIT;10;3;10;41836;41799;18364;50410357;0;0;42421
9957;gov2;IDX_SAWIT;10;2;10;23643;23609;15292;50410357;0;0;24177
9977;gov2;IDX_SAWIT;10;3;10;7827;7801;3966;50410357;0;0;8286
9991;gov2;IDX_SAWIT;10;9;10;3240047;3240009;832718;50410357;0;0;3241547
10021;gov2;IDX_SAWIT;10;4;10;617211;617173;173046;50410357;0;0;621204
10063;gov2;IDX_SAWIT;10;3;10;320568;320530;124271;50410357;0;0;321172
10139;gov2;IDX_SAWIT;10;3;10;26067;26032;12582;50410357;0;0;26623
10231;gov2;IDX_SAWIT;10;8;10;6143;6099;1822;50410357;0;0;6630
10395;gov2;IDX_SAWIT;10;3;10;38061;38041;18839;50410357;0;0;38605
10397;gov2;IDX_SAWIT;10;6;10;433790;433750;129126;50410357;0;0;434351
10470;gov2;IDX_SAWIT;10;4;10;1018154;1018114;364602;50410357;0;0;1022215
11060;gov2;IDX_SAWIT;10;2;10;110340;110305;61584;50410357;0;0;110908
11077;gov2;IDX_SAWIT;10;3;10;199298;199263;80952;50410357;0;0;199882
11155;gov2;IDX_SAWIT;10;5;10;620898;620859;226698;50410357;0;0;621470
68;gov2;IDX_SAWIT;10;4;10;34112;34075;16090;50410357;0;0;34682
250;gov2;IDX_SAWIT;10;6;10;3284380;3284339;828193;50410357;0;0;3421538
503;gov2;IDX_SAWIT;10;4;10;58806;58754;25069;50410357;0;0;59416
561;gov2;IDX_SAWIT;10;8;10;4166561;4166511;1072623;50410357;0;0;4171150
683;gov2;IDX_SAWIT;10;5;10;485435;485392;147950;50410357;0;0;486056
918;gov2;IDX_SAWIT;10;7;10;1417921;1417875;374627;50410357;0;0;1422357
1153;gov2;IDX_SAWIT;10;5;10;166337;166295;55286;50410357;0;0;166924
1178;gov2;IDX_SAWIT;10;6;10;406966;406924;125311;50410357;0;0;407566
1206;gov2;IDX_SAWIT;10;4;10;1982563;1982524;697444;50410357;0;0;2077193
1394;gov2;IDX_SAWIT;10;5;10;610327;610269;208384;50410357;0;0;610942
1465;gov2;IDX_SAWIT;10;3;10;60462;60423;26568;50410357;0;0;61064
1734;gov2;IDX_SAWIT;10;4;10;126916;126877;52694;50410357;0;0;127522
1847;gov2;IDX_SAWIT;10;4;10;1567602;1567563;575106;50410357;0;0;1652179
1984;gov2;IDX_SAWIT;10;2;10;15135;15087;7727;50410357;0;0;15660
2007;gov2;IDX_SAWIT;10;4;10;200049;200022;82392;50410357;0;0;200625
2127;gov2;IDX_SAWIT;10;9;10;2037630;2037577;461097;50410357;0;0;2042799
2176;gov2;IDX_SAWIT;10;4;10;1637381;1637342;618541;50410357;0;0;1734085
2198;gov2;IDX_SAWIT;10;4;10;4327;4274;1671;50410357;0;0;4868
2203;gov2;IDX_SAWIT;10;2;10;316532;316512;168302;50410357;0;0;317121
2244;gov2;IDX_SAWIT;10;3;10;617275;617237;229909;50410357;0;0;617885
2388;gov2;IDX_SAWIT;10;2;10;34981;34948;20701;50410357;0;0;35539
2440;gov2;IDX_SAWIT;10;3;10;601842;601807;250109;50410357;0;0;602441
2653;gov2;IDX_SAWIT;10;5;10;593909;593868;185101;50410357;0;0;594520
2875;gov2;IDX_SAWIT;10;4;10;211443;211405;75108;50410357;0;0;212041
2896;gov2;IDX_SAWIT;10;3;10;935310;935274;366362;50410357;0;0;939059
3219;gov2;IDX_SAWIT;10;5;10;229766;229723;70044;50410357;0;0;230331
3414;gov2;IDX_SAWIT;10;4;10;437539;437501;173278;50410357;0;0;438150
3605;gov2;IDX_SAWIT;10;4;10;548523;548484;204073;50410357;0;0;549147
3622;gov2;IDX_SAWIT;10;4;10;392817;392778;150589;50410357;0;0;393431
3768;gov2;IDX_SAWIT;10;4;10;163160;163120;67949;50410357;0;0;163750
3910;gov2;IDX_SAWIT;10;6;10;982173;982130;268585;50410357;0;0;982789
3931;gov2;IDX_SAWIT;10;4;10;4552892;4552854;1640720;50410357;0;0;4553480
4257;gov2;IDX_SAWIT;10;2;10;350207;350175;10454;50410357;0;0;360720
4314;gov2;IDX_SAWIT;10;3;10;19207;19169;8042;50410357;0;0;19740
4411;gov2;IDX_SAWIT;10;3;10;969949;969925;366779;50410357;0;0;973722
4415;gov2;IDX_SAWIT;10;3;10;215578;215540;98414;50410357;0;0;216179
4448;gov2;IDX_SAWIT;10;6;10;1884344;1884301;479756;50410357;0;0;1889223
4523;gov2;IDX_SAWIT;10;9;10;4072006;4071955;925133;50410357;0;0;4073586
4572;gov2;IDX_SAWIT;10;5;10;611306;611265;159879;50410357;0;0;611861
4708;gov2;IDX_SAWIT;10;3;10;142683;142647;65783;50410357;0;0;143296
4712;gov2;IDX_SAWIT;10;2;10;24846;24811;15600;50410357;0;0;25408
4720;gov2;IDX_SAWIT;10;3;10;2676;2645;1405;50410357;0;0;3153
4727;gov2;IDX_SAWIT;10;5;10;179764;179738;54558;50410357;0;0;180384
4740;gov2;IDX_SAWIT;10;3;10;23586;23550;12514;50410357;0;0;24151
4875;gov2;IDX_SAWIT;10;2;10;144188;144160;81216;50410357;0;0;144790
4956;gov2;IDX_SAWIT;10;3;10;778058;778021;315954;50410357;0;0;781790
4983;gov2;IDX_SAWIT;10;9;10;517394;517342;124640;50410357;0;0;518004
5013;gov2;IDX_SAWIT;10;3;10;26752;26715;12040;50410357;0;0;27320
5017;gov2;IDX_SAWIT;10;5;10;253809;253771;80646;50410357;0;0;254411
5138;gov2;IDX_SAWIT;10;3;10;17440;17405;10691;50410357;0;0;17939
5258;gov2;IDX_SAWIT;10;6;10;1010040;1010006;259610;50410357;0;0;1010641
5884;gov2;IDX_SAWIT;10;6;10;2745185;2745144;767705;50410357;0;0;2871279
5927;gov2;IDX_SAWIT;10;16;10;350559;350480;68470;50410357;0;0;351215
5941;gov2;IDX_SAWIT;10;3;10;9650;9614;4580;50410357;0;0;10158
5971;gov2;IDX_SAWIT;10;12;10;244168;244122;50185;50410357;0;0;244776
6062;gov2;IDX_SAWIT;10;4;10;154293;154255;67399;50410357;0;0;154900
6161;gov2;IDX_SAWIT;10;3;10;69938;69901;28449;50410357;0;0;70538
6480;gov2;IDX_SAWIT;10;2;10;24254;24220;14865;50410357;0;0;24814
6785;gov2;IDX_SAWIT;10;3;10;160242;160210;70054;50410357;0;0;160831
6811;gov2;IDX_SAWIT;10;5;10;2498884;2498842;706975;50410357;0;0;2601678
7005;gov2;IDX_SAWIT;10;4;10;238920;238868;89648;50410357;0;0;239524
7078;gov2;IDX_SAWIT;10;5;10;1045038;1044997;281519;50410357;0;0;1045649
7172;gov2;IDX_SAWIT;10;2;10;613282;613249;295589;50410357;0;0;616902
7188;gov2;IDX_SAWIT;10;4;10;403136;403095;148937;50410357;0;0;403741
7211;gov2;IDX_SAWIT;10;4;10;357693;357656;141741;50410357;0;0;358300
7450;gov2;IDX_SAWIT;10;8;10;644968;644920;158871;50410357;0;0;645592
7552;gov2;IDX_SAWIT;10;3;10;41472;41435;20295;50410357;0;0;42068
7635;gov2;IDX_SAWIT;10;1;10;608;578;347;50410357;0;0;1093
7712;gov2;IDX_SAWIT;10;5;10;33768;33742;11707;50410357;0;0;34335
7956;gov2;IDX_SAWIT;10;2;10;34377;34346;21555;50410357;0;0;34926
8018;gov2;IDX_SAWIT;10;6;10;179906;179865;51075;50410357;0;0;180502
8847;gov2;IDX_SAWIT;10;2;10;93053;93018;50093;50410357;0;0;93662
8946;gov2;IDX_SAWIT;10;6;10;163630;163585;60053;50410357;0;0;164237
8961;gov2;IDX_SAWIT;10;5;10;14462;14419;5757;50410357;0;0;14981
9061;gov2;IDX_SAWIT;10;3;10;662014;661989;252284;50410357;0;0;662625
9178;gov2;IDX_SAWIT;10;4;10;407620;407580;162249;50410357;0;0;408226
9275;gov2;IDX_SAWIT;10;4;10;310827;310789;124790;50410357;0;0;311423
9523;gov2;IDX_SAWIT;10;5;10;3498072;3498033;935073;50410357;0;0;3498611
9527;gov2;IDX_SAWIT;10;6;10;929915;929875;221077;50410357;0;0;930493
9535;gov2;IDX_SAWIT;10;3;10;347962;347925;143351;50410357;0;0;348572
9540;gov2;IDX_SAWIT;10;4;10;243844;243805;107671;50410357;0;0;244446
9726;gov2;IDX_SAWIT;10;2;10;118081;118047;64557;50410357;0;0;118689
9730;gov2;IDX_SAWIT;10;7;10;971387;971340;266061;50410357;0;0;971999
9839;gov2;IDX_SAWIT;10;4;10;1389566;1389528;528612;50410357;0;0;1394155
9840;gov2;IDX_SAWIT;10;3;10;746277;746240;283840;50410357;0;0;749871
9866;gov2;IDX_SAWIT;10;4;10;59924;59885;22770;50410357;0;0;60526
9950;gov2;IDX_SAWIT;10;3;10;41792;41756;18364;50410357;0;0;42400
9957;gov2;IDX_SAWIT;10;2;10;23618;23586;15292;50410357;0;0;24125
9977;gov2;IDX_SAWIT;10;3;10;7833;7807;3966;50410357;0;0;8296
9991;gov2;IDX_SAWIT;10;9;10;3237309;3237274;832718;50410357;0;0;3381392
10021;gov2;IDX_SAWIT;10;4;10;486361;486308;173046;50410357;0;0;486971
10063;gov2;IDX_SAWIT;10;3;10;323000;322963;124271;50410357;0;0;323600
10139;gov2;IDX_SAWIT;10;3;10;25900;25863;12582;50410357;0;0;26467
10231;gov2;IDX_SAWIT;10;8;10;6143;6097;1822;50410357;0;0;6644
10395;gov2;IDX_SAWIT;10;3;10;38132;38110;18839;50410357;0;0;38684
10397;gov2;IDX_SAWIT;10;6;10;435474;435433;129126;50410357;0;0;436075
10470;gov2;IDX_SAWIT;10;4;10;1019989;1019949;364602;50410357;0;0;1024085
11060;gov2;IDX_SAWIT;10;2;10;109248;109215;61584;50410357;0;0;109854
11077;gov2;IDX_SAWIT;10;3;10;196270;196234;80952;50410357;0;0;196881
11155;gov2;IDX_SAWIT;10;5;10;620282;620243;226698;50410357;0;0;620861
68;gov2;IDX_SAWIT;10;4;10;33725;33688;16090;50410357;0;0;34278
250;gov2;IDX_SAWIT;10;6;10;3297094;3297055;828193;50410357;0;0;3433673
503;gov2;IDX_SAWIT;10;4;10;60569;60520;25069;50410357;0;0;61140
561;gov2;IDX_SAWIT;10;8;10;4109154;4109104;1072623;50410357;0;0;4110739
683;gov2;IDX_SAWIT;10;5;10;541731;541690;147950;50410357;0;0;542344
918;gov2;IDX_SAWIT;10;7;10;1424224;1424178;374627;50410357;0;0;1428632
1153;gov2;IDX_SAWIT;10;5;10;167478;167435;55286;50410357;0;0;168085
1178;gov2;IDX_SAWIT;10;6;10;408870;408827;125311;50410357;0;0;409473
1206;gov2;IDX_SAWIT;10;4;10;1984821;1984782;697444;50410357;0;0;2079559
1394;gov2;IDX_SAWIT;10;5;10;608292;608235;208384;50410357;0;0;608912
1465;gov2;IDX_SAWIT;10;3;10;59929;59891;26568;50410357;0;0;60521
1734;gov2;IDX_SAWIT;10;4;10;126086;126046;52694;50410357;0;0;126696
1847;gov2;IDX_SAWIT;10;4;10;1567353;1567315;575106;50410357;0;0;1654638
1984;gov2;IDX_SAWIT;10;2;10;15156;15107;7727;50410357;0;0;15690
2007;gov2;IDX_SAWIT;10;4;10;202751;202725;82392;50410357;0;0;203330
2127;gov2;IDX_SAWIT;10;9;10;2041640;2041588;461097;50410357;0;0;2042216
2176;gov2;IDX_SAWIT;10;4;10;1640089;1640051;618541;50410357;0;0;1735667
2198;gov2;IDX_SAWIT;10;4;10;4414;4362;1671;50410357;0;0;4966
2203;gov2;IDX_SAWIT;10;2;10;317694;317674;168302;50410357;0;0;318273
2244;gov2;IDX_SAWIT;10;3;10;616285;616246;229909;50410357;0;0;616895
2388;gov2;IDX_SAWIT;10;2;10;34885;34851;20701;50410357;0;0;35469
2440;gov2;IDX_SAWIT;10;3;10;600920;600885;250109;50410357;0;0;601589
2653;gov2;IDX_SAWIT;10;5;10;593599;593557;185101;50410357;0;0;594209
2875;gov2;IDX_SAWIT;10;4;10;211270;211232;75108;50410357;0;0;211877
2896;gov2;IDX_SAWIT;10;3;10;932912;932876;366362;50410357;0;0;936722
3219;gov2;IDX_SAWIT;10;5;10;229641;229598;70044;50410357;0;0;230241
3414;gov2;IDX_SAWIT;10;4;10;437847;437808;173278;50410357;0;0;438449
3605;gov2;IDX_SAWIT;10;4;10;548521;548484;204073;50410357;0;0;549104
3622;gov2;IDX_SAWIT;10;4;10;393092;393052;150589;50410357;0;0;393698
3768;gov2;IDX_SAWIT;10;4;10;164105;164066;67949;50410357;0;0;164724
3910;gov2;IDX_SAWIT;10;6;10;982577;982535;268585;50410357;0;0;983162
3931;gov2;IDX_SAWIT;10;4;10;4549556;4549520;1640720;50410357;0;0;4550185
4257;gov2;IDX_SAWIT;10;2;10;349484;349450;10454;50410357;0;0;350083
4314;gov2;IDX_SAWIT;10;3;10;16398;16364;8042;50410357;0;0;24721
4411;gov2;IDX_SAWIT;10;3;10;978180;978145;366779;50410357;0;0;981967
4415;gov2;IDX_SAWIT;10;3;10;214326;214288;98414;50410357;0;0;214924
4448;gov2;IDX_SAWIT;10;6;10;1888980;1888938;479756;50410357;0;0;1893853
4523;gov2;IDX_SAWIT;10;9;10;4075585;4075535;925133;50410357;0;0;4077107
4572;gov2;IDX_SAWIT;10;5;10;615391;615350;159879;50410357;0;0;615997
4708;gov2;IDX_SAWIT;10;3;10;138271;138234;65783;50410357;0;0;138872
4712;gov2;IDX_SAWIT;10;2;10;24839;24793;15600;50410357;0;0;25405
4720;gov2;IDX_SAWIT;10;3;10;2685;2655;1405;50410357;0;0;3128
4727;gov2;IDX_SAWIT;10;5;10;182385;182359;54558;50410357;0;0;182983
4740;gov2;IDX_SAWIT;10;3;10;23555;23519;12514;50410357;0;0;24116
4875;gov2;IDX_SAWIT;10;2;10;146125;146097;81216;50410357;0;0;146720
4956;gov2;IDX_SAWIT;10;3;10;781834;781797;315954;50410357;0;0;785963
4983;gov2;IDX_SAWIT;10;9;10;515210;515158;124640;50410357;0;0;515926
5013;gov2;IDX_SAWIT;10;3;10;26726;26691;12040;50410357;0;0;27383
5017;gov2;IDX_SAWIT;10;5;10;250300;250261;80646;50410357;0;0;250977
5138;gov2;IDX_SAWIT;10;3;10;17524;17489;10691;50410357;0;0;18076
5258;gov2;IDX_SAWIT;10;6;10;1005909;1005874;259610;50410357;0;0;1006548
5884;gov2;IDX_SAWIT;10;6;10;2746662;2746618;767705;50410357;0;0;2867553
5927;gov2;IDX_SAWIT;10;16;10;351132;351050;68470;50410357;0;0;351862
5941;gov2;IDX_SAWIT;10;3;10;9664;9627;4580;50410357;0;0;10231
5971;gov2;IDX_SAWIT;10;12;10;245587;245542;50185;50410357;0;0;246281
6062;gov2;IDX_SAWIT;10;4;10;156354;156316;67399;50410357;0;0;157090
6161;gov2;IDX_SAWIT;10;3;10;70232;70195;28449;50410357;0;0;70914
6480;gov2;IDX_SAWIT;10;2;10;24253;24220;14865;50410357;0;0;24929
6785;gov2;IDX_SAWIT;10;3;10;162409;162379;70054;50410357;0;0;163091
6811;gov2;IDX_SAWIT;10;5;10;2509053;2509011;706975;50410357;0;0;2612821
7005;gov2;IDX_SAWIT;10;4;10;235054;235002;89648;50410357;0;0;235766
7078;gov2;IDX_SAWIT;10;5;10;1046118;1046077;281519;50410357;0;0;1046842
7172;gov2;IDX_SAWIT;10;2;10;611073;611039;295589;50410357;0;0;614808
7188;gov2;IDX_SAWIT;10;4;10;403126;403085;148937;50410357;0;0;403835
7211;gov2;IDX_SAWIT;10;4;10;358389;358350;141741;50410357;0;0;359113
7450;gov2;IDX_SAWIT;10;8;10;646275;646228;158871;50410357;0;0;646988
7552;gov2;IDX_SAWIT;10;3;10;41544;41507;20295;50410357;0;0;42241
7635;gov2;IDX_SAWIT;10;1;10;610;581;347;50410357;0;0;1183
7712;gov2;IDX_SAWIT;10;5;10;33738;33712;11707;50410357;0;0;34394
7956;gov2;IDX_SAWIT;10;2;10;34201;34170;21555;50410357;0;0;34890
8018;gov2;IDX_SAWIT;10;6;10;179997;179955;51075;50410357;0;0;180668
8847;gov2;IDX_SAWIT;10;2;10;94478;94444;50093;50410357;0;0;95049
8946;gov2;IDX_SAWIT;10;6;10;163699;163657;60053;50410357;0;0;164287
8961;gov2;IDX_SAWIT;10;5;10;14463;14422;5757;50410357;0;0;14977
9061;gov2;IDX_SAWIT;10;3;10;662498;662473;252284;50410357;0;0;663034
9178;gov2;IDX_SAWIT;10;4;10;407100;407069;162249;50410357;0;0;407634
9275;gov2;IDX_SAWIT;10;4;10;310713;310676;124790;50410357;0;0;311304
9523;gov2;IDX_SAWIT;10;5;10;3499434;3499394;935073;50410357;0;0;3499960
9527;gov2;IDX_SAWIT;10;6;10;884110;884077;221077;50410357;0;0;884602
9535;gov2;IDX_SAWIT;10;3;10;349548;349512;143351;50410357;0;0;350139
9540;gov2;IDX_SAWIT;10;4;10;243783;243745;107671;50410357;0;0;244420
9726;gov2;IDX_SAWIT;10;2;10;118179;118146;64557;50410357;0;0;118766
9730;gov2;IDX_SAWIT;10;7;10;971390;971345;266061;50410357;0;0;971964
9839;gov2;IDX_SAWIT;10;4;10;1374286;1374255;528612;50410357;0;0;1378512
9840;gov2;IDX_SAWIT;10;3;10;706756;706727;283840;50410357;0;0;710114
9866;gov2;IDX_SAWIT;10;4;10;59910;59870;22770;50410357;0;0;60480
9950;gov2;IDX_SAWIT;10;3;10;41775;41741;18364;50410357;0;0;42376
9957;gov2;IDX_SAWIT;10;2;10;23622;23591;15292;50410357;0;0;24152
9977;gov2;IDX_SAWIT;10;3;10;7822;7796;3966;50410357;0;0;8270
9991;gov2;IDX_SAWIT;10;9;10;3237914;3237879;832718;50410357;0;0;3380573
10021;gov2;IDX_SAWIT;10;4;10;487865;487811;173046;50410357;0;0;488517
10063;gov2;IDX_SAWIT;10;3;10;323554;323516;124271;50410357;0;0;324261
10139;gov2;IDX_SAWIT;10;3;10;26021;25984;12582;50410357;0;0;26661
10231;gov2;IDX_SAWIT;10;8;10;6134;6088;1822;50410357;0;0;6707
10395;gov2;IDX_SAWIT;10;3;10;38260;38238;18839;50410357;0;0;38893
10397;gov2;IDX_SAWIT;10;6;10;435742;435701;129126;50410357;0;0;436453
10470;gov2;IDX_SAWIT;10;4;10;1021080;1021040;364602;50410357;0;0;1025299
11060;gov2;IDX_SAWIT;10;2;10;109108;109074;61584;50410357;0;0;109866
11077;gov2;IDX_SAWIT;10;3;10;196014;195978;80952;50410357;0;0;196722
11155;gov2;IDX_SAWIT;10;5;10;619298;619257;226698;50410357;0;0;619980
68;gov2;IDX_SAWIT;100;4;100;213262;213232;89443;50410357;0;0;214302
250;gov2;IDX_SAWIT;100;6;100;4078830;4078789;1122743;50410357;0;0;4264687
503;gov2;IDX_SAWIT;100;4;100;113148;113099;49000;50410357;0;0;113768
561;gov2;IDX_SAWIT;100;8;100;6114209;6114158;1504754;50410357;0;0;6398961
683;gov2;IDX_SAWIT;100;5;100;783000;782947;238117;50410357;0;0;783626
918;gov2;IDX_SAWIT;100;7;100;2125769;2125724;546592;50410357;0;0;2130702
1153;gov2;IDX_SAWIT;100;5;100;336544;336503;109408;50410357;0;0;337093
1178;gov2;IDX_SAWIT;100;6;100;625097;625054;185838;50410357;0;0;625692
1206;gov2;IDX_SAWIT;100;4;100;2741369;2741332;879927;50410357;0;0;2847099
1394;gov2;IDX_SAWIT;100;5;100;1004945;1004891;337164;50410357;0;0;1008743
1465;gov2;IDX_SAWIT;100;3;100;156221;156183;73914;50410357;0;0;156834
1734;gov2;IDX_SAWIT;100;4;100;314059;314020;123385;50410357;0;0;314654
1847;gov2;IDX_SAWIT;100;4;100;2125639;2125601;784650;50410357;0;0;2240719
1984;gov2;IDX_SAWIT;100;2;100;29584;29541;17045;50410357;0;0;30162
2007;gov2;IDX_SAWIT;100;4;100;455452;455417;176458;50410357;0;0;456060
2127;gov2;IDX_SAWIT;100;9;100;3155684;3155631;778813;50410357;0;0;3273274
2176;gov2;IDX_SAWIT;100;4;100;2408251;2408206;889186;50410357;0;0;2546065
2198;gov2;IDX_SAWIT;100;4;100;84865;84815;39490;50410357;0;0;85474
2203;gov2;IDX_SAWIT;100;2;100;412398;412364;220247;50410357;0;0;413003
2244;gov2;IDX_SAWIT;100;3;100;889328;889289;341221;50410357;0;0;892986
2388;gov2;IDX_SAWIT;100;2;100;60704;60670;35066;50410357;0;0;61322
2440;gov2;IDX_SAWIT;100;3;100;864537;864501;362183;50410357;0;0;868298
2653;gov2;IDX_SAWIT;100;5;100;806472;806429;245523;50410357;0;0;807084
2875;gov2;IDX_SAWIT;100;4;100;348733;348695;133657;50410357;0;0;349356
2896;gov2;IDX_SAWIT;100;3;100;1198823;1198787;468598;50410357;0;0;1202904
3219;gov2;IDX_SAWIT;100;5;100;491361;491317;148011;50410357;0;0;491963
3414;gov2;IDX_SAWIT;100;4;100;762458;762421;285448;50410357;0;0;766246
3605;gov2;IDX_SAWIT;100;4;100;932789;932749;345720;50410357;0;0;936798
3622;gov2;IDX_SAWIT;100;4;100;774352;774314;278948;50410357;0;0;774938
3768;gov2;IDX_SAWIT;100;4;100;349660;349621;140463;50410357;0;0;350241
3910;gov2;IDX_SAWIT;100;6;100;1787953;1787911;484723;50410357;0;0;1792482
3931;gov2;IDX_SAWIT;100;4;100;6767129;6767091;2207944;50410357;0;0;7231327
4257;gov2;IDX_SAWIT;100;2;100;49164;49123;26736;50410357;0;0;49771
4314;gov2;IDX_SAWIT;100;3;100;37517;37481;18177;50410357;0;0;38105
4411;gov2;IDX_SAWIT;100;3;100;1394751;1394717;509712;50410357;0;0;1398957
4415;gov2;IDX_SAWIT;100;3;100;391785;391746;178315;50410357;0;0;392387
4448;gov2;IDX_SAWIT;100;6;100;2385499;2385456;631987;50410357;0;0;2471404
4523;gov2;IDX_SAWIT;100;9;100;6512528;6512469;1279466;50410357;0;0;6689491
4572;gov2;IDX_SAWIT;100;5;100;1419863;1419813;377554;50410357;0;0;1424001
4708;gov2;IDX_SAWIT;100;3;100;244565;244527;117116;50410357;0;0;245166
4712;gov2;IDX_SAWIT;100;2;100;44160;44126;26942;50410357;0;0;44743
4720;gov2;IDX_SAWIT;100;3;100;7556;7521;4319;50410357;0;0;7999
4727;gov2;IDX_SAWIT;100;5;100;215742;215716;72558;50410357;0;0;216317
4740;gov2;IDX_SAWIT;100;3;100;41497;41460;21968;50410357;0;0;42078
4875;gov2;IDX_SAWIT;100;2;100;264821;264789;138370;50410357;0;0;265419
4956;gov2;IDX_SAWIT;100;3;100;967135;967099;392137;50410357;0;0;971150
4983;gov2;IDX_SAWIT;100;9;100;1552213;1552161;373865;50410357;0;0;1557200
5013;gov2;IDX_SAWIT;100;3;100;89165;89129;38347;50410357;0;0;89773
5017;gov2;IDX_SAWIT;100;5;100;613865;613821;188801;50410357;0;0;614388
5138;gov2;IDX_SAWIT;100;3;100;32610;32576;19365;50410357;0;0;33177
5258;gov2;IDX_SAWIT;100;6;100;1280790;1280749;356161;50410357;0;0;1285159
5884;gov2;IDX_SAWIT;100;6;100;4206816;4206773;1124093;50410357;0;0;4390543
5927;gov2;IDX_SAWIT;100;16;100;2977479;2977402;541792;50410357;0;0;2985125
5941;gov2;IDX_SAWIT;100;3;100;28065;28027;14036;50410357;0;0;28645
5971;gov2;IDX_SAWIT;100;12;100;589360;589303;123028;50410357;0;0;589976
6062;gov2;IDX_SAWIT;100;4;100;359037;358999;148580;50410357;0;0;359647
6161;gov2;IDX_SAWIT;100;3;100;112758;112722;52486;50410357;0;0;113368
6480;gov2;IDX_SAWIT;100;2;100;28466;28431;18108;50410357;0;0;29035
6785;gov2;IDX_SAWIT;100;3;100;238401;238368;111429;50410357;0;0;239002
6811;gov2;IDX_SAWIT;100;5;100;3247079;3247037;913299;50410357;0;0;3381491
7005;gov2;IDX_SAWIT;100;4;100;367117;367068;138848;50410357;0;0;367738
7078;gov2;IDX_SAWIT;100;5;100;1291961;1291920;357820;50410357;0;0;1296146
7172;gov2;IDX_SAWIT;100;2;100;921572;921536;432124;50410357;0;0;925570
7188;gov2;IDX_SAWIT;100;4;100;586232;586192;218642;50410357;0;0;586851
7211;gov2;IDX_SAWIT;100;4;100;865087;865049;323434;50410357;0;0;868798
7450;gov2;IDX_SAWIT;100;8;100;929604;929556;243373;50410357;0;0;930222
7552;gov2;IDX_SAWIT;100;3;100;71665;71628;34968;50410357;0;0;72268
7635;gov2;IDX_SAWIT;100;1;100;3567;3537;2364;50410357;0;0;4056
7712;gov2;IDX_SAWIT;100;5;100;55820;55793;20473;50410357;0;0;56393
7956;gov2;IDX_SAWIT;100;2;100;46935;46902;29479;50410357;0;0;47532
8018;gov2;IDX_SAWIT;100;6;100;287699;287655;86685;50410357;0;0;288333
8847;gov2;IDX_SAWIT;100;2;100;153663;153629;87142;50410357;0;0;154269
8946;gov2;IDX_SAWIT;100;6;100;227546;227502;85584;50410357;0;0;228144
8961;gov2;IDX_SAWIT;100;5;100;24346;24303;10834;50410357;0;0;24918
9061;gov2;IDX_SAWIT;100;3;100;1089396;1089365;405943;50410357;0;0;1093264
9178;gov2;IDX_SAWIT;100;4;100;656609;656570;246851;50410357;0;0;657236
9275;gov2;IDX_SAWIT;100;4;100;433760;433721;173728;50410357;0;0;434359
9523;gov2;IDX_SAWIT;100;5;100;4871119;4871078;1387898;50410357;0;0;5123803
9527;gov2;IDX_SAWIT;100;6;100;1018763;1018710;285261;50410357;0;0;1023010
9535;gov2;IDX_SAWIT;100;3;100;500733;500696;217147;50410357;0;0;501343
9540;gov2;IDX_SAWIT;100;4;100;594343;594305;256795;50410357;0;0;594963
9726;gov2;IDX_SAWIT;100;2;100;178923;178888;97174;50410357;0;0;179524
9730;gov2;IDX_SAWIT;100;7;100;1517624;1517578;404709;50410357;0;0;1522243
9839;gov2;IDX_SAWIT;100;4;100;1708145;1708105;648561;50410357;0;0;1782823
9840;gov2;IDX_SAWIT;100;3;100;1111735;1111689;425218;50410357;0;0;1115718
9866;gov2;IDX_SAWIT;100;4;100;120776;120736;47782;50410357;0;0;121381
9950;gov2;IDX_SAWIT;100;3;100;70592;70556;33080;50410357;0;0;71195
9957;gov2;IDX_SAWIT;100;2;100;49780;49748;30181;50410357;0;0;50369
9977;gov2;IDX_SAWIT;100;3;100;25034;24999;13304;50410357;0;0;25611
9991;gov2;IDX_SAWIT;100;9;100;4406900;4406855;1127429;50410357;0;0;4598434
10021;gov2;IDX_SAWIT;100;4;100;701333;701281;249223;50410357;0;0;701987
10063;gov2;IDX_SAWIT;100;3;100;472497;472460;197625;50410357;0;0;473229
10139;gov2;IDX_SAWIT;100;3;100;84361;84324;40519;50410357;0;0;85064
10231;gov2;IDX_SAWIT;100;8;100;208376;208326;59995;50410357;0;0;209080
10395;gov2;IDX_SAWIT;100;3;100;140209;140172;65479;50410357;0;0;140900
10397;gov2;IDX_SAWIT;100;6;100;849987;849943;240844;50410357;0;0;850689
10470;gov2;IDX_SAWIT;100;4;100;1418398;1418358;505648;50410357;0;0;1423002
11060;gov2;IDX_SAWIT;100;2;100;226279;226245;119776;50410357;0;0;226961
11077;gov2;IDX_SAWIT;100;3;100;313564;313527;136378;50410357;0;0;314260
11155;gov2;IDX_SAWIT;100;5;100;1317706;1317667;443101;50410357;0;0;1321998
68;gov2;IDX_SAWIT;100;4;100;212506;212467;89443;50410357;0;0;213187
250;gov2;IDX_SAWIT;100;6;100;4072461;4072421;1122743;50410357;0;0;4258399
503;gov2;IDX_SAWIT;100;4;100;114575;114529;49000;50410357;0;0;115270
561;gov2;IDX_SAWIT;100;8;100;6107732;6107682;1504754;50410357;0;0;6392684
683;gov2;IDX_SAWIT;100;5;100;784123;784070;238117;50410357;0;0;784844
918;gov2;IDX_SAWIT;100;7;100;2124863;2124819;546592;50410357;0;0;2129894
1153;gov2;IDX_SAWIT;100;5;100;334195;334152;109408;50410357;0;0;334920
1178;gov2;IDX_SAWIT;100;6;100;623206;623162;185838;50410357;0;0;623954
1206;gov2;IDX_SAWIT;100;4;100;2697603;2697565;879927;50410357;0;0;2801685
1394;gov2;IDX_SAWIT;100;5;100;1006444;1006394;337164;50410357;0;0;1010279
1465;gov2;IDX_SAWIT;100;3;100;156092;156054;73914;50410357;0;0;156792
1734;gov2;IDX_SAWIT;100;4;100;308634;308595;123385;50410357;0;0;309350
1847;gov2;IDX_SAWIT;100;4;100;2126721;2126685;784650;50410357;0;0;2241906
1984;gov2;IDX_SAWIT;100;2;100;26487;26443;17045;50410357;0;0;27161
2007;gov2;IDX_SAWIT;100;4;100;456272;456236;176458;50410357;0;0;456967
2127;gov2;IDX_SAWIT;100;9;100;3144621;3144569;778813;50410357;0;0;3260908
2176;gov2;IDX_SAWIT;100;4;100;2408931;2408884;889186;50410357;0;0;2546466
2198;gov2;IDX_SAWIT;100;4;100;86620;86572;39490;50410357;0;0;87322
2203;gov2;IDX_SAWIT;100;2;100;412688;412653;220247;50410357;0;0;413404
2244;gov2;IDX_SAWIT;100;3;100;891454;891416;341221;50410357;0;0;895196
2388;gov2;IDX_SAWIT;100;2;100;60758;60724;35066;50410357;0;0;61452
2440;gov2;IDX_SAWIT;100;3;100;864206;864170;362183;50410357;0;0;868073
2653;gov2;IDX_SAWIT;100;5;100;806538;806496;245523;50410357;0;0;807257
2875;gov2;IDX_SAWIT;100;4;100;347979;347941;133657;50410357;0;0;348714
2896;gov2;IDX_SAWIT;100;3;100;1198998;1198963;468598;50410357;0;0;1203149
3219;gov2;IDX_SAWIT;100;5;100;490204;490160;148011;50410357;0;0;490907
3414;gov2;IDX_SAWIT;100;4;100;760714;760674;285448;50410357;0;0;764640
3605;gov2;IDX_SAWIT;100;4;100;934049;934012;345720;50410357;0;0;938153
3622;gov2;IDX_SAWIT;100;4;100;776399;776361;278948;50410357;0;0;777096
3768;gov2;IDX_SAWIT;100;4;100;352742;352702;140463;50410357;0;0;353504
3910;gov2;IDX_SAWIT;100;6;100;1794151;1794110;484723;50410357;0;0;1798697
3931;gov2;IDX_SAWIT;100;4;100;6766816;6766776;2207944;50410357;0;0;7231734
4257;gov2;IDX_SAWIT;100;2;100;47051;47004;26736;50410357;0;0;47724
4314;gov2;IDX_SAWIT;100;3;100;37546;37511;18177;50410357;0;0;38210
4411;gov2;IDX_SAWIT;100;3;100;1384568;1384534;509712;50410357;0;0;1388835
4415;gov2;IDX_SAWIT;100;3;100;390047;390008;178315;50410357;0;0;390753
4448;gov2;IDX_SAWIT;100;6;100;2386492;2386450;631987;50410357;0;0;2472138
4523;gov2;IDX_SAWIT;100;9;100;6248424;6248365;1279466;50410357;0;0;6430079
4572;gov2;IDX_SAWIT;100;5;100;1426394;1426343;377554;50410357;0;0;1430646
4708;gov2;IDX_SAWIT;100;3;100;243770;243733;117116;50410357;0;0;244481
4712;gov2;IDX_SAWIT;100;2;100;44334;44301;26942;50410357;0;0;45018
4720;gov2;IDX_SAWIT;100;3;100;7576;7541;4319;50410357;0;0;8128
4727;gov2;IDX_SAWIT;100;5;100;215488;215461;72558;50410357;0;0;216163
4740;gov2;IDX_SAWIT;100;3;100;41605;41568;21968;50410357;0;0;42279
4875;gov2;IDX_SAWIT;100;2;100;264313;264280;138370;50410357;0;0;264994
4956;gov2;IDX_SAWIT;100;3;100;970896;970859;392137;50410357;0;0;975013
4983;gov2;IDX_SAWIT;100;9;100;1552947;1552896;373865;50410357;0;0;1558010
5013;gov2;IDX_SAWIT;100;3;100;89310;89273;38347;50410357;0;0;89986
5017;gov2;IDX_SAWIT;100;5;100;611879;611837;188801;50410357;0;0;612563
5138;gov2;IDX_SAWIT;100;3;100;32487;32449;19365;50410357;0;0;33170
5258;gov2;IDX_SAWIT;100;6;100;1280844;1280803;356161;50410357;0;0;1285292
5884;gov2;IDX_SAWIT;100;6;100;4204929;4204885;1124093;50410357;0;0;4388543
5927;gov2;IDX_SAWIT;100;16;100;2978603;2978524;541792;50410357;0;0;2986370
5941;gov2;IDX_SAWIT;100;3;100;28124;28086;14036;50410357;0;0;28777
5971;gov2;IDX_SAWIT;100;12;100;589233;589177;123028;50410357;0;0;589802
6062;gov2;IDX_SAWIT;100;4;100;360659;360627;148580;50410357;0;0;361179
6161;gov2;IDX_SAWIT;100;3;100;112475;112440;52486;50410357;0;0;113100
6480;gov2;IDX_SAWIT;100;2;100;28597;28563;18108;50410357;0;0;29258
6785;gov2;IDX_SAWIT;100;3;100;238609;238577;111429;50410357;0;0;239170
6811;gov2;IDX_SAWIT;100;5;100;3245334;3245293;913299;50410357;0;0;3377286
7005;gov2;IDX_SAWIT;100;4;100;368464;368418;138848;50410357;0;0;369060
7078;gov2;IDX_SAWIT;100;5;100;1289127;1289087;357820;50410357;0;0;1293323
7172;gov2;IDX_SAWIT;100;2;100;923813;923779;432124;50410357;0;0;927865
7188;gov2;IDX_SAWIT;100;4;100;587065;587023;218642;50410357;0;0;587642
7211;gov2;IDX_SAWIT;100;4;100;864419;864382;323434;50410357;0;0;868111
7450;gov2;IDX_SAWIT;100;8;100;929024;928977;243373;50410357;0;0;929575
7552;gov2;IDX_SAWIT;100;3;100;71608;71579;34968;50410357;0;0;72070
7635;gov2;IDX_SAWIT;100;1;100;3535;3510;2364;50410357;0;0;3909
7712;gov2;IDX_SAWIT;100;5;100;55859;55841;20473;50410357;0;0;56306
7956;gov2;IDX_SAWIT;100;2;100;47335;47309;29479;50410357;0;0;47765
8018;gov2;IDX_SAWIT;100;6;100;288231;288198;86685;50410357;0;0;288687
8847;gov2;IDX_SAWIT;100;2;100;154205;154178;87142;50410357;0;0;154747
8946;gov2;IDX_SAWIT;100;6;100;227715;227671;85584;50410357;0;0;228327
8961;gov2;IDX_SAWIT;100;5;100;24278;24245;10834;50410357;0;0;24720
9061;gov2;IDX_SAWIT;100;3;100;1091720;1091695;405943;50410357;0;0;1095465
9178;gov2;IDX_SAWIT;100;4;100;655377;655338;246851;50410357;0;0;656050
9275;gov2;IDX_SAWIT;100;4;100;432384;432347;173728;50410357;0;0;432914
9523;gov2;IDX_SAWIT;100;5;100;4846276;4846244;1387898;50410357;0;0;5094916
9527;gov2;IDX_SAWIT;100;6;100;1016548;1016505;285261;50410357;0;0;1020769
9535;gov2;IDX_SAWIT;100;3;100;499678;499639;217147;50410357;0;0;500274
9540;gov2;IDX_SAWIT;100;4;100;593093;593055;256795;50410357;0;0;593682
9726;gov2;IDX_SAWIT;100;2;100;178295;178261;97174;50410357;0;0;178900
9730;gov2;IDX_SAWIT;100;7;100;1515895;1515851;404709;50410357;0;0;1520495
9839;gov2;IDX_SAWIT;100;4;100;1708554;1708515;648561;50410357;0;0;1783259
9840;gov2;IDX_SAWIT;100;3;100;1107329;1107285;425218;50410357;0;0;1111261
9866;gov2;IDX_SAWIT;100;4;100;120201;120168;47782;50410357;0;0;120749
9950;gov2;IDX_SAWIT;100;3;100;69822;69785;33080;50410357;0;0;70517
9957;gov2;IDX_SAWIT;100;2;100;48984;48952;30181;50410357;0;0;49545
9977;gov2;IDX_SAWIT;100;3;100;24694;24663;13304;50410357;0;0;25248
9991;gov2;IDX_SAWIT;100;9;100;4413407;4413364;1127429;50410357;0;0;4601769
10021;gov2;IDX_SAWIT;100;4;100;700877;700835;249223;50410357;0;0;701340
10063;gov2;IDX_SAWIT;100;3;100;471759;471729;197625;50410357;0;0;472247
10139;gov2;IDX_SAWIT;100;3;100;84477;84448;40519;50410357;0;0;84928
10231;gov2;IDX_SAWIT;100;8;100;208513;208474;59995;50410357;0;0;209015
10395;gov2;IDX_SAWIT;100;3;100;140427;140392;65479;50410357;0;0;141013
10397;gov2;IDX_SAWIT;100;6;100;850621;850577;240844;50410357;0;0;851215
10470;gov2;IDX_SAWIT;100;4;100;1416096;1416058;505648;50410357;0;0;1420532
11060;gov2;IDX_SAWIT;100;2;100;224480;224451;119776;50410357;0;0;224980
11077;gov2;IDX_SAWIT;100;3;100;313487;313452;136378;50410357;0;0;314041
11155;gov2;IDX_SAWIT;100;5;100;1517661;1517629;443101;50410357;0;0;1523187
68;gov2;IDX_SAWIT;100;4;100;209898;209866;89443;50410357;0;0;210316
250;gov2;IDX_SAWIT;100;6;100;3957672;3957638;1122743;50410357;0;0;4143362
503;gov2;IDX_SAWIT;100;4;100;114328;114281;49000;50410357;0;0;114933
561;gov2;IDX_SAWIT;100;8;100;6114445;6114396;1504754;50410357;0;0;6399572
683;gov2;IDX_SAWIT;100;5;100;781641;781592;238117;50410357;0;0;782299
918;gov2;IDX_SAWIT;100;7;100;2122918;2122872;546592;50410357;0;0;2127982
1153;gov2;IDX_SAWIT;100;5;100;335389;335346;109408;50410357;0;0;336085
1178;gov2;IDX_SAWIT;100;6;100;623302;623258;185838;50410357;0;0;623917
1206;gov2;IDX_SAWIT;100;4;100;2699805;2699767;879927;50410357;0;0;2803530
1394;gov2;IDX_SAWIT;100;5;100;1008512;1008457;337164;50410357;0;0;1012391
1465;gov2;IDX_SAWIT;100;3;100;156316;156279;73914;50410357;0;0;156899
1734;gov2;IDX_SAWIT;100;4;100;308728;308690;123385;50410357;0;0;309316
1847;gov2;IDX_SAWIT;100;4;100;2145190;2145154;784650;50410357;0;0;2260319
1984;gov2;IDX_SAWIT;100;2;100;26503;26461;17045;50410357;0;0;27165
2007;gov2;IDX_SAWIT;100;4;100;456372;456337;176458;50410357;0;0;457055
2127;gov2;IDX_SAWIT;100;9;100;3199826;3199776;778813;50410357;0;0;3322912
2176;gov2;IDX_SAWIT;100;4;100;2440345;2440298;889186;50410357;0;0;2580540
2198;gov2;IDX_SAWIT;100;4;100;87463;87416;39490;50410357;0;0;88169
2203;gov2;IDX_SAWIT;100;2;100;414985;414951;220247;50410357;0;0;415693
2244;gov2;IDX_SAWIT;100;3;100;896216;896179;341221;50410357;0;0;899943
2388;gov2;IDX_SAWIT;100;2;100;60928;60893;35066;50410357;0;0;61602
2440;gov2;IDX_SAWIT;100;3;100;864111;864075;362183;50410357;0;0;867981
2653;gov2;IDX_SAWIT;100;5;100;806745;806703;245523;50410357;0;0;807454
2875;gov2;IDX_SAWIT;100;4;100;347982;347943;133657;50410357;0;0;348714
2896;gov2;IDX_SAWIT;100;3;100;1201544;1201507;468598;50410357;0;0;1205742
3219;gov2;IDX_SAWIT;100;5;100;491867;491823;148011;50410357;0;0;492564
3414;gov2;IDX_SAWIT;100;4;100;762661;762623;285448;50410357;0;0;766523
3605;gov2;IDX_SAWIT;100;4;100;933185;933145;345720;50410357;0;0;937350
3622;gov2;IDX_SAWIT;100;4;100;776788;776749;278948;50410357;0;0;777499
3768;gov2;IDX_SAWIT;100;4;100;351876;351835;140463;50410357;0;0;352576
3910;gov2;IDX_SAWIT;100;6;100;1788453;1788410;484723;50410357;0;0;1793051
3931;gov2;IDX_SAWIT;100;4;100;6785024;6784985;2207944;50410357;0;0;7249885
4257;gov2;IDX_SAWIT;100;2;100;49604;49555;26736;50410357;0;0;50309
4314;gov2;IDX_SAWIT;100;3;100;37594;37558;18177;50410357;0;0;38277
4411;gov2;IDX_SAWIT;100;3;100;1383852;1383816;509712;50410357;0;0;1388098
4415;gov2;IDX_SAWIT;100;3;100;389563;389524;178315;50410357;0;0;390284
4448;gov2;IDX_SAWIT;100;6;100;2400638;2400594;631987;50410357;0;0;2486138
4523;gov2;IDX_SAWIT;100;9;100;6256122;6256063;1279466;50410357;0;0;6436496
4572;gov2;IDX_SAWIT;100;5;100;1423022;1422970;377554;50410357;0;0;1427248
4708;gov2;IDX_SAWIT;100;3;100;244317;244279;117116;50410357;0;0;245007
4712;gov2;IDX_SAWIT;100;2;100;44495;44461;26942;50410357;0;0;45152
4720;gov2;IDX_SAWIT;100;3;100;7552;7515;4319;50410357;0;0;8114
4727;gov2;IDX_SAWIT;100;5;100;215946;215920;72558;50410357;0;0;216615
4740;gov2;IDX_SAWIT;100;3;100;41724;41689;21968;50410357;0;0;42395
4875;gov2;IDX_SAWIT;100;2;100;265082;265049;138370;50410357;0;0;265767
4956;gov2;IDX_SAWIT;100;3;100;971160;971124;392137;50410357;0;0;975242
4983;gov2;IDX_SAWIT;100;9;100;1553753;1553701;373865;50410357;0;0;1558826
5013;gov2;IDX_SAWIT;100;3;100;89044;89008;38347;50410357;0;0;89736
5017;gov2;IDX_SAWIT;100;5;100;611360;611317;188801;50410357;0;0;612060
5138;gov2;IDX_SAWIT;100;3;100;32471;32433;19365;50410357;0;0;33051
5258;gov2;IDX_SAWIT;100;6;100;1282679;1282638;356161;50410357;0;0;1287146
5884;gov2;IDX_SAWIT;100;6;100;4205623;4205577;1124093;50410357;0;0;4389371
5927;gov2;IDX_SAWIT;100;16;100;2978545;2978467;541792;50410357;0;0;2986348
5941;gov2;IDX_SAWIT;100;3;100;28148;28109;14036;50410357;0;0;28792
5971;gov2;IDX_SAWIT;100;12;100;589256;589199;123028;50410357;0;0;589951
6062;gov2;IDX_SAWIT;100;4;100;360880;360841;148580;50410357;0;0;361588
6161;gov2;IDX_SAWIT;100;3;100;113474;113438;52486;50410357;0;0;114154
6480;gov2;IDX_SAWIT;100;2;100;28673;28640;18108;50410357;0;0;29328
6785;gov2;IDX_SAWIT;100;3;100;240019;239986;111429;50410357;0;0;240699
6811;gov2;IDX_SAWIT;100;5;100;3276452;3276411;913299;50410357;0;0;3411568
7005;gov2;IDX_SAWIT;100;4;100;368834;368786;138848;50410357;0;0;369529
7078;gov2;IDX_SAWIT;100;5;100;1287777;1287736;357820;50410357;0;0;1292008
7172;gov2;IDX_SAWIT;100;2;100;922878;922844;432124;50410357;0;0;926951
7188;gov2;IDX_SAWIT;100;4;100;585851;585800;218642;50410357;0;0;586559
7211;gov2;IDX_SAWIT;100;4;100;864071;864033;323434;50410357;0;0;867879
7450;gov2;IDX_SAWIT;100;8;100;927399;927351;243373;50410357;0;0;928109
7552;gov2;IDX_SAWIT;100;3;100;71610;71574;34968;50410357;0;0;72313
7635;gov2;IDX_SAWIT;100;1;100;3568;3538;2364;50410357;0;0;4171
7712;gov2;IDX_SAWIT;100;5;100;55980;55954;20473;50410357;0;0;56633
7956;gov2;IDX_SAWIT;100;2;100;47033;47000;29479;50410357;0;0;47646
8018;gov2;IDX_SAWIT;100;6;100;287946;287902;86685;50410357;0;0;288655
8847;gov2;IDX_SAWIT;100;2;100;154425;154377;87142;50410357;0;0;155091
8946;gov2;IDX_SAWIT;100;6;100;227680;227635;85584;50410357;0;0;228270
8961;gov2;IDX_SAWIT;100;5;100;24288;24247;10834;50410357;0;0;24852
9061;gov2;IDX_SAWIT;100;3;100;1090561;1090530;405943;50410357;0;0;1094384
9178;gov2;IDX_SAWIT;100;4;100;655755;655715;246851;50410357;0;0;656368
9275;gov2;IDX_SAWIT;100;4;100;432707;432669;173728;50410357;0;0;433294
9523;gov2;IDX_SAWIT;100;5;100;4866770;4866729;1387898;50410357;0;0;5119799
9527;gov2;IDX_SAWIT;100;6;100;1016168;1016117;285261;50410357;0;0;1020430
9535;gov2;IDX_SAWIT;100;3;100;504507;504471;217147;50410357;0;0;505141
9540;gov2;IDX_SAWIT;100;4;100;593515;593476;256795;50410357;0;0;594165
9726;gov2;IDX_SAWIT;100;2;100;178959;178924;97174;50410357;0;0;179640
9730;gov2;IDX_SAWIT;100;7;100;1515999;1515953;404709;50410357;0;0;1520688
9839;gov2;IDX_SAWIT;100;4;100;1708303;1708263;648561;50410357;0;0;1782840
9840;gov2;IDX_SAWIT;100;3;100;1110967;1110921;425218;50410357;0;0;1115032
9866;gov2;IDX_SAWIT;100;4;100;119937;119897;47782;50410357;0;0;120615
9950;gov2;IDX_SAWIT;100;3;100;69165;69128;33080;50410357;0;0;69873
9957;gov2;IDX_SAWIT;100;2;100;48773;48740;30181;50410357;0;0;49443
9977;gov2;IDX_SAWIT;100;3;100;24635;24600;13304;50410357;0;0;25267
9991;gov2;IDX_SAWIT;100;9;100;4412480;4412435;1127429;50410357;0;0;4604527
10021;gov2;IDX_SAWIT;100;4;100;700082;700032;249223;50410357;0;0;700770
10063;gov2;IDX_SAWIT;100;3;100;471825;471787;197625;50410357;0;0;472466
10139;gov2;IDX_SAWIT;100;3;100;84421;84385;40519;50410357;0;0;85003
10231;gov2;IDX_SAWIT;100;8;100;208287;208240;59995;50410357;0;0;208864
10395;gov2;IDX_SAWIT;100;3;100;140191;140157;65479;50410357;0;0;140813
10397;gov2;IDX_SAWIT;100;6;100;854809;854771;240844;50410357;0;0;855468
10470;gov2;IDX_SAWIT;100;4;100;1415998;1415958;505648;50410357;0;0;1420576
11060;gov2;IDX_SAWIT;100;2;100;225273;225239;119776;50410357;0;0;225951
11077;gov2;IDX_SAWIT;100;3;100;313894;313858;136378;50410357;0;0;314567
11155;gov2;IDX_SAWIT;100;5;100;1320467;1320426;443101;50410357;0;0;1324743
68;gov2;IDX_SAWIT;1000;4;1000;335102;335065;160420;50410357;0;0;336464
250;gov2;IDX_SAWIT;1000;6;1000;6217417;6217383;1702708;50410357;0;0;6526432
503;gov2;IDX_SAWIT;1000;4;1000;770819;770765;303066;50410357;0;0;774665
561;gov2;IDX_SAWIT;1000;8;1000;8684459;8684411;2116346;50410357;0;0;9132078
683;gov2;IDX_SAWIT;1000;5;1000;1737292;1737241;550136;50410357;0;0;1742220
918;gov2;IDX_SAWIT;1000;7;1000;3182569;3182523;879140;50410357;0;0;3317618
1153;gov2;IDX_SAWIT;1000;5;1000;1648707;1648654;566484;50410357;0;0;1649349
1178;gov2;IDX_SAWIT;1000;6;1000;1181810;1181766;338345;50410357;0;0;1182420
1206;gov2;IDX_SAWIT;1000;4;1000;4320405;4320368;1300880;50410357;0;0;4454177
1394;gov2;IDX_SAWIT;1000;5;1000;1347247;1347196;497163;50410357;0;0;1351764
1465;gov2;IDX_SAWIT;1000;3;1000;331736;331699;160316;50410357;0;0;332341
1734;gov2;IDX_SAWIT;1000;4;1000;600910;600871;239618;50410357;0;0;601513
1847;gov2;IDX_SAWIT;1000;4;1000;3369597;3369560;1211621;50410357;0;0;3541792
1984;gov2;IDX_SAWIT;1000;2;1000;58899;58857;37912;50410357;0;0;59502
2007;gov2;IDX_SAWIT;1000;4;1000;798672;798632;306296;50410357;0;0;802582
2127;gov2;IDX_SAWIT;1000;9;1000;4870440;4870387;1193841;50410357;0;0;5083054
2176;gov2;IDX_SAWIT;1000;4;1000;3672913;3672865;1337457;50410357;0;0;3877661
2198;gov2;IDX_SAWIT;1000;4;1000;153729;153684;73506;50410357;0;0;154331
2203;gov2;IDX_SAWIT;1000;2;1000;955035;955000;480299;50410357;0;0;959373
2244;gov2;IDX_SAWIT;1000;3;1000;1232423;1232385;487544;50410357;0;0;1236710
2388;gov2;IDX_SAWIT;1000;2;1000;190701;190667;105363;50410357;0;0;191316
2440;gov2;IDX_SAWIT;1000;3;1000;1317458;1317421;559949;50410357;0;0;1321900
2653;gov2;IDX_SAWIT;1000;5;1000;1195295;1195253;389361;50410357;0;0;1199595
2875;gov2;IDX_SAWIT;1000;4;1000;474389;474351;191208;50410357;0;0;474941
2896;gov2;IDX_SAWIT;1000;3;1000;1745158;1745129;705273;50410357;0;0;1745675
3219;gov2;IDX_SAWIT;1000;5;1000;885873;885833;235505;50410357;0;0;886457
3414;gov2;IDX_SAWIT;1000;4;1000;1063176;1063136;391101;50410357;0;0;1063829
3605;gov2;IDX_SAWIT;1000;4;1000;1648587;1648548;613801;50410357;0;0;1649169
3622;gov2;IDX_SAWIT;1000;4;1000;1564799;1564762;544978;50410357;0;0;1565370
3768;gov2;IDX_SAWIT;1000;4;1000;938000;937960;328602;50410357;0;0;938614
3910;gov2;IDX_SAWIT;1000;6;1000;3025170;3025128;874000;50410357;0;0;3025763
3931;gov2;IDX_SAWIT;1000;4;1000;9625529;9625493;3011016;50410357;0;0;10195861
4257;gov2;IDX_SAWIT;1000;2;1000;74143;74101;43720;50410357;0;0;74753
4314;gov2;IDX_SAWIT;1000;3;1000;124488;124450;58730;50410357;0;0;125091
4411;gov2;IDX_SAWIT;1000;3;1000;2209783;2209747;712426;50410357;0;0;2296435
4415;gov2;IDX_SAWIT;1000;3;1000;755908;755862;302638;50410357;0;0;759532
4448;gov2;IDX_SAWIT;1000;6;1000;4037748;4037706;1019843;50410357;0;0;4192082
4523;gov2;IDX_SAWIT;1000;9;1000;8614766;8614707;1833967;50410357;0;0;8918366
4572;gov2;IDX_SAWIT;1000;5;1000;2174371;2174322;654673;50410357;0;0;2257068
4708;gov2;IDX_SAWIT;1000;3;1000;362609;362564;175822;50410357;0;0;363222
4712;gov2;IDX_SAWIT;1000;2;1000;105485;105452;61508;50410357;0;0;106005
4720;gov2;IDX_SAWIT;1000;3;1000;491322;491287;247238;50410357;0;0;491876
4727;gov2;IDX_SAWIT;1000;5;1000;326116;326074;114476;50410357;0;0;326722
4740;gov2;IDX_SAWIT;1000;3;1000;136416;136380;77223;50410357;0;0;137005
4875;gov2;IDX_SAWIT;1000;2;1000;334269;334235;185945;50410357;0;0;334878
4956;gov2;IDX_SAWIT;1000;3;1000;1969091;1969054;755217;50410357;0;0;1969697
4983;gov2;IDX_SAWIT;1000;9;1000;3301296;3301246;832355;50410357;0;0;3448648
5013;gov2;IDX_SAWIT;1000;3;1000;194457;194407;90452;50410357;0;0;195078
5017;gov2;IDX_SAWIT;1000;5;1000;1739896;1739854;544739;50410357;0;0;1744757
5138;gov2;IDX_SAWIT;1000;3;1000;76554;76516;44198;50410357;0;0;77159
5258;gov2;IDX_SAWIT;1000;6;1000;3459471;3459427;931969;50410357;0;0;3603076
5884;gov2;IDX_SAWIT;1000;6;1000;5942729;5942676;1656171;50410357;0;0;6240572
5927;gov2;IDX_SAWIT;1000;16;1000;8453594;8453517;1532133;50410357;0;0;8660071
5941;gov2;IDX_SAWIT;1000;3;1000;476031;475985;233580;50410357;0;0;476640
5971;gov2;IDX_SAWIT;1000;12;1000;4707384;4707323;837815;50410357;0;0;4714892
6062;gov2;IDX_SAWIT;1000;4;1000;690975;690935;287158;50410357;0;0;694744
6161;gov2;IDX_SAWIT;1000;3;1000;173549;173511;81698;50410357;0;0;174158
6480;gov2;IDX_SAWIT;1000;2;1000;64957;64924;40384;50410357;0;0;65554
6785;gov2;IDX_SAWIT;1000;3;1000;488983;488947;230361;50410357;0;0;489607
6811;gov2;IDX_SAWIT;1000;5;1000;4652350;4652307;1340217;50410357;0;0;4862689
7005;gov2;IDX_SAWIT;1000;4;1000;631570;631521;236092;50410357;0;0;632189
7078;gov2;IDX_SAWIT;1000;5;1000;1548990;1548949;467654;50410357;0;0;1553675
7172;gov2;IDX_SAWIT;1000;2;1000;1456015;1455981;668885;50410357;0;0;1456618
7188;gov2;IDX_SAWIT;1000;4;1000;935941;935903;340502;50410357;0;0;936546
7211;gov2;IDX_SAWIT;1000;4;1000;1559824;1559786;586566;50410357;0;0;1560433
7450;gov2;IDX_SAWIT;1000;8;1000;5611659;5611609;1246528;50410357;0;0;5613267
7552;gov2;IDX_SAWIT;1000;3;1000;519917;519882;169605;50410357;0;0;520568
7635;gov2;IDX_SAWIT;1000;1;556;18205;18174;6995;50410357;0;0;18771
7712;gov2;IDX_SAWIT;1000;5;1000;259454;259418;103214;50410357;0;0;260056
7956;gov2;IDX_SAWIT;1000;2;1000;75924;75892;46686;50410357;0;0;76497
8018;gov2;IDX_SAWIT;1000;6;1000;589918;589875;183144;50410357;0;0;590483
8847;gov2;IDX_SAWIT;1000;2;1000;349666;349633;174312;50410357;0;0;350273
8946;gov2;IDX_SAWIT;1000;6;1000;410167;410121;156524;50410357;0;0;410773
8961;gov2;IDX_SAWIT;1000;5;1000;98126;98083;49138;50410357;0;0;98743
9061;gov2;IDX_SAWIT;1000;3;1000;1695972;1695935;654355;50410357;0;0;1762758
9178;gov2;IDX_SAWIT;1000;4;1000;1085785;1085738;421908;50410357;0;0;1090112
9275;gov2;IDX_SAWIT;1000;4;1000;911688;911649;353056;50410357;0;0;915756
9523;gov2;IDX_SAWIT;1000;5;1000;7158387;7158344;1998977;50410357;0;0;7159170
9527;gov2;IDX_SAWIT;1000;6;1000;1970946;1970906;442839;50410357;0;0;1971500
9535;gov2;IDX_SAWIT;1000;3;1000;745696;745660;318770;50410357;0;0;746282
9540;gov2;IDX_SAWIT;1000;4;1000;994281;994242;420580;50410357;0;0;994890
9726;gov2;IDX_SAWIT;1000;2;1000;320984;320949;171603;50410357;0;0;327166
9730;gov2;IDX_SAWIT;1000;7;1000;3333379;3333331;911474;50410357;0;0;3333996
9839;gov2;IDX_SAWIT;1000;4;1000;3043422;3043385;1084605;50410357;0;0;3187068
9840;gov2;IDX_SAWIT;1000;3;1000;1935093;1935048;733594;50410357;0;0;1935692
9866;gov2;IDX_SAWIT;1000;4;1000;290360;290322;86016;50410357;0;0;291001
9950;gov2;IDX_SAWIT;1000;3;1000;126861;126824;64082;50410357;0;0;127468
9957;gov2;IDX_SAWIT;1000;2;1000;170740;170706;86815;50410357;0;0;171344
9977;gov2;IDX_SAWIT;1000;3;1000;160430;160394;94775;50410357;0;0;161018
9991;gov2;IDX_SAWIT;1000;9;1000;6102632;6102579;1647316;50410357;0;0;6399778
10021;gov2;IDX_SAWIT;1000;4;1000;1055062;1055014;389435;50410357;0;0;1060077
10063;gov2;IDX_SAWIT;1000;3;1000;605005;604967;268898;50410357;0;0;605546
10139;gov2;IDX_SAWIT;1000;3;1000;156752;156718;75238;50410357;0;0;157310
10231;gov2;IDX_SAWIT;1000;8;1000;1552734;1552684;428274;50410357;0;0;1557639
10395;gov2;IDX_SAWIT;1000;3;1000;282375;282338;140110;50410357;0;0;282976
10397;gov2;IDX_SAWIT;1000;6;1000;2637237;2637192;745724;50410357;0;0;2637847
10470;gov2;IDX_SAWIT;1000;4;1000;2444819;2444781;841402;50410357;0;0;2445418
11060;gov2;IDX_SAWIT;1000;2;1000;594336;594303;247297;50410357;0;0;598717
11077;gov2;IDX_SAWIT;1000;3;1000;471880;471842;208230;50410357;0;0;472484
11155;gov2;IDX_SAWIT;1000;5;1000;2103457;2103416;725494;50410357;0;0;2191099
68;gov2;IDX_SAWIT;1000;4;1000;333571;333521;160420;50410357;0;0;334208
250;gov2;IDX_SAWIT;1000;6;1000;6418945;6418902;1702708;50410357;0;0;6729787
503;gov2;IDX_SAWIT;1000;4;1000;772456;772404;303066;50410357;0;0;776192
561;gov2;IDX_SAWIT;1000;8;1000;8679887;8679835;2116346;50410357;0;0;9127042
683;gov2;IDX_SAWIT;1000;5;1000;1734470;1734417;550136;50410357;0;0;1739398
918;gov2;IDX_SAWIT;1000;7;1000;3183189;3183142;879140;50410357;0;0;3318365
1153;gov2;IDX_SAWIT;1000;5;1000;1652928;1652875;566484;50410357;0;0;1653681
1178;gov2;IDX_SAWIT;1000;6;1000;1181180;1181137;338345;50410357;0;0;1181881
1206;gov2;IDX_SAWIT;1000;4;1000;4334429;4334389;1300880;50410357;0;0;4468108
1394;gov2;IDX_SAWIT;1000;5;1000;1344422;1344369;497163;50410357;0;0;1349046
1465;gov2;IDX_SAWIT;1000;3;1000;330387;330350;160316;50410357;0;0;331095
1734;gov2;IDX_SAWIT;1000;4;1000;601295;601256;239618;50410357;0;0;602007
1847;gov2;IDX_SAWIT;1000;4;1000;3383316;3383278;1211621;50410357;0;0;3556399
1984;gov2;IDX_SAWIT;1000;2;1000;61835;61791;37912;50410357;0;0;62584
2007;gov2;IDX_SAWIT;1000;4;1000;798771;798732;306296;50410357;0;0;802774
2127;gov2;IDX_SAWIT;1000;9;1000;4874222;4874168;1193841;50410357;0;0;5086827
2176;gov2;IDX_SAWIT;1000;4;1000;3675059;3675011;1337457;50410357;0;0;3878998
2198;gov2;IDX_SAWIT;1000;4;1000;153466;153418;73506;50410357;0;0;154166
2203;gov2;IDX_SAWIT;1000;2;1000;956246;956212;480299;50410357;0;0;960697
2244;gov2;IDX_SAWIT;1000;3;1000;1233331;1233293;487544;50410357;0;0;1237722
2388;gov2;IDX_SAWIT;1000;2;1000;190621;190587;105363;50410357;0;0;191318
2440;gov2;IDX_SAWIT;1000;3;1000;1317827;1317791;559949;50410357;0;0;1322390
2653;gov2;IDX_SAWIT;1000;5;1000;1194825;1194782;389361;50410357;0;0;1199179
2875;gov2;IDX_SAWIT;1000;4;1000;475051;475012;191208;50410357;0;0;475774
2896;gov2;IDX_SAWIT;1000;3;1000;1756288;1756252;705273;50410357;0;0;1756979
3219;gov2;IDX_SAWIT;1000;5;1000;884087;884046;235505;50410357;0;0;884805
3414;gov2;IDX_SAWIT;1000;4;1000;1065155;1065116;391101;50410357;0;0;1065893
3605;gov2;IDX_SAWIT;1000;4;1000;1658106;1658067;613801;50410357;0;0;1658856
3622;gov2;IDX_SAWIT;1000;4;1000;1561106;1561068;544978;50410357;0;0;1565659
3768;gov2;IDX_SAWIT;1000;4;1000;939083;939043;328602;50410357;0;0;943382
3910;gov2;IDX_SAWIT;1000;6;1000;3417286;3417230;874000;50410357;0;0;3417942
3931;gov2;IDX_SAWIT;1000;4;1000;9617933;9617896;3011016;50410357;0;0;10188685
4257;gov2;IDX_SAWIT;1000;2;1000;76147;76100;43720;50410357;0;0;76855
4314;gov2;IDX_SAWIT;1000;3;1000;126295;126258;58730;50410357;0;0;126972
4411;gov2;IDX_SAWIT;1000;3;1000;1876625;1876589;712426;50410357;0;0;1963834
4415;gov2;IDX_SAWIT;1000;3;1000;670759;670715;302638;50410357;0;0;674442
4448;gov2;IDX_SAWIT;1000;6;1000;4034583;4034539;1019843;50410357;0;0;4188402
4523;gov2;IDX_SAWIT;1000;9;1000;8606037;8605979;1833967;50410357;0;0;8910165
4572;gov2;IDX_SAWIT;1000;5;1000;2175277;2175226;654673;50410357;0;0;2257913
4708;gov2;IDX_SAWIT;1000;3;1000;366393;366347;175822;50410357;0;0;367016
4712;gov2;IDX_SAWIT;1000;2;1000;105384;105348;61508;50410357;0;0;105977
4720;gov2;IDX_SAWIT;1000;3;1000;489935;489898;247238;50410357;0;0;490542
4727;gov2;IDX_SAWIT;1000;5;1000;325853;325811;114476;50410357;0;0;326466
4740;gov2;IDX_SAWIT;1000;3;1000;136789;136753;77223;50410357;0;0;137394
4875;gov2;IDX_SAWIT;1000;2;1000;335227;335193;185945;50410357;0;0;335833
4956;gov2;IDX_SAWIT;1000;3;1000;1970991;1970954;755217;50410357;0;0;1971604
4983;gov2;IDX_SAWIT;1000;9;1000;3301990;3301939;832355;50410357;0;0;3449530
5013;gov2;IDX_SAWIT;1000;3;1000;195357;195308;90452;50410357;0;0;196003
5017;gov2;IDX_SAWIT;1000;5;1000;1742806;1742763;544739;50410357;0;0;1747642
5138;gov2;IDX_SAWIT;1000;3;1000;76606;76568;44198;50410357;0;0;77207
5258;gov2;IDX_SAWIT;1000;6;1000;3455351;3455307;931969;50410357;0;0;3598735
5884;gov2;IDX_SAWIT;1000;6;1000;5935847;5935794;1656171;50410357;0;0;6231713
5927;gov2;IDX_SAWIT;1000;16;1000;8457231;8457154;1532133;50410357;0;0;8659560
5941;gov2;IDX_SAWIT;1000;3;1000;466996;466949;233580;50410357;0;0;467599
5971;gov2;IDX_SAWIT;1000;12;1000;4712510;4712451;837815;50410357;0;0;4719988
6062;gov2;IDX_SAWIT;1000;4;1000;696412;696372;287158;50410357;0;0;700165
6161;gov2;IDX_SAWIT;1000;3;1000;172804;172767;81698;50410357;0;0;173404
6480;gov2;IDX_SAWIT;1000;2;1000;64655;64621;40384;50410357;0;0;65232
6785;gov2;IDX_SAWIT;1000;3;1000;486474;486438;230361;50410357;0;0;487091
6811;gov2;IDX_SAWIT;1000;5;1000;4658337;4658293;1340217;50410357;0;0;4868547
7005;gov2;IDX_SAWIT;1000;4;1000;631778;631729;236092;50410357;0;0;632384
7078;gov2;IDX_SAWIT;1000;5;1000;1546777;1546736;467654;50410357;0;0;1551474
7172;gov2;IDX_SAWIT;1000;2;1000;1454810;1454774;668885;50410357;0;0;1455420
7188;gov2;IDX_SAWIT;1000;4;1000;936341;936302;340502;50410357;0;0;936953
7211;gov2;IDX_SAWIT;1000;4;1000;1557377;1557340;586566;50410357;0;0;1557953
7450;gov2;IDX_SAWIT;1000;8;1000;5606574;5606525;1246528;50410357;0;0;5608185
7552;gov2;IDX_SAWIT;1000;3;1000;519066;519032;169605;50410357;0;0;519701
7635;gov2;IDX_SAWIT;1000;1;556;18142;18112;6995;50410357;0;0;18710
7712;gov2;IDX_SAWIT;1000;5;1000;259166;259130;103214;50410357;0;0;259775
7956;gov2;IDX_SAWIT;1000;2;1000;75995;75962;46686;50410357;0;0;76531
8018;gov2;IDX_SAWIT;1000;6;1000;588620;588574;183144;50410357;0;0;589222
8847;gov2;IDX_SAWIT;1000;2;1000;352585;352551;174312;50410357;0;0;353163
8946;gov2;IDX_SAWIT;1000;6;1000;410104;410060;156524;50410357;0;0;410686
8961;gov2;IDX_SAWIT;1000;5;1000;98072;98030;49138;50410357;0;0;98676
9061;gov2;IDX_SAWIT;1000;3;1000;1697820;1697783;654355;50410357;0;0;1764626
9178;gov2;IDX_SAWIT;1000;4;1000;1090681;1090634;421908;50410357;0;0;1094960
9275;gov2;IDX_SAWIT;1000;4;1000;913947;913909;353056;50410357;0;0;917996
9523;gov2;IDX_SAWIT;1000;5;1000;6765334;6765292;1998977;50410357;0;0;6766129
9527;gov2;IDX_SAWIT;1000;6;1000;1971427;1971387;442839;50410357;0;0;1971984
9535;gov2;IDX_SAWIT;1000;3;1000;744586;744549;318770;50410357;0;0;745191
9540;gov2;IDX_SAWIT;1000;4;1000;993418;993378;420580;50410357;0;0;994022
9726;gov2;IDX_SAWIT;1000;2;1000;321658;321624;171603;50410357;0;0;327727
9730;gov2;IDX_SAWIT;1000;7;1000;3328326;3328281;911474;50410357;0;0;3328840
9839;gov2;IDX_SAWIT;1000;4;1000;3038654;3038618;1084605;50410357;0;0;3184581
9840;gov2;IDX_SAWIT;1000;3;1000;1925769;1925725;733594;50410357;0;0;1926355
9866;gov2;IDX_SAWIT;1000;4;1000;290014;289976;86016;50410357;0;0;290646
9950;gov2;IDX_SAWIT;1000;3;1000;127619;127581;64082;50410357;0;0;128216
9957;gov2;IDX_SAWIT;1000;2;1000;171690;171655;86815;50410357;0;0;172293
9977;gov2;IDX_SAWIT;1000;3;1000;160857;160820;94775;50410357;0;0;161460
9991;gov2;IDX_SAWIT;1000;9;1000;6050087;6050035;1647316;50410357;0;0;6348008
10021;gov2;IDX_SAWIT;1000;4;1000;1057440;1057391;389435;50410357;0;0;1061776
10063;gov2;IDX_SAWIT;1000;3;1000;602812;602774;268898;50410357;0;0;603390
10139;gov2;IDX_SAWIT;1000;3;1000;154842;154806;75238;50410357;0;0;155448
10231;gov2;IDX_SAWIT;1000;8;1000;1551822;1551775;428274;50410357;0;0;1556685
10395;gov2;IDX_SAWIT;1000;3;1000;281947;281911;140110;50410357;0;0;282526
10397;gov2;IDX_SAWIT;1000;6;1000;2628315;2628272;745724;50410357;0;0;2628884
10470;gov2;IDX_SAWIT;1000;4;1000;2434932;2434896;841402;50410357;0;0;2435509
11060;gov2;IDX_SAWIT;1000;2;1000;591983;591950;247297;50410357;0;0;592560
11077;gov2;IDX_SAWIT;1000;3;1000;472335;472299;208230;50410357;0;0;477486
11155;gov2;IDX_SAWIT;1000;5;1000;2097847;2097807;725494;50410357;0;0;2183853
68;gov2;IDX_SAWIT;1000;4;1000;335846;335801;160420;50410357;0;0;336430
250;gov2;IDX_SAWIT;1000;6;1000;6231109;6231069;1702708;50410357;0;0;6541951
503;gov2;IDX_SAWIT;1000;4;1000;771613;771566;303066;50410357;0;0;775328
561;gov2;IDX_SAWIT;1000;8;1000;8683216;8683165;2116346;50410357;0;0;9124281
683;gov2;IDX_SAWIT;1000;5;1000;1732793;1732744;550136;50410357;0;0;1737602
918;gov2;IDX_SAWIT;1000;7;1000;3182990;3182942;879140;50410357;0;0;3318407
1153;gov2;IDX_SAWIT;1000;5;1000;1647819;1647765;566484;50410357;0;0;1648464
1178;gov2;IDX_SAWIT;1000;6;1000;1183937;1183894;338345;50410357;0;0;1184550
1206;gov2;IDX_SAWIT;1000;4;1000;4327528;4327490;1300880;50410357;0;0;4461424
1394;gov2;IDX_SAWIT;1000;5;1000;1345947;1345895;497163;50410357;0;0;1350473
1465;gov2;IDX_SAWIT;1000;3;1000;330340;330302;160316;50410357;0;0;330955
1734;gov2;IDX_SAWIT;1000;4;1000;600707;600668;239618;50410357;0;0;601315
1847;gov2;IDX_SAWIT;1000;4;1000;3373028;3372991;1211621;50410357;0;0;3545105
1984;gov2;IDX_SAWIT;1000;2;1000;61796;61753;37912;50410357;0;0;62395
2007;gov2;IDX_SAWIT;1000;4;1000;799234;799195;306296;50410357;0;0;803135
2127;gov2;IDX_SAWIT;1000;9;1000;4872381;4872328;1193841;50410357;0;0;5082776
2176;gov2;IDX_SAWIT;1000;4;1000;3678691;3678640;1337457;50410357;0;0;3884903
2198;gov2;IDX_SAWIT;1000;4;1000;153509;153463;73506;50410357;0;0;154173
2203;gov2;IDX_SAWIT;1000;2;1000;1237512;1237477;480299;50410357;0;0;1243526
2244;gov2;IDX_SAWIT;1000;3;1000;1398997;1398957;487544;50410357;0;0;1403340
2388;gov2;IDX_SAWIT;1000;2;1000;190939;190906;105363;50410357;0;0;191607
2440;gov2;IDX_SAWIT;1000;3;1000;1320037;1320003;559949;50410357;0;0;1324515
2653;gov2;IDX_SAWIT;1000;5;1000;1193899;1193858;389361;50410357;0;0;1198256
2875;gov2;IDX_SAWIT;1000;4;1000;474439;474400;191208;50410357;0;0;475092
2896;gov2;IDX_SAWIT;1000;3;1000;1756142;1756108;705273;50410357;0;0;1756728
3219;gov2;IDX_SAWIT;1000;5;1000;846713;846680;235505;50410357;0;0;847305
3414;gov2;IDX_SAWIT;1000;4;1000;1067728;1067690;391101;50410357;0;0;1068368
3605;gov2;IDX_SAWIT;1000;4;1000;1616955;1616925;613801;50410357;0;0;1617538
3622;gov2;IDX_SAWIT;1000;4;1000;1565728;1565692;544978;50410357;0;0;1566417
3768;gov2;IDX_SAWIT;1000;4;1000;941814;941776;328602;50410357;0;0;942483
3910;gov2;IDX_SAWIT;1000;6;1000;3026268;3026226;874000;50410357;0;0;3026980
3931;gov2;IDX_SAWIT;1000;4;1000;9634137;9634101;3011016;50410357;0;0;10198737
4257;gov2;IDX_SAWIT;1000;2;1000;74567;74528;43720;50410357;0;0;75185
4314;gov2;IDX_SAWIT;1000;3;1000;124599;124565;58730;50410357;0;0;125214
4411;gov2;IDX_SAWIT;1000;3;1000;1875730;1875696;712426;50410357;0;0;1962632
4415;gov2;IDX_SAWIT;1000;3;1000;670882;670838;302638;50410357;0;0;674658
4448;gov2;IDX_SAWIT;1000;6;1000;4037066;4037021;1019843;50410357;0;0;4190888
4523;gov2;IDX_SAWIT;1000;9;1000;8613389;8613331;1833967;50410357;0;0;8917904
4572;gov2;IDX_SAWIT;1000;5;1000;2176925;2176875;654673;50410357;0;0;2259874
4708;gov2;IDX_SAWIT;1000;3;1000;365695;365649;175822;50410357;0;0;366431
4712;gov2;IDX_SAWIT;1000;2;1000;105437;105403;61508;50410357;0;0;106129
4720;gov2;IDX_SAWIT;1000;3;1000;489375;489337;247238;50410357;0;0;490074
4727;gov2;IDX_SAWIT;1000;5;1000;326015;325973;114476;50410357;0;0;326720
4740;gov2;IDX_SAWIT;1000;3;1000;136913;136876;77223;50410357;0;0;137619
4875;gov2;IDX_SAWIT;1000;2;1000;334153;334119;185945;50410357;0;0;334870
4956;gov2;IDX_SAWIT;1000;3;1000;1970944;1970909;755217;50410357;0;0;1971609
4983;gov2;IDX_SAWIT;1000;9;1000;3303480;3303431;832355;50410357;0;0;3453614
5013;gov2;IDX_SAWIT;1000;3;1000;194821;194771;90452;50410357;0;0;195545
5017;gov2;IDX_SAWIT;1000;5;1000;1740026;1739984;544739;50410357;0;0;1744967
5138;gov2;IDX_SAWIT;1000;3;1000;76808;76771;44198;50410357;0;0;77538
5258;gov2;IDX_SAWIT;1000;6;1000;3456219;3456176;931969;50410357;0;0;3600074
5884;gov2;IDX_SAWIT;1000;6;1000;5935949;5935895;1656171;50410357;0;0;6232742
5927;gov2;IDX_SAWIT;1000;16;1000;8454093;8454015;1532133;50410357;0;0;8656771
5941;gov2;IDX_SAWIT;1000;3;1000;467516;467467;233580;50410357;0;0;468211
5971;gov2;IDX_SAWIT;1000;12;1000;4711129;4711069;837815;50410357;0;0;4718695
6062;gov2;IDX_SAWIT;1000;4;1000;695617;695577;287158;50410357;0;0;699433
6161;gov2;IDX_SAWIT;1000;3;1000;172834;172797;81698;50410357;0;0;173535
6480;gov2;IDX_SAWIT;1000;2;1000;64708;64675;40384;50410357;0;0;65439
6785;gov2;IDX_SAWIT;1000;3;1000;486629;486593;230361;50410357;0;0;487329
6811;gov2;IDX_SAWIT;1000;5;1000;4664734;4664691;1340217;50410357;0;0;4874466
7005;gov2;IDX_SAWIT;1000;4;1000;829771;829721;236092;50410357;0;0;830422
7078;gov2;IDX_SAWIT;1000;5;1000;1703238;1703196;467654;50410357;0;0;1707991
7172;gov2;IDX_SAWIT;1000;2;1000;1455506;1455470;668885;50410357;0;0;1456214
7188;gov2;IDX_SAWIT;1000;4;1000;934258;934220;340502;50410357;0;0;934941
7211;gov2;IDX_SAWIT;1000;4;1000;1558108;1558070;586566;50410357;0;0;1558793
7450;gov2;IDX_SAWIT;1000;8;1000;5626550;5626501;1246528;50410357;0;0;5628254
7552;gov2;IDX_SAWIT;1000;3;1000;519369;519333;169605;50410357;0;0;520109
7635;gov2;IDX_SAWIT;1000;1;556;18119;18087;6995;50410357;0;0;18781
7712;gov2;IDX_SAWIT;1000;5;1000;259576;259541;103214;50410357;0;0;260260
7956;gov2;IDX_SAWIT;1000;2;1000;75811;75778;46686;50410357;0;0;76529
8018;gov2;IDX_SAWIT;1000;6;1000;589549;589505;183144;50410357;0;0;590264
8847;gov2;IDX_SAWIT;1000;2;1000;353389;353355;174312;50410357;0;0;354091
8946;gov2;IDX_SAWIT;1000;6;1000;410812;410767;156524;50410357;0;0;411495
8961;gov2;IDX_SAWIT;1000;5;1000;98160;98116;49138;50410357;0;0;98882
9061;gov2;IDX_SAWIT;1000;3;1000;1699835;1699798;654355;50410357;0;0;1766078
9178;gov2;IDX_SAWIT;1000;4;1000;1085474;1085427;421908;50410357;0;0;1089856
9275;gov2;IDX_SAWIT;1000;4;1000;912369;912329;353056;50410357;0;0;916546
9523;gov2;IDX_SAWIT;1000;5;1000;6761281;6761238;1998977;50410357;0;0;6762189
9527;gov2;IDX_SAWIT;1000;6;1000;1972755;1972712;442839;50410357;0;0;1973457
9535;gov2;IDX_SAWIT;1000;3;1000;744810;744773;318770;50410357;0;0;745471
9540;gov2;IDX_SAWIT;1000;4;1000;992089;992049;420580;50410357;0;0;992827
9726;gov2;IDX_SAWIT;1000;2;1000;321025;320991;171603;50410357;0;0;327220
9730;gov2;IDX_SAWIT;1000;7;1000;3326262;3326214;911474;50410357;0;0;3326962
9839;gov2;IDX_SAWIT;1000;4;1000;3039811;3039774;1084605;50410357;0;0;3185708
9840;gov2;IDX_SAWIT;1000;3;1000;1936580;1936537;733594;50410357;0;0;1937258
9866;gov2;IDX_SAWIT;1000;4;1000;289903;289868;86016;50410357;0;0;290577
9950;gov2;IDX_SAWIT;1000;3;1000;127147;127118;64082;50410357;0;0;127730
9957;gov2;IDX_SAWIT;1000;2;1000;170913;170886;86815;50410357;0;0;171542
9977;gov2;IDX_SAWIT;1000;3;1000;160431;160393;94775;50410357;0;0;161134
9991;gov2;IDX_SAWIT;1000;9;1000;6046469;6046417;1647316;50410357;0;0;6344892
10021;gov2;IDX_SAWIT;1000;4;1000;1061392;1061343;389435;50410357;0;0;1065819
10063;gov2;IDX_SAWIT;1000;3;1000;605320;605282;268898;50410357;0;0;605998
10139;gov2;IDX_SAWIT;1000;3;1000;155160;155125;75238;50410357;0;0;155828
10231;gov2;IDX_SAWIT;1000;8;1000;1553542;1553495;428274;50410357;0;0;1558503
10395;gov2;IDX_SAWIT;1000;3;1000;281855;281819;140110;50410357;0;0;282555
10397;gov2;IDX_SAWIT;1000;6;1000;2639404;2639362;745724;50410357;0;0;2640070
10470;gov2;IDX_SAWIT;1000;4;1000;2432470;2432433;841402;50410357;0;0;2433115
11060;gov2;IDX_SAWIT;1000;2;1000;591515;591484;247297;50410357;0;0;592209
11077;gov2;IDX_SAWIT;1000;3;1000;472897;472862;208230;50410357;0;0;478170
11155;gov2;IDX_SAWIT;1000;5;1000;2097759;2097718;725494;50410357;0;0;2184150
