68;gov2;INVIDX;10;4;10;13338;13302;0;0;0;0;14768
250;gov2;INVIDX;10;6;10;244841;244814;0;0;0;0;245445
503;gov2;INVIDX;10;4;10;17288;17247;0;0;0;0;17894
561;gov2;INVIDX;10;8;10;571046;571010;0;0;0;0;571724
683;gov2;INVIDX;10;5;10;44396;44350;0;0;0;0;45015
918;gov2;INVIDX;10;7;10;78846;78812;0;0;0;0;79463
1153;gov2;INVIDX;10;5;10;13634;13598;0;0;0;0;14236
1178;gov2;INVIDX;10;6;10;25269;25239;0;0;0;0;25872
1206;gov2;INVIDX;10;4;10;126237;126213;0;0;0;0;126909
1394;gov2;INVIDX;10;5;10;41369;41326;0;0;0;0;41950
1465;gov2;INVIDX;10;3;10;8426;8398;0;0;0;0;9020
1734;gov2;INVIDX;10;4;10;13534;13512;0;0;0;0;14096
1847;gov2;INVIDX;10;4;10;71696;71674;0;0;0;0;72285
1984;gov2;INVIDX;10;2;10;1237;1209;0;0;0;0;1793
2007;gov2;INVIDX;10;4;10;21126;21104;0;0;0;0;21675
2127;gov2;INVIDX;10;9;10;249554;249517;0;0;0;0;250205
2176;gov2;INVIDX;10;4;10;136275;136235;0;0;0;0;136917
2198;gov2;INVIDX;10;4;10;2568;2532;0;0;0;0;3115
2203;gov2;INVIDX;10;2;10;164696;164677;0;0;0;0;165344
2244;gov2;INVIDX;10;3;10;51072;51034;0;0;0;0;51682
2388;gov2;INVIDX;10;2;10;16227;16200;0;0;0;0;16798
2440;gov2;INVIDX;10;3;10;53173;53152;0;0;0;0;53744
2653;gov2;INVIDX;10;5;10;26255;26222;0;0;0;0;26801
2875;gov2;INVIDX;10;4;10;12931;12907;0;0;0;0;13410
2896;gov2;INVIDX;10;3;10;33563;33543;0;0;0;0;34126
3219;gov2;INVIDX;10;5;10;26591;26564;0;0;0;0;27157
3414;gov2;INVIDX;10;4;10;27149;27126;0;0;0;0;27694
3605;gov2;INVIDX;10;4;10;56266;56242;0;0;0;0;56841
3622;gov2;INVIDX;10;4;10;35102;35075;0;0;0;0;35669
3768;gov2;INVIDX;10;4;10;10914;10887;0;0;0;0;11445
3910;gov2;INVIDX;10;6;10;43842;43816;0;0;0;0;44411
3931;gov2;INVIDX;10;4;10;436998;436973;0;0;0;0;437650
4257;gov2;INVIDX;10;2;10;1320;1286;0;0;0;0;1863
4314;gov2;INVIDX;10;3;10;15867;15847;0;0;0;0;16418
4411;gov2;INVIDX;10;3;10;60340;60320;0;0;0;0;60939
4415;gov2;INVIDX;10;3;10;6494;6461;0;0;0;0;7045
4448;gov2;INVIDX;10;6;10;186208;186182;0;0;0;0;186845
4523;gov2;INVIDX;10;9;10;241916;241865;0;0;0;0;242559
4572;gov2;INVIDX;10;5;10;31392;31349;0;0;0;0;31964
4708;gov2;INVIDX;10;3;10;11366;11345;0;0;0;0;11931
4712;gov2;INVIDX;10;2;10;3398;3380;0;0;0;0;3948
4720;gov2;INVIDX;10;3;10;8424;8404;0;0;0;0;8979
4727;gov2;INVIDX;10;5;10;17570;17545;0;0;0;0;18139
4740;gov2;INVIDX;10;3;10;5077;5055;0;0;0;0;5643
4875;gov2;INVIDX;10;2;10;5820;5803;0;0;0;0;6353
4956;gov2;INVIDX;10;3;10;83571;83551;0;0;0;0;84194
4983;gov2;INVIDX;10;9;10;65727;65679;0;0;0;0;66327
5013;gov2;INVIDX;10;3;10;10936;10910;0;0;0;0;11497
5017;gov2;INVIDX;10;5;10;26615;26589;0;0;0;0;27183
5138;gov2;INVIDX;10;3;10;4628;4607;0;0;0;0;5178
5258;gov2;INVIDX;10;6;10;63660;63634;0;0;0;0;64248
5884;gov2;INVIDX;10;6;10;165635;165600;0;0;0;0;166254
5927;gov2;INVIDX;10;16;10;130276;130212;0;0;0;0;130898
5941;gov2;INVIDX;10;3;10;12918;12885;0;0;0;0;13470
5971;gov2;INVIDX;10;12;10;67707;67642;0;0;0;0;68342
6062;gov2;INVIDX;10;4;10;12731;12696;0;0;0;0;13274
6161;gov2;INVIDX;10;3;10;5243;5223;0;0;0;0;5800
6480;gov2;INVIDX;10;2;10;2050;2033;0;0;0;0;2605
6785;gov2;INVIDX;10;3;10;16322;16303;0;0;0;0;16884
6811;gov2;INVIDX;10;5;10;264585;264558;0;0;0;0;265228
7005;gov2;INVIDX;10;4;10;103720;103679;0;0;0;0;104347
7078;gov2;INVIDX;10;5;10;42428;42388;0;0;0;0;42951
7172;gov2;INVIDX;10;2;10;50885;50869;0;0;0;0;51444
7188;gov2;INVIDX;10;4;10;20150;20117;0;0;0;0;20670
7211;gov2;INVIDX;10;4;10;24918;24899;0;0;0;0;25428
7450;gov2;INVIDX;10;8;10;80810;80781;0;0;0;0;81392
7552;gov2;INVIDX;10;3;10;10257;10224;0;0;0;0;10862
7635;gov2;INVIDX;10;1;10;220;204;0;0;0;0;805
7712;gov2;INVIDX;10;5;10;4872;4845;0;0;0;0;5465
7956;gov2;INVIDX;10;2;10;3017;2998;0;0;0;0;3601
8018;gov2;INVIDX;10;6;10;26259;26229;0;0;0;0;26869
8847;gov2;INVIDX;10;2;10;12337;12316;0;0;0;0;12932
8946;gov2;INVIDX;10;6;10;17656;17626;0;0;0;0;18221
8961;gov2;INVIDX;10;5;10;4198;4172;0;0;0;0;4754
9061;gov2;INVIDX;10;3;10;21634;21614;0;0;0;0;22193
9178;gov2;INVIDX;10;4;10;17679;17657;0;0;0;0;18226
9275;gov2;INVIDX;10;4;10;26334;26313;0;0;0;0;26896
9523;gov2;INVIDX;10;5;10;185292;185267;0;0;0;0;185935
9527;gov2;INVIDX;10;6;10;55885;55842;0;0;0;0;56463
9535;gov2;INVIDX;10;3;10;18251;18223;0;0;0;0;18871
9540;gov2;INVIDX;10;4;10;9995;9973;0;0;0;0;10551
9726;gov2;INVIDX;10;2;10;18732;18714;0;0;0;0;19294
9730;gov2;INVIDX;10;7;10;86874;86842;0;0;0;0;87474
9839;gov2;INVIDX;10;4;10;48390;48363;0;0;0;0;48925
9840;gov2;INVIDX;10;3;10;25777;25757;0;0;0;0;26351
9866;gov2;INVIDX;10;4;10;13281;13257;0;0;0;0;13823
9950;gov2;INVIDX;10;3;10;5513;5492;0;0;0;0;6063
9957;gov2;INVIDX;10;2;10;4072;4055;0;0;0;0;4609
9977;gov2;INVIDX;10;3;10;2743;2724;0;0;0;0;3298
9991;gov2;INVIDX;10;9;10;157343;157309;0;0;0;0;157938
10021;gov2;INVIDX;10;4;10;35522;35485;0;0;0;0;36091
10063;gov2;INVIDX;10;3;10;10476;10452;0;0;0;0;11033
10139;gov2;INVIDX;10;3;10;6352;6332;0;0;0;0;6912
10231;gov2;INVIDX;10;8;10;1952;1919;0;0;0;0;2507
10395;gov2;INVIDX;10;3;10;7808;7789;0;0;0;0;8347
10397;gov2;INVIDX;10;6;10;53424;53398;0;0;0;0;53989
10470;gov2;INVIDX;10;4;10;57482;57457;0;0;0;0;58050
11060;gov2;INVIDX;10;2;10;16301;16280;0;0;0;0;16860
11077;gov2;INVIDX;10;3;10;14521;14501;0;0;0;0;15075
11155;gov2;INVIDX;10;5;10;74819;74794;0;0;0;0;75421
68;gov2;INVIDX;10;4;10;11925;11893;0;0;0;0;12486
250;gov2;INVIDX;10;6;10;243525;243498;0;0;0;0;244165
503;gov2;INVIDX;10;4;10;17259;17219;0;0;0;0;17823
561;gov2;INVIDX;10;8;10;571215;571181;0;0;0;0;571866
683;gov2;INVIDX;10;5;10;44363;44318;0;0;0;0;44937
918;gov2;INVIDX;10;7;10;78749;78716;0;0;0;0;79302
1153;gov2;INVIDX;10;5;10;13572;13539;0;0;0;0;14072
1178;gov2;INVIDX;10;6;10;25220;25194;0;0;0;0;25732
1206;gov2;INVIDX;10;4;10;126193;126173;0;0;0;0;126776
1394;gov2;INVIDX;10;5;10;41360;41319;0;0;0;0;41898
1465;gov2;INVIDX;10;3;10;8396;8371;0;0;0;0;8885
1734;gov2;INVIDX;10;4;10;13496;13477;0;0;0;0;14013
1847;gov2;INVIDX;10;4;10;71635;71615;0;0;0;0;72220
1984;gov2;INVIDX;10;2;10;1230;1204;0;0;0;0;1792
2007;gov2;INVIDX;10;4;10;21106;21082;0;0;0;0;21706
2127;gov2;INVIDX;10;9;10;249341;249303;0;0;0;0;250036
2176;gov2;INVIDX;10;4;10;136283;136243;0;0;0;0;136928
2198;gov2;INVIDX;10;4;10;2570;2533;0;0;0;0;3126
2203;gov2;INVIDX;10;2;10;164857;164839;0;0;0;0;165504
2244;gov2;INVIDX;10;3;10;50841;50803;0;0;0;0;51445
2388;gov2;INVIDX;10;2;10;15985;15964;0;0;0;0;16525
2440;gov2;INVIDX;10;3;10;52838;52815;0;0;0;0;53412
2653;gov2;INVIDX;10;5;10;26202;26171;0;0;0;0;26724
2875;gov2;INVIDX;10;4;10;12938;12914;0;0;0;0;13499
2896;gov2;INVIDX;10;3;10;33501;33484;0;0;0;0;34020
3219;gov2;INVIDX;10;5;10;26556;26532;0;0;0;0;27082
3414;gov2;INVIDX;10;4;10;27046;27023;0;0;0;0;27564
3605;gov2;INVIDX;10;4;10;56237;56217;0;0;0;0;56790
3622;gov2;INVIDX;10;4;10;34960;34933;0;0;0;0;35537
3768;gov2;INVIDX;10;4;10;10986;10959;0;0;0;0;11539
3910;gov2;INVIDX;10;6;10;43800;43773;0;0;0;0;44360
3931;gov2;INVIDX;10;4;10;436852;436828;0;0;0;0;437491
4257;gov2;INVIDX;10;2;10;1329;1293;0;0;0;0;1866
4314;gov2;INVIDX;10;3;10;15829;15812;0;0;0;0;16348
4411;gov2;INVIDX;10;3;10;60275;60257;0;0;0;0;60844
4415;gov2;INVIDX;10;3;10;6461;6428;0;0;0;0;6942
4448;gov2;INVIDX;10;6;10;186042;186018;0;0;0;0;186645
4523;gov2;INVIDX;10;9;10;241900;241850;0;0;0;0;242533
4572;gov2;INVIDX;10;5;10;31361;31319;0;0;0;0;31897
4708;gov2;INVIDX;10;3;10;11364;11343;0;0;0;0;11904
4712;gov2;INVIDX;10;2;10;3383;3365;0;0;0;0;3927
4720;gov2;INVIDX;10;3;10;8378;8360;0;0;0;0;8886
4727;gov2;INVIDX;10;5;10;17487;17465;0;0;0;0;18012
4740;gov2;INVIDX;10;3;10;5028;5009;0;0;0;0;5535
4875;gov2;INVIDX;10;2;10;5781;5767;0;0;0;0;6251
4956;gov2;INVIDX;10;3;10;83491;83474;0;0;0;0;84069
4983;gov2;INVIDX;10;9;10;65432;65386;0;0;0;0;65949
5013;gov2;INVIDX;10;3;10;10923;10897;0;0;0;0;11482
5017;gov2;INVIDX;10;5;10;26650;26625;0;0;0;0;27214
5138;gov2;INVIDX;10;3;10;4635;4614;0;0;0;0;5134
5258;gov2;INVIDX;10;6;10;63530;63507;0;0;0;0;64048
5884;gov2;INVIDX;10;6;10;165637;165603;0;0;0;0;166232
5927;gov2;INVIDX;10;16;10;130511;130447;0;0;0;0;131130
5941;gov2;INVIDX;10;3;10;12907;12874;0;0;0;0;13475
5971;gov2;INVIDX;10;12;10;67925;67880;0;0;0;0;68537
6062;gov2;INVIDX;10;4;10;12675;12639;0;0;0;0;13193
6161;gov2;INVIDX;10;3;10;5223;5203;0;0;0;0;5764
6480;gov2;INVIDX;10;2;10;2016;2001;0;0;0;0;2526
6785;gov2;INVIDX;10;3;10;16327;16309;0;0;0;0;16850
6811;gov2;INVIDX;10;5;10;264274;264249;0;0;0;0;264873
7005;gov2;INVIDX;10;4;10;103651;103612;0;0;0;0;104245
7078;gov2;INVIDX;10;5;10;42386;42347;0;0;0;0;42920
7172;gov2;INVIDX;10;2;10;50932;50915;0;0;0;0;51535
7188;gov2;INVIDX;10;4;10;20194;20162;0;0;0;0;20759
7211;gov2;INVIDX;10;4;10;24977;24955;0;0;0;0;25526
7450;gov2;INVIDX;10;8;10;80846;80813;0;0;0;0;81470
7552;gov2;INVIDX;10;3;10;10280;10249;0;0;0;0;10804
7635;gov2;INVIDX;10;1;10;192;180;0;0;0;0;679
7712;gov2;INVIDX;10;5;10;4827;4804;0;0;0;0;5336
7956;gov2;INVIDX;10;2;10;2988;2973;0;0;0;0;3464
8018;gov2;INVIDX;10;6;10;25060;25035;0;0;0;0;25537
8847;gov2;INVIDX;10;2;10;12318;12298;0;0;0;0;12906
8946;gov2;INVIDX;10;6;10;17619;17588;0;0;0;0;18221
8961;gov2;INVIDX;10;5;10;4248;4222;0;0;0;0;4808
9061;gov2;INVIDX;10;3;10;21664;21643;0;0;0;0;22220
9178;gov2;INVIDX;10;4;10;17699;17677;0;0;0;0;18253
9275;gov2;INVIDX;10;4;10;26475;26451;0;0;0;0;27088
9523;gov2;INVIDX;10;5;10;186093;186064;0;0;0;0;186777
9527;gov2;INVIDX;10;6;10;55650;55607;0;0;0;0;56231
9535;gov2;INVIDX;10;3;10;18152;18126;0;0;0;0;18748
9540;gov2;INVIDX;10;4;10;9968;9944;0;0;0;0;10508
9726;gov2;INVIDX;10;2;10;18666;18648;0;0;0;0;19226
9730;gov2;INVIDX;10;7;10;86913;86881;0;0;0;0;87508
9839;gov2;INVIDX;10;4;10;48317;48289;0;0;0;0;48871
9840;gov2;INVIDX;10;3;10;25818;25798;0;0;0;0;26383
9866;gov2;INVIDX;10;4;10;13275;13251;0;0;0;0;13835
9950;gov2;INVIDX;10;3;10;5510;5489;0;0;0;0;6062
9957;gov2;INVIDX;10;2;10;4081;4064;0;0;0;0;4623
9977;gov2;INVIDX;10;3;10;2740;2721;0;0;0;0;3291
9991;gov2;INVIDX;10;9;10;156789;156754;0;0;0;0;157398
10021;gov2;INVIDX;10;4;10;35647;35609;0;0;0;0;36230
10063;gov2;INVIDX;10;3;10;10469;10445;0;0;0;0;11023
10139;gov2;INVIDX;10;3;10;6379;6358;0;0;0;0;6943
10231;gov2;INVIDX;10;8;10;1942;1910;0;0;0;0;2499
10395;gov2;INVIDX;10;3;10;7832;7812;0;0;0;0;8384
10397;gov2;INVIDX;10;6;10;53458;53431;0;0;0;0;54024
10470;gov2;INVIDX;10;4;10;57505;57478;0;0;0;0;58069
11060;gov2;INVIDX;10;2;10;16300;16280;0;0;0;0;16893
11077;gov2;INVIDX;10;3;10;14553;14532;0;0;0;0;15110
11155;gov2;INVIDX;10;5;10;74930;74905;0;0;0;0;75530
68;gov2;INVIDX;10;4;10;11924;11892;0;0;0;0;12484
250;gov2;INVIDX;10;6;10;243599;243572;0;0;0;0;244245
503;gov2;INVIDX;10;4;10;17274;17234;0;0;0;0;17859
561;gov2;INVIDX;10;8;10;571356;571322;0;0;0;0;571979
683;gov2;INVIDX;10;5;10;44334;44291;0;0;0;0;44870
918;gov2;INVIDX;10;7;10;78828;78798;0;0;0;0;79390
1153;gov2;INVIDX;10;5;10;13606;13573;0;0;0;0;14099
1178;gov2;INVIDX;10;6;10;25201;25175;0;0;0;0;25696
1206;gov2;INVIDX;10;4;10;125882;125862;0;0;0;0;126478
1394;gov2;INVIDX;10;5;10;41351;41308;0;0;0;0;41854
1465;gov2;INVIDX;10;3;10;8409;8384;0;0;0;0;8927
1734;gov2;INVIDX;10;4;10;13541;13519;0;0;0;0;14089
1847;gov2;INVIDX;10;4;10;71714;71692;0;0;0;0;72314
1984;gov2;INVIDX;10;2;10;1227;1200;0;0;0;0;1773
2007;gov2;INVIDX;10;4;10;21109;21086;0;0;0;0;21659
2127;gov2;INVIDX;10;9;10;249037;248999;0;0;0;0;249705
2176;gov2;INVIDX;10;4;10;136253;136213;0;0;0;0;136894
2198;gov2;INVIDX;10;4;10;2577;2539;0;0;0;0;3175
2203;gov2;INVIDX;10;2;10;164683;164664;0;0;0;0;165294
2244;gov2;INVIDX;10;3;10;50871;50833;0;0;0;0;51395
2388;gov2;INVIDX;10;2;10;16041;16021;0;0;0;0;16608
2440;gov2;INVIDX;10;3;10;52842;52820;0;0;0;0;53437
2653;gov2;INVIDX;10;5;10;26264;26231;0;0;0;0;26927
2875;gov2;INVIDX;10;4;10;12905;12884;0;0;0;0;13432
2896;gov2;INVIDX;10;3;10;33580;33559;0;0;0;0;34148
3219;gov2;INVIDX;10;5;10;26596;26569;0;0;0;0;27146
3414;gov2;INVIDX;10;4;10;27123;27099;0;0;0;0;27700
3605;gov2;INVIDX;10;4;10;56392;56367;0;0;0;0;56968
3622;gov2;INVIDX;10;4;10;35243;35217;0;0;0;0;35840
3768;gov2;INVIDX;10;4;10;10915;10888;0;0;0;0;11490
3910;gov2;INVIDX;10;6;10;43803;43777;0;0;0;0;44377
3931;gov2;INVIDX;10;4;10;436562;436538;0;0;0;0;437193
4257;gov2;INVIDX;10;2;10;1320;1287;0;0;0;0;1872
4314;gov2;INVIDX;10;3;10;15931;15911;0;0;0;0;16491
4411;gov2;INVIDX;10;3;10;60423;60403;0;0;0;0;61038
4415;gov2;INVIDX;10;3;10;6476;6444;0;0;0;0;7035
4448;gov2;INVIDX;10;6;10;186084;186058;0;0;0;0;186723
4523;gov2;INVIDX;10;9;10;242020;241968;0;0;0;0;242665
4572;gov2;INVIDX;10;5;10;31403;31361;0;0;0;0;31971
4708;gov2;INVIDX;10;3;10;11367;11346;0;0;0;0;11930
4712;gov2;INVIDX;10;2;10;3381;3364;0;0;0;0;3935
4720;gov2;INVIDX;10;3;10;8418;8398;0;0;0;0;8962
4727;gov2;INVIDX;10;5;10;17521;17497;0;0;0;0;18088
4740;gov2;INVIDX;10;3;10;5070;5049;0;0;0;0;5650
4875;gov2;INVIDX;10;2;10;5806;5789;0;0;0;0;6363
4956;gov2;INVIDX;10;3;10;83537;83519;0;0;0;0;84166
4983;gov2;INVIDX;10;9;10;65434;65385;0;0;0;0;66009
5013;gov2;INVIDX;10;3;10;10917;10891;0;0;0;0;11473
5017;gov2;INVIDX;10;5;10;26611;26586;0;0;0;0;27172
5138;gov2;INVIDX;10;3;10;4630;4610;0;0;0;0;5171
5258;gov2;INVIDX;10;6;10;63565;63539;0;0;0;0;64147
5884;gov2;INVIDX;10;6;10;165618;165581;0;0;0;0;166297
5927;gov2;INVIDX;10;16;10;130452;130388;0;0;0;0;131078
5941;gov2;INVIDX;10;3;10;12925;12892;0;0;0;0;13491
5971;gov2;INVIDX;10;12;10;67917;67872;0;0;0;0;68538
6062;gov2;INVIDX;10;4;10;12713;12677;0;0;0;0;13276
6161;gov2;INVIDX;10;3;10;5246;5226;0;0;0;0;5796
6480;gov2;INVIDX;10;2;10;2038;2021;0;0;0;0;2584
6785;gov2;INVIDX;10;3;10;16353;16334;0;0;0;0;16917
6811;gov2;INVIDX;10;5;10;264435;264407;0;0;0;0;265070
7005;gov2;INVIDX;10;4;10;103701;103661;0;0;0;0;104346
7078;gov2;INVIDX;10;5;10;42380;42338;0;0;0;0;42945
7172;gov2;INVIDX;10;2;10;50926;50908;0;0;0;0;51553
7188;gov2;INVIDX;10;4;10;20187;20154;0;0;0;0;20745
7211;gov2;INVIDX;10;4;10;24962;24940;0;0;0;0;25524
7450;gov2;INVIDX;10;8;10;80835;80803;0;0;0;0;81459
7552;gov2;INVIDX;10;3;10;10275;10242;0;0;0;0;10832
7635;gov2;INVIDX;10;1;10;218;204;0;0;0;0;760
7712;gov2;INVIDX;10;5;10;4876;4852;0;0;0;0;5410
7956;gov2;INVIDX;10;2;10;2989;2974;0;0;0;0;3505
8018;gov2;INVIDX;10;6;10;25048;25023;0;0;0;0;25576
8847;gov2;INVIDX;10;2;10;12284;12267;0;0;0;0;12802
8946;gov2;INVIDX;10;6;10;17579;17552;0;0;0;0;18081
8961;gov2;INVIDX;10;5;10;4154;4130;0;0;0;0;4647
9061;gov2;INVIDX;10;3;10;21582;21564;0;0;0;0;22106
9178;gov2;INVIDX;10;4;10;17696;17674;0;0;0;0;18234
9275;gov2;INVIDX;10;4;10;26346;26328;0;0;0;0;26868
9523;gov2;INVIDX;10;5;10;185061;185035;0;0;0;0;185692
9527;gov2;INVIDX;10;6;10;55658;55617;0;0;0;0;56204
9535;gov2;INVIDX;10;3;10;18154;18132;0;0;0;0;18666
9540;gov2;INVIDX;10;4;10;9936;9915;0;0;0;0;10405
9726;gov2;INVIDX;10;2;10;18626;18611;0;0;0;0;19143
9730;gov2;INVIDX;10;7;10;86867;86836;0;0;0;0;87410
9839;gov2;INVIDX;10;4;10;48446;48420;0;0;0;0;48987
9840;gov2;INVIDX;10;3;10;25917;25897;0;0;0;0;26444
9866;gov2;INVIDX;10;4;10;13269;13247;0;0;0;0;13785
9950;gov2;INVIDX;10;3;10;5477;5459;0;0;0;0;5992
9957;gov2;INVIDX;10;2;10;4076;4059;0;0;0;0;4627
9977;gov2;INVIDX;10;3;10;2749;2729;0;0;0;0;3291
9991;gov2;INVIDX;10;9;10;156736;156702;0;0;0;0;157358
10021;gov2;INVIDX;10;4;10;35552;35517;0;0;0;0;36124
10063;gov2;INVIDX;10;3;10;10449;10424;0;0;0;0;11005
10139;gov2;INVIDX;10;3;10;6391;6369;0;0;0;0;6983
10231;gov2;INVIDX;10;8;10;1945;1912;0;0;0;0;2498
10395;gov2;INVIDX;10;3;10;7824;7805;0;0;0;0;8394
10397;gov2;INVIDX;10;6;10;53408;53382;0;0;0;0;53979
10470;gov2;INVIDX;10;4;10;57526;57499;0;0;0;0;58100
11060;gov2;INVIDX;10;2;10;16317;16296;0;0;0;0;16886
11077;gov2;INVIDX;10;3;10;14555;14534;0;0;0;0;15105
11155;gov2;INVIDX;10;5;10;74895;74870;0;0;0;0;75497
68;gov2;INVIDX;100;4;100;64544;64510;0;0;0;0;65979
250;gov2;INVIDX;100;6;100;282150;282108;0;0;0;0;282760
503;gov2;INVIDX;100;4;100;31322;31282;0;0;0;0;31892
561;gov2;INVIDX;100;8;100;774614;774577;0;0;0;0;775242
683;gov2;INVIDX;100;5;100;79591;79547;0;0;0;0;80253
918;gov2;INVIDX;100;7;100;133242;133201;0;0;0;0;133906
1153;gov2;INVIDX;100;5;100;36711;36670;0;0;0;0;37357
1178;gov2;INVIDX;100;6;100;38892;38861;0;0;0;0;39488
1206;gov2;INVIDX;100;4;100;159360;159336;0;0;0;0;160002
1394;gov2;INVIDX;100;5;100;69388;69344;0;0;0;0;70012
1465;gov2;INVIDX;100;3;100;15917;15883;0;0;0;0;16484
1734;gov2;INVIDX;100;4;100;61706;61682;0;0;0;0;62277
1847;gov2;INVIDX;100;4;100;132815;132782;0;0;0;0;133449
1984;gov2;INVIDX;100;2;100;5987;5953;0;0;0;0;6563
2007;gov2;INVIDX;100;4;100;32137;32114;0;0;0;0;32711
2127;gov2;INVIDX;100;9;100;522508;522469;0;0;0;0;523111
2176;gov2;INVIDX;100;4;100;155563;155525;0;0;0;0;156155
2198;gov2;INVIDX;100;4;100;5329;5291;0;0;0;0;5901
2203;gov2;INVIDX;100;2;100;166205;166186;0;0;0;0;166857
2244;gov2;INVIDX;100;3;100;66506;66468;0;0;0;0;67151
2388;gov2;INVIDX;100;2;100;18895;18868;0;0;0;0;19461
2440;gov2;INVIDX;100;3;100;57383;57362;0;0;0;0;57986
2653;gov2;INVIDX;100;5;100;45960;45925;0;0;0;0;46561
2875;gov2;INVIDX;100;4;100;27754;27724;0;0;0;0;28318
2896;gov2;INVIDX;100;3;100;43530;43509;0;0;0;0;44102
3219;gov2;INVIDX;100;5;100;79079;79048;0;0;0;0;79688
3414;gov2;INVIDX;100;4;100;29997;29962;0;0;0;0;30568
3605;gov2;INVIDX;100;4;100;90371;90348;0;0;0;0;91007
3622;gov2;INVIDX;100;4;100;118311;118278;0;0;0;0;118958
3768;gov2;INVIDX;100;4;100;28579;28540;0;0;0;0;29152
3910;gov2;INVIDX;100;6;100;115003;114977;0;0;0;0;115620
3931;gov2;INVIDX;100;4;100;458660;458625;0;0;0;0;459310
4257;gov2;INVIDX;100;2;100;36332;36299;0;0;0;0;36935
4314;gov2;INVIDX;100;3;100;20004;19976;0;0;0;0;20585
4411;gov2;INVIDX;100;3;100;63761;63738;0;0;0;0;64380
4415;gov2;INVIDX;100;3;100;12645;12612;0;0;0;0;13210
4448;gov2;INVIDX;100;6;100;280269;280242;0;0;0;0;280902
4523;gov2;INVIDX;100;9;100;429278;429224;0;0;0;0;429981
4572;gov2;INVIDX;100;5;100;79469;79426;0;0;0;0;80105
4708;gov2;INVIDX;100;3;100;13322;13290;0;0;0;0;13918
4712;gov2;INVIDX;100;2;100;3963;3944;0;0;0;0;4540
4720;gov2;INVIDX;100;3;100;78693;78673;0;0;0;0;79322
4727;gov2;INVIDX;100;5;100;33503;33461;0;0;0;0;34093
4740;gov2;INVIDX;100;3;100;18597;18573;0;0;0;0;19173
4875;gov2;INVIDX;100;2;100;26587;26567;0;0;0;0;27170
4956;gov2;INVIDX;100;3;100;87130;87104;0;0;0;0;87775
4983;gov2;INVIDX;100;9;100;158988;158939;0;0;0;0;159644
5013;gov2;INVIDX;100;3;100;28326;28290;0;0;0;0;28919
5017;gov2;INVIDX;100;5;100;46786;46757;0;0;0;0;47357
5138;gov2;INVIDX;100;3;100;7236;7213;0;0;0;0;7793
5258;gov2;INVIDX;100;6;100;134663;134636;0;0;0;0;135289
5884;gov2;INVIDX;100;6;100;211730;211686;0;0;0;0;212367
5927;gov2;INVIDX;100;16;100;569327;569258;0;0;0;0;569989
5941;gov2;INVIDX;100;3;100;24190;24151;0;0;0;0;24752
5971;gov2;INVIDX;100;12;100;386706;386659;0;0;0;0;387333
6062;gov2;INVIDX;100;4;100;23318;23279;0;0;0;0;23849
6161;gov2;INVIDX;100;3;100;12200;12180;0;0;0;0;12750
6480;gov2;INVIDX;100;2;100;3282;3266;0;0;0;0;3790
6785;gov2;INVIDX;100;3;100;24648;24631;0;0;0;0;25170
6811;gov2;INVIDX;100;5;100;324844;324816;0;0;0;0;325444
7005;gov2;INVIDX;100;4;100;106656;106617;0;0;0;0;107247
7078;gov2;INVIDX;100;5;100;56879;56837;0;0;0;0;57421
7172;gov2;INVIDX;100;2;100;52782;52763;0;0;0;0;53342
7188;gov2;INVIDX;100;4;100;41547;41514;0;0;0;0;42085
7211;gov2;INVIDX;100;4;100;34380;34355;0;0;0;0;34938
7450;gov2;INVIDX;100;8;100;231225;231192;0;0;0;0;231849
7552;gov2;INVIDX;100;3;100;39910;39873;0;0;0;0;40502
7635;gov2;INVIDX;100;1;100;238;219;0;0;0;0;789
7712;gov2;INVIDX;100;5;100;16200;16176;0;0;0;0;16823
7956;gov2;INVIDX;100;2;100;9927;9908;0;0;0;0;10512
8018;gov2;INVIDX;100;6;100;38318;38290;0;0;0;0;38909
8847;gov2;INVIDX;100;2;100;13563;13541;0;0;0;0;14142
8946;gov2;INVIDX;100;6;100;27466;27436;0;0;0;0;28053
8961;gov2;INVIDX;100;5;100;6334;6305;0;0;0;0;6901
9061;gov2;INVIDX;100;3;100;33884;33864;0;0;0;0;34448
9178;gov2;INVIDX;100;4;100;36325;36301;0;0;0;0;36903
9275;gov2;INVIDX;100;4;100;32675;32652;0;0;0;0;33209
9523;gov2;INVIDX;100;5;100;215571;215546;0;0;0;0;216222
9527;gov2;INVIDX;100;6;100;116354;116311;0;0;0;0;116965
9535;gov2;INVIDX;100;3;100;26111;26077;0;0;0;0;26636
9540;gov2;INVIDX;100;4;100;18947;18931;0;0;0;0;19445
9726;gov2;INVIDX;100;2;100;19101;19084;0;0;0;0;19622
9730;gov2;INVIDX;100;7;100;141335;141302;0;0;0;0;141916
9839;gov2;INVIDX;100;4;100;64889;64857;0;0;0;0;65482
9840;gov2;INVIDX;100;3;100;33323;33301;0;0;0;0;33913
9866;gov2;INVIDX;100;4;100;32106;32081;0;0;0;0;32698
9950;gov2;INVIDX;100;3;100;8375;8353;0;0;0;0;8938
9957;gov2;INVIDX;100;2;100;5021;5004;0;0;0;0;5585
9977;gov2;INVIDX;100;3;100;15889;15869;0;0;0;0;16455
9991;gov2;INVIDX;100;9;100;249900;249864;0;0;0;0;250501
10021;gov2;INVIDX;100;4;100;39086;39046;0;0;0;0;39635
10063;gov2;INVIDX;100;3;100;15245;15220;0;0;0;0;15813
10139;gov2;INVIDX;100;3;100;49434;49413;0;0;0;0;50038
10231;gov2;INVIDX;100;8;100;32990;32948;0;0;0;0;33547
10395;gov2;INVIDX;100;3;100;26500;26478;0;0;0;0;27083
10397;gov2;INVIDX;100;6;100;111529;111499;0;0;0;0;112147
10470;gov2;INVIDX;100;4;100;72748;72714;0;0;0;0;73342
11060;gov2;INVIDX;100;2;100;20287;20264;0;0;0;0;20853
11077;gov2;INVIDX;100;3;100;17552;17531;0;0;0;0;18106
11155;gov2;INVIDX;100;5;100;80225;80199;0;0;0;0;80834
68;gov2;INVIDX;100;4;100;61400;61366;0;0;0;0;62032
250;gov2;INVIDX;100;6;100;282098;282058;0;0;0;0;282743
503;gov2;INVIDX;100;4;100;31313;31273;0;0;0;0;31877
561;gov2;INVIDX;100;8;100;774407;774371;0;0;0;0;775057
683;gov2;INVIDX;100;5;100;79549;79505;0;0;0;0;80178
918;gov2;INVIDX;100;7;100;133922;133880;0;0;0;0;134558
1153;gov2;INVIDX;100;5;100;36729;36689;0;0;0;0;37320
1178;gov2;INVIDX;100;6;100;38917;38888;0;0;0;0;39493
1206;gov2;INVIDX;100;4;100;159211;159187;0;0;0;0;159875
1394;gov2;INVIDX;100;5;100;69362;69317;0;0;0;0;69988
1465;gov2;INVIDX;100;3;100;15931;15897;0;0;0;0;16502
1734;gov2;INVIDX;100;4;100;61710;61687;0;0;0;0;62318
1847;gov2;INVIDX;100;4;100;132866;132834;0;0;0;0;133553
1984;gov2;INVIDX;100;2;100;5982;5949;0;0;0;0;6525
2007;gov2;INVIDX;100;4;100;32143;32120;0;0;0;0;32719
2127;gov2;INVIDX;100;9;100;522569;522528;0;0;0;0;523191
2176;gov2;INVIDX;100;4;100;155400;155361;0;0;0;0;155990
2198;gov2;INVIDX;100;4;100;5311;5274;0;0;0;0;5783
2203;gov2;INVIDX;100;2;100;166372;166356;0;0;0;0;166933
2244;gov2;INVIDX;100;3;100;66533;66495;0;0;0;0;67172
2388;gov2;INVIDX;100;2;100;18914;18888;0;0;0;0;19484
2440;gov2;INVIDX;100;3;100;57353;57333;0;0;0;0;57904
2653;gov2;INVIDX;100;5;100;45953;45919;0;0;0;0;46503
2875;gov2;INVIDX;100;4;100;27724;27698;0;0;0;0;28231
2896;gov2;INVIDX;100;3;100;43482;43463;0;0;0;0;44028
3219;gov2;INVIDX;100;5;100;79794;79763;0;0;0;0;80346
3414;gov2;INVIDX;100;4;100;29961;29926;0;0;0;0;30491
3605;gov2;INVIDX;100;4;100;90414;90390;0;0;0;0;91065
3622;gov2;INVIDX;100;4;100;117294;117259;0;0;0;0;117974
3768;gov2;INVIDX;100;4;100;28773;28731;0;0;0;0;29365
3910;gov2;INVIDX;100;6;100;114851;114822;0;0;0;0;115495
3931;gov2;INVIDX;100;4;100;458774;458740;0;0;0;0;459422
4257;gov2;INVIDX;100;2;100;36323;36288;0;0;0;0;36926
4314;gov2;INVIDX;100;3;100;20028;20002;0;0;0;0;20634
4411;gov2;INVIDX;100;3;100;63775;63754;0;0;0;0;64388
4415;gov2;INVIDX;100;3;100;12647;12613;0;0;0;0;13217
4448;gov2;INVIDX;100;6;100;280209;280183;0;0;0;0;280860
4523;gov2;INVIDX;100;9;100;429188;429137;0;0;0;0;429829
4572;gov2;INVIDX;100;5;100;79878;79836;0;0;0;0;80507
4708;gov2;INVIDX;100;3;100;13322;13294;0;0;0;0;13882
4712;gov2;INVIDX;100;2;100;3960;3941;0;0;0;0;4506
4720;gov2;INVIDX;100;3;100;78619;78599;0;0;0;0;79253
4727;gov2;INVIDX;100;5;100;33462;33420;0;0;0;0;34065
4740;gov2;INVIDX;100;3;100;18583;18559;0;0;0;0;19172
4875;gov2;INVIDX;100;2;100;26637;26616;0;0;0;0;27216
4956;gov2;INVIDX;100;3;100;87190;87164;0;0;0;0;87796
4983;gov2;INVIDX;100;9;100;158835;158786;0;0;0;0;159478
5013;gov2;INVIDX;100;3;100;28271;28235;0;0;0;0;28879
5017;gov2;INVIDX;100;5;100;46822;46792;0;0;0;0;47392
5138;gov2;INVIDX;100;3;100;7239;7216;0;0;0;0;7813
5258;gov2;INVIDX;100;6;100;134457;134430;0;0;0;0;135073
5884;gov2;INVIDX;100;6;100;211725;211682;0;0;0;0;212371
5927;gov2;INVIDX;100;16;100;570486;570418;0;0;0;0;571136
5941;gov2;INVIDX;100;3;100;24198;24160;0;0;0;0;24778
5971;gov2;INVIDX;100;12;100;387772;387725;0;0;0;0;388435
6062;gov2;INVIDX;100;4;100;23341;23302;0;0;0;0;23902
6161;gov2;INVIDX;100;3;100;12212;12192;0;0;0;0;12766
6480;gov2;INVIDX;100;2;100;3305;3287;0;0;0;0;3867
6785;gov2;INVIDX;100;3;100;24729;24709;0;0;0;0;25302
6811;gov2;INVIDX;100;5;100;324295;324267;0;0;0;0;324939
7005;gov2;INVIDX;100;4;100;106753;106713;0;0;0;0;107397
7078;gov2;INVIDX;100;5;100;57016;56974;0;0;0;0;57630
7172;gov2;INVIDX;100;2;100;53169;53143;0;0;0;0;53784
7188;gov2;INVIDX;100;4;100;41597;41564;0;0;0;0;42183
7211;gov2;INVIDX;100;4;100;34402;34377;0;0;0;0;34969
7450;gov2;INVIDX;100;8;100;230968;230934;0;0;0;0;231612
7552;gov2;INVIDX;100;3;100;39945;39908;0;0;0;0;40538
7635;gov2;INVIDX;100;1;100;207;191;0;0;0;0;696
7712;gov2;INVIDX;100;5;100;16206;16184;0;0;0;0;16732
7956;gov2;INVIDX;100;2;100;9885;9867;0;0;0;0;10402
8018;gov2;INVIDX;100;6;100;38247;38221;0;0;0;0;38769
8847;gov2;INVIDX;100;2;100;13489;13469;0;0;0;0;13991
8946;gov2;INVIDX;100;6;100;27393;27366;0;0;0;0;27914
8961;gov2;INVIDX;100;5;100;6292;6265;0;0;0;0;6781
9061;gov2;INVIDX;100;3;100;33811;33793;0;0;0;0;34340
9178;gov2;INVIDX;100;4;100;36357;36333;0;0;0;0;36923
9275;gov2;INVIDX;100;4;100;32695;32673;0;0;0;0;33174
9523;gov2;INVIDX;100;5;100;215387;215364;0;0;0;0;215972
9527;gov2;INVIDX;100;6;100;116145;116103;0;0;0;0;116725
9535;gov2;INVIDX;100;3;100;26203;26170;0;0;0;0;26738
9540;gov2;INVIDX;100;4;100;19038;19013;0;0;0;0;19620
9726;gov2;INVIDX;100;2;100;19142;19123;0;0;0;0;19692
9730;gov2;INVIDX;100;7;100;141419;141386;0;0;0;0;142023
9839;gov2;INVIDX;100;4;100;64874;64842;0;0;0;0;65456
9840;gov2;INVIDX;100;3;100;33314;33293;0;0;0;0;33886
9866;gov2;INVIDX;100;4;100;32096;32071;0;0;0;0;32684
9950;gov2;INVIDX;100;3;100;8382;8360;0;0;0;0;8985
9957;gov2;INVIDX;100;2;100;5020;5002;0;0;0;0;5571
9977;gov2;INVIDX;100;3;100;15858;15839;0;0;0;0;16429
9991;gov2;INVIDX;100;9;100;249159;249121;0;0;0;0;249783
10021;gov2;INVIDX;100;4;100;39111;39070;0;0;0;0;39672
10063;gov2;INVIDX;100;3;100;15233;15208;0;0;0;0;15804
10139;gov2;INVIDX;100;3;100;49447;49426;0;0;0;0;50055
10231;gov2;INVIDX;100;8;100;32958;32917;0;0;0;0;33545
10395;gov2;INVIDX;100;3;100;26561;26539;0;0;0;0;27136
10397;gov2;INVIDX;100;6;100;111571;111540;0;0;0;0;112174
10470;gov2;INVIDX;100;4;100;72809;72776;0;0;0;0;73384
11060;gov2;INVIDX;100;2;100;20286;20263;0;0;0;0;20861
11077;gov2;INVIDX;100;3;100;17550;17530;0;0;0;0;18097
11155;gov2;INVIDX;100;5;100;80264;80238;0;0;0;0;80856
68;gov2;INVIDX;100;4;100;61411;61378;0;0;0;0;62021
250;gov2;INVIDX;100;6;100;282293;282254;0;0;0;0;282932
503;gov2;INVIDX;100;4;100;31336;31297;0;0;0;0;31915
561;gov2;INVIDX;100;8;100;774725;774689;0;0;0;0;775383
683;gov2;INVIDX;100;5;100;79470;79427;0;0;0;0;80101
918;gov2;INVIDX;100;7;100;133277;133239;0;0;0;0;133855
1153;gov2;INVIDX;100;5;100;36732;36692;0;0;0;0;37261
1178;gov2;INVIDX;100;6;100;38839;38812;0;0;0;0;39359
1206;gov2;INVIDX;100;4;100;159249;159226;0;0;0;0;159898
1394;gov2;INVIDX;100;5;100;69323;69280;0;0;0;0;69899
1465;gov2;INVIDX;100;3;100;15931;15897;0;0;0;0;16479
1734;gov2;INVIDX;100;4;100;61723;61700;0;0;0;0;62337
1847;gov2;INVIDX;100;4;100;133158;133123;0;0;0;0;133811
1984;gov2;INVIDX;100;2;100;5991;5957;0;0;0;0;6550
2007;gov2;INVIDX;100;4;100;32212;32177;0;0;0;0;32806
2127;gov2;INVIDX;100;9;100;522297;522258;0;0;0;0;522940
2176;gov2;INVIDX;100;4;100;155333;155293;0;0;0;0;155984
2198;gov2;INVIDX;100;4;100;5347;5308;0;0;0;0;5894
2203;gov2;INVIDX;100;2;100;166258;166239;0;0;0;0;166944
2244;gov2;INVIDX;100;3;100;66541;66503;0;0;0;0;67124
2388;gov2;INVIDX;100;2;100;19003;18975;0;0;0;0;19554
2440;gov2;INVIDX;100;3;100;57461;57440;0;0;0;0;58050
2653;gov2;INVIDX;100;5;100;45975;45940;0;0;0;0;46544
2875;gov2;INVIDX;100;4;100;27781;27753;0;0;0;0;28355
2896;gov2;INVIDX;100;3;100;43482;43461;0;0;0;0;44078
3219;gov2;INVIDX;100;5;100;79804;79774;0;0;0;0;80430
3414;gov2;INVIDX;100;4;100;29993;29957;0;0;0;0;30559
3605;gov2;INVIDX;100;4;100;90381;90357;0;0;0;0;90987
3622;gov2;INVIDX;100;4;100;118890;118858;0;0;0;0;119523
3768;gov2;INVIDX;100;4;100;28666;28625;0;0;0;0;29243
3910;gov2;INVIDX;100;6;100;114859;114833;0;0;0;0;115485
3931;gov2;INVIDX;100;4;100;458632;458598;0;0;0;0;459253
4257;gov2;INVIDX;100;2;100;36402;36368;0;0;0;0;37008
4314;gov2;INVIDX;100;3;100;20023;19995;0;0;0;0;20596
4411;gov2;INVIDX;100;3;100;63762;63740;0;0;0;0;64357
4415;gov2;INVIDX;100;3;100;12645;12613;0;0;0;0;13211
4448;gov2;INVIDX;100;6;100;279969;279943;0;0;0;0;280603
4523;gov2;INVIDX;100;9;100;429192;429144;0;0;0;0;429815
4572;gov2;INVIDX;100;5;100;79501;79459;0;0;0;0;80105
4708;gov2;INVIDX;100;3;100;13328;13299;0;0;0;0;13821
4712;gov2;INVIDX;100;2;100;3927;3911;0;0;0;0;4448
4720;gov2;INVIDX;100;3;100;78590;78572;0;0;0;0;79190
4727;gov2;INVIDX;100;5;100;33388;33347;0;0;0;0;33930
4740;gov2;INVIDX;100;3;100;18541;18519;0;0;0;0;19077
4875;gov2;INVIDX;100;2;100;26564;26546;0;0;0;0;27100
4956;gov2;INVIDX;100;3;100;87031;87007;0;0;0;0;87602
4983;gov2;INVIDX;100;9;100;158786;158740;0;0;0;0;159383
5013;gov2;INVIDX;100;3;100;28279;28243;0;0;0;0;28848
5017;gov2;INVIDX;100;5;100;46820;46792;0;0;0;0;47335
5138;gov2;INVIDX;100;3;100;7200;7178;0;0;0;0;7716
5258;gov2;INVIDX;100;6;100;134430;134406;0;0;0;0;135023
5884;gov2;INVIDX;100;6;100;211803;211759;0;0;0;0;212453
5927;gov2;INVIDX;100;16;100;570562;570493;0;0;0;0;571233
5941;gov2;INVIDX;100;3;100;24232;24193;0;0;0;0;24836
5971;gov2;INVIDX;100;12;100;387704;387656;0;0;0;0;388402
6062;gov2;INVIDX;100;4;100;23338;23298;0;0;0;0;23923
6161;gov2;INVIDX;100;3;100;12214;12192;0;0;0;0;12821
6480;gov2;INVIDX;100;2;100;3324;3305;0;0;0;0;3892
6785;gov2;INVIDX;100;3;100;24718;24699;0;0;0;0;25297
6811;gov2;INVIDX;100;5;100;324874;324845;0;0;0;0;325535
7005;gov2;INVIDX;100;4;100;106640;106600;0;0;0;0;107280
7078;gov2;INVIDX;100;5;100;56919;56877;0;0;0;0;57517
7172;gov2;INVIDX;100;2;100;52825;52805;0;0;0;0;53452
7188;gov2;INVIDX;100;4;100;41597;41563;0;0;0;0;42181
7211;gov2;INVIDX;100;4;100;34387;34362;0;0;0;0;34960
7450;gov2;INVIDX;100;8;100;231015;230981;0;0;0;0;231625
7552;gov2;INVIDX;100;3;100;39971;39935;0;0;0;0;40557
7635;gov2;INVIDX;100;1;100;243;224;0;0;0;0;801
7712;gov2;INVIDX;100;5;100;16235;16210;0;0;0;0;16795
7956;gov2;INVIDX;100;2;100;9908;9888;0;0;0;0;10474
8018;gov2;INVIDX;100;6;100;38297;38268;0;0;0;0;38872
8847;gov2;INVIDX;100;2;100;13528;13505;0;0;0;0;14109
8946;gov2;INVIDX;100;6;100;27430;27400;0;0;0;0;27910
8961;gov2;INVIDX;100;5;100;8207;8177;0;0;0;0;8794
9061;gov2;INVIDX;100;3;100;37535;37514;0;0;0;0;38116
9178;gov2;INVIDX;100;4;100;36380;36355;0;0;0;0;36892
9275;gov2;INVIDX;100;4;100;32772;32748;0;0;0;0;33320
9523;gov2;INVIDX;100;5;100;215295;215269;0;0;0;0;215958
9527;gov2;INVIDX;100;6;100;116114;116069;0;0;0;0;116739
9535;gov2;INVIDX;100;3;100;26147;26114;0;0;0;0;26712
9540;gov2;INVIDX;100;4;100;18992;18969;0;0;0;0;19551
9726;gov2;INVIDX;100;2;100;19098;19079;0;0;0;0;19652
9730;gov2;INVIDX;100;7;100;141437;141404;0;0;0;0;142048
9839;gov2;INVIDX;100;4;100;64876;64844;0;0;0;0;65458
9840;gov2;INVIDX;100;3;100;33322;33300;0;0;0;0;33900
9866;gov2;INVIDX;100;4;100;32098;32072;0;0;0;0;32661
9950;gov2;INVIDX;100;3;100;8382;8358;0;0;0;0;8939
9957;gov2;INVIDX;100;2;100;5014;4997;0;0;0;0;5581
9977;gov2;INVIDX;100;3;100;15862;15843;0;0;0;0;16426
9991;gov2;INVIDX;100;9;100;249124;249086;0;0;0;0;249753
10021;gov2;INVIDX;100;4;100;39145;39104;0;0;0;0;39724
10063;gov2;INVIDX;100;3;100;15235;15209;0;0;0;0;15776
10139;gov2;INVIDX;100;3;100;49568;49548;0;0;0;0;50162
10231;gov2;INVIDX;100;8;100;32974;32932;0;0;0;0;33540
10395;gov2;INVIDX;100;3;100;26566;26545;0;0;0;0;27145
10397;gov2;INVIDX;100;6;100;111535;111504;0;0;0;0;112159
10470;gov2;INVIDX;100;4;100;72759;72725;0;0;0;0;73352
11060;gov2;INVIDX;100;2;100;20289;20266;0;0;0;0;20873
11077;gov2;INVIDX;100;3;100;17560;17539;0;0;0;0;18135
11155;gov2;INVIDX;100;5;100;80450;80423;0;0;0;0;81051
68;gov2;INVIDX;1000;4;1000;77826;77790;0;0;0;0;79177
250;gov2;INVIDX;1000;6;1000;442958;442915;0;0;0;0;443578
503;gov2;INVIDX;1000;4;1000;76770;76731;0;0;0;0;77367
561;gov2;INVIDX;1000;8;1000;1254864;1254814;0;0;0;0;1255511
683;gov2;INVIDX;1000;5;1000;143740;143697;0;0;0;0;144375
918;gov2;INVIDX;1000;7;1000;234865;234820;0;0;0;0;235491
1153;gov2;INVIDX;1000;5;1000;130634;130592;0;0;0;0;131268
1178;gov2;INVIDX;1000;6;1000;80538;80493;0;0;0;0;81145
1206;gov2;INVIDX;1000;4;1000;168178;168148;0;0;0;0;168779
1394;gov2;INVIDX;1000;5;1000;154263;154219;0;0;0;0;154907
1465;gov2;INVIDX;1000;3;1000;65470;65432;0;0;0;0;66103
1734;gov2;INVIDX;1000;4;1000;212737;212699;0;0;0;0;213381
1847;gov2;INVIDX;1000;4;1000;242753;242713;0;0;0;0;243405
1984;gov2;INVIDX;1000;2;1000;6621;6586;0;0;0;0;7168
2007;gov2;INVIDX;1000;4;1000;100696;100673;0;0;0;0;101324
2127;gov2;INVIDX;1000;9;1000;745465;745411;0;0;0;0;746107
2176;gov2;INVIDX;1000;4;1000;264449;264409;0;0;0;0;265110
2198;gov2;INVIDX;1000;4;1000;12637;12597;0;0;0;0;13195
2203;gov2;INVIDX;1000;2;1000;175112;175094;0;0;0;0;175712
2244;gov2;INVIDX;1000;3;1000;174837;174797;0;0;0;0;175453
2388;gov2;INVIDX;1000;2;1000;30970;30935;0;0;0;0;31555
2440;gov2;INVIDX;1000;3;1000;82822;82796;0;0;0;0;83452
2653;gov2;INVIDX;1000;5;1000;76358;76317;0;0;0;0;76985
2875;gov2;INVIDX;1000;4;1000;65833;65797;0;0;0;0;66453
2896;gov2;INVIDX;1000;3;1000;165191;165160;0;0;0;0;165790
3219;gov2;INVIDX;1000;5;1000;174066;174023;0;0;0;0;174649
3414;gov2;INVIDX;1000;4;1000;54085;54046;0;0;0;0;54643
3605;gov2;INVIDX;1000;4;1000;321799;321769;0;0;0;0;322483
3622;gov2;INVIDX;1000;4;1000;275594;275552;0;0;0;0;276275
3768;gov2;INVIDX;1000;4;1000;64490;64448;0;0;0;0;65108
3910;gov2;INVIDX;1000;6;1000;251910;251874;0;0;0;0;252578
3931;gov2;INVIDX;1000;4;1000;675568;675527;0;0;0;0;676250
4257;gov2;INVIDX;1000;2;1000;44127;44090;0;0;0;0;44792
4314;gov2;INVIDX;1000;3;1000;37363;37330;0;0;0;0;37996
4411;gov2;INVIDX;1000;3;1000;78756;78728;0;0;0;0;79438
4415;gov2;INVIDX;1000;3;1000;27532;27497;0;0;0;0;28091
4448;gov2;INVIDX;1000;6;1000;396436;396406;0;0;0;0;397079
4523;gov2;INVIDX;1000;9;1000;572427;572373;0;0;0;0;573093
4572;gov2;INVIDX;1000;5;1000;163135;163091;0;0;0;0;163816
4708;gov2;INVIDX;1000;3;1000;30057;30020;0;0;0;0;30702
4712;gov2;INVIDX;1000;2;1000;12024;12001;0;0;0;0;12623
4720;gov2;INVIDX;1000;3;1000;377171;377147;0;0;0;0;377848
4727;gov2;INVIDX;1000;5;1000;105741;105694;0;0;0;0;106428
4740;gov2;INVIDX;1000;3;1000;81559;81521;0;0;0;0;82237
4875;gov2;INVIDX;1000;2;1000;51712;51676;0;0;0;0;52389
4956;gov2;INVIDX;1000;3;1000;117143;117107;0;0;0;0;117780
4983;gov2;INVIDX;1000;9;1000;355775;355721;0;0;0;0;356462
5013;gov2;INVIDX;1000;3;1000;176754;176714;0;0;0;0;177392
5017;gov2;INVIDX;1000;5;1000;101001;100958;0;0;0;0;101634
5138;gov2;INVIDX;1000;3;1000;146825;146791;0;0;0;0;147491
5258;gov2;INVIDX;1000;6;1000;310105;310057;0;0;0;0;310798
5884;gov2;INVIDX;1000;6;1000;387290;387243;0;0;0;0;387973
5927;gov2;INVIDX;1000;16;1000;1289200;1289128;0;0;0;0;1289832
5941;gov2;INVIDX;1000;3;1000;56332;56292;0;0;0;0;56973
5971;gov2;INVIDX;1000;12;1000;1070393;1070338;0;0;0;0;1071038
6062;gov2;INVIDX;1000;4;1000;83620;83581;0;0;0;0;84286
6161;gov2;INVIDX;1000;3;1000;34169;34133;0;0;0;0;34756
6480;gov2;INVIDX;1000;2;1000;33807;33786;0;0;0;0;34414
6785;gov2;INVIDX;1000;3;1000;44821;44790;0;0;0;0;45427
6811;gov2;INVIDX;1000;5;1000;432830;432794;0;0;0;0;433507
7005;gov2;INVIDX;1000;4;1000;133751;133710;0;0;0;0;134392
7078;gov2;INVIDX;1000;5;1000;95851;95808;0;0;0;0;96466
7172;gov2;INVIDX;1000;2;1000;63106;63076;0;0;0;0;63735
7188;gov2;INVIDX;1000;4;1000;85826;85788;0;0;0;0;86455
7211;gov2;INVIDX;1000;4;1000;103486;103449;0;0;0;0;104134
7450;gov2;INVIDX;1000;8;1000;584314;584265;0;0;0;0;584970
7552;gov2;INVIDX;1000;3;1000;52761;52723;0;0;0;0;53389
7635;gov2;INVIDX;1000;1;556;283;259;0;0;0;0;837
7712;gov2;INVIDX;1000;5;1000;62163;62138;0;0;0;0;62772
7956;gov2;INVIDX;1000;2;1000;10506;10478;0;0;0;0;11066
8018;gov2;INVIDX;1000;6;1000;101418;101389;0;0;0;0;102048
8847;gov2;INVIDX;1000;2;1000;20860;20828;0;0;0;0;21417
8946;gov2;INVIDX;1000;6;1000;93050;93019;0;0;0;0;93675
8961;gov2;INVIDX;1000;5;1000;65923;65883;0;0;0;0;66563
9061;gov2;INVIDX;1000;3;1000;154012;153975;0;0;0;0;154704
9178;gov2;INVIDX;1000;4;1000;78402;78362;0;0;0;0;79055
9275;gov2;INVIDX;1000;4;1000;48960;48923;0;0;0;0;49572
9523;gov2;INVIDX;1000;5;1000;402843;402812;0;0;0;0;403499
9527;gov2;INVIDX;1000;6;1000;164155;164109;0;0;0;0;164792
9535;gov2;INVIDX;1000;3;1000;52270;52234;0;0;0;0;52825
9540;gov2;INVIDX;1000;4;1000;93864;93834;0;0;0;0;94465
9726;gov2;INVIDX;1000;2;1000;24023;23989;0;0;0;0;24562
9730;gov2;INVIDX;1000;7;1000;282600;282570;0;0;0;0;283220
9839;gov2;INVIDX;1000;4;1000;116852;116810;0;0;0;0;117518
9840;gov2;INVIDX;1000;3;1000;97086;97050;0;0;0;0;97734
9866;gov2;INVIDX;1000;4;1000;203951;203912;0;0;0;0;204595
9950;gov2;INVIDX;1000;3;1000;176139;176101;0;0;0;0;176791
9957;gov2;INVIDX;1000;2;1000;9409;9375;0;0;0;0;9953
9977;gov2;INVIDX;1000;3;1000;182723;182703;0;0;0;0;183387
9991;gov2;INVIDX;1000;9;1000;374156;374102;0;0;0;0;374796
10021;gov2;INVIDX;1000;4;1000;64267;64228;0;0;0;0;64838
10063;gov2;INVIDX;1000;3;1000;38978;38947;0;0;0;0;39510
10139;gov2;INVIDX;1000;3;1000;92895;92868;0;0;0;0;93528
10231;gov2;INVIDX;1000;8;1000;181772;181724;0;0;0;0;182392
10395;gov2;INVIDX;1000;3;1000;38678;38637;0;0;0;0;39316
10397;gov2;INVIDX;1000;6;1000;202592;202558;0;0;0;0;203195
10470;gov2;INVIDX;1000;4;1000;193926;193887;0;0;0;0;194513
11060;gov2;INVIDX;1000;2;1000;49670;49625;0;0;0;0;50293
11077;gov2;INVIDX;1000;3;1000;67583;67552;0;0;0;0;68226
11155;gov2;INVIDX;1000;5;1000;133065;133026;0;0;0;0;133729
68;gov2;INVIDX;1000;4;1000;74726;74687;0;0;0;0;75353
250;gov2;INVIDX;1000;6;1000;442542;442498;0;0;0;0;443196
503;gov2;INVIDX;1000;4;1000;76835;76795;0;0;0;0;77472
561;gov2;INVIDX;1000;8;1000;1254575;1254525;0;0;0;0;1255194
683;gov2;INVIDX;1000;5;1000;143796;143756;0;0;0;0;144417
918;gov2;INVIDX;1000;7;1000;234895;234849;0;0;0;0;235547
1153;gov2;INVIDX;1000;5;1000;130524;130481;0;0;0;0;131178
1178;gov2;INVIDX;1000;6;1000;80387;80342;0;0;0;0;80981
1206;gov2;INVIDX;1000;4;1000;168338;168308;0;0;0;0;168991
1394;gov2;INVIDX;1000;5;1000;154255;154209;0;0;0;0;154906
1465;gov2;INVIDX;1000;3;1000;65544;65504;0;0;0;0;66141
1734;gov2;INVIDX;1000;4;1000;212726;212689;0;0;0;0;213359
1847;gov2;INVIDX;1000;4;1000;242659;242619;0;0;0;0;243308
1984;gov2;INVIDX;1000;2;1000;6642;6606;0;0;0;0;7187
2007;gov2;INVIDX;1000;4;1000;101169;101146;0;0;0;0;101799
2127;gov2;INVIDX;1000;9;1000;745388;745334;0;0;0;0;746044
2176;gov2;INVIDX;1000;4;1000;264364;264324;0;0;0;0;264977
2198;gov2;INVIDX;1000;4;1000;12639;12599;0;0;0;0;13184
2203;gov2;INVIDX;1000;2;1000;174914;174896;0;0;0;0;175563
2244;gov2;INVIDX;1000;3;1000;175209;175171;0;0;0;0;175858
2388;gov2;INVIDX;1000;2;1000;31019;30985;0;0;0;0;31626
2440;gov2;INVIDX;1000;3;1000;82802;82775;0;0;0;0;83434
2653;gov2;INVIDX;1000;5;1000;76361;76321;0;0;0;0;76985
2875;gov2;INVIDX;1000;4;1000;65835;65801;0;0;0;0;66452
2896;gov2;INVIDX;1000;3;1000;165234;165204;0;0;0;0;165878
3219;gov2;INVIDX;1000;5;1000;174022;173979;0;0;0;0;174686
3414;gov2;INVIDX;1000;4;1000;53863;53823;0;0;0;0;54462
3605;gov2;INVIDX;1000;4;1000;321843;321815;0;0;0;0;322486
3622;gov2;INVIDX;1000;4;1000;273618;273578;0;0;0;0;274259
3768;gov2;INVIDX;1000;4;1000;64593;64553;0;0;0;0;65196
3910;gov2;INVIDX;1000;6;1000;247566;247530;0;0;0;0;248192
3931;gov2;INVIDX;1000;4;1000;674720;674681;0;0;0;0;675398
4257;gov2;INVIDX;1000;2;1000;44166;44132;0;0;0;0;44803
4314;gov2;INVIDX;1000;3;1000;37406;37376;0;0;0;0;38002
4411;gov2;INVIDX;1000;3;1000;78712;78686;0;0;0;0;79352
4415;gov2;INVIDX;1000;3;1000;27577;27542;0;0;0;0;28171
4448;gov2;INVIDX;1000;6;1000;396167;396138;0;0;0;0;396820
4523;gov2;INVIDX;1000;9;1000;572501;572450;0;0;0;0;573150
4572;gov2;INVIDX;1000;5;1000;163074;163030;0;0;0;0;163716
4708;gov2;INVIDX;1000;3;1000;29887;29850;0;0;0;0;30501
4712;gov2;INVIDX;1000;2;1000;12017;11996;0;0;0;0;12580
4720;gov2;INVIDX;1000;3;1000;377262;377240;0;0;0;0;377908
4727;gov2;INVIDX;1000;5;1000;105533;105489;0;0;0;0;106180
4740;gov2;INVIDX;1000;3;1000;81481;81444;0;0;0;0;82126
4875;gov2;INVIDX;1000;2;1000;51695;51661;0;0;0;0;52354
4956;gov2;INVIDX;1000;3;1000;117151;117115;0;0;0;0;117814
4983;gov2;INVIDX;1000;9;1000;355052;355000;0;0;0;0;355718
5013;gov2;INVIDX;1000;3;1000;176726;176688;0;0;0;0;177360
5017;gov2;INVIDX;1000;5;1000;101113;101068;0;0;0;0;101755
5138;gov2;INVIDX;1000;3;1000;146922;146890;0;0;0;0;147568
5258;gov2;INVIDX;1000;6;1000;309801;309757;0;0;0;0;310449
5884;gov2;INVIDX;1000;6;1000;387091;387046;0;0;0;0;387751
5927;gov2;INVIDX;1000;16;1000;1292066;1291997;0;0;0;0;1292723
5941;gov2;INVIDX;1000;3;1000;56351;56312;0;0;0;0;56949
5971;gov2;INVIDX;1000;12;1000;1073969;1073912;0;0;0;0;1074608
6062;gov2;INVIDX;1000;4;1000;83377;83337;0;0;0;0;84021
6161;gov2;INVIDX;1000;3;1000;34204;34169;0;0;0;0;34799
6480;gov2;INVIDX;1000;2;1000;33832;33811;0;0;0;0;34459
6785;gov2;INVIDX;1000;3;1000;44869;44839;0;0;0;0;45481
6811;gov2;INVIDX;1000;5;1000;432546;432510;0;0;0;0;433195
7005;gov2;INVIDX;1000;4;1000;133772;133732;0;0;0;0;134418
7078;gov2;INVIDX;1000;5;1000;95881;95839;0;0;0;0;96511
7172;gov2;INVIDX;1000;2;1000;63188;63158;0;0;0;0;63801
7188;gov2;INVIDX;1000;4;1000;85642;85606;0;0;0;0;86272
7211;gov2;INVIDX;1000;4;1000;103448;103412;0;0;0;0;104100
7450;gov2;INVIDX;1000;8;1000;584264;584216;0;0;0;0;584913
7552;gov2;INVIDX;1000;3;1000;52853;52816;0;0;0;0;53473
7635;gov2;INVIDX;1000;1;556;297;258;0;0;0;0;852
7712;gov2;INVIDX;1000;5;1000;62200;62175;0;0;0;0;62832
7956;gov2;INVIDX;1000;2;1000;10508;10480;0;0;0;0;11056
8018;gov2;INVIDX;1000;6;1000;101280;101252;0;0;0;0;101934
8847;gov2;INVIDX;1000;2;1000;20849;20816;0;0;0;0;21425
8946;gov2;INVIDX;1000;6;1000;92956;92929;0;0;0;0;93552
8961;gov2;INVIDX;1000;5;1000;65813;65775;0;0;0;0;66390
9061;gov2;INVIDX;1000;3;1000;153756;153720;0;0;0;0;154359
9178;gov2;INVIDX;1000;4;1000;78507;78466;0;0;0;0;79156
9275;gov2;INVIDX;1000;4;1000;49008;48973;0;0;0;0;49586
9523;gov2;INVIDX;1000;5;1000;402429;402397;0;0;0;0;403035
9527;gov2;INVIDX;1000;6;1000;163761;163716;0;0;0;0;164414
9535;gov2;INVIDX;1000;3;1000;52301;52264;0;0;0;0;52902
9540;gov2;INVIDX;1000;4;1000;93222;93190;0;0;0;0;93862
9726;gov2;INVIDX;1000;2;1000;24025;23990;0;0;0;0;24614
9730;gov2;INVIDX;1000;7;1000;282703;282671;0;0;0;0;283348
9839;gov2;INVIDX;1000;4;1000;116465;116426;0;0;0;0;117063
9840;gov2;INVIDX;1000;3;1000;97055;97019;0;0;0;0;97687
9866;gov2;INVIDX;1000;4;1000;204195;204155;0;0;0;0;204828
9950;gov2;INVIDX;1000;3;1000;176118;176080;0;0;0;0;176739
9957;gov2;INVIDX;1000;2;1000;9412;9377;0;0;0;0;9975
9977;gov2;INVIDX;1000;3;1000;182790;182770;0;0;0;0;183412
9991;gov2;INVIDX;1000;9;1000;372743;372693;0;0;0;0;373360
10021;gov2;INVIDX;1000;4;1000;64366;64325;0;0;0;0;64994
10063;gov2;INVIDX;1000;3;1000;38975;38944;0;0;0;0;39584
10139;gov2;INVIDX;1000;3;1000;93085;93058;0;0;0;0;93736
10231;gov2;INVIDX;1000;8;1000;181586;181536;0;0;0;0;182252
10395;gov2;INVIDX;1000;3;1000;38725;38685;0;0;0;0;39369
10397;gov2;INVIDX;1000;6;1000;202363;202329;0;0;0;0;203004
10470;gov2;INVIDX;1000;4;1000;193206;193165;0;0;0;0;193868
11060;gov2;INVIDX;1000;2;1000;49731;49695;0;0;0;0;50353
11077;gov2;INVIDX;1000;3;1000;67608;67576;0;0;0;0;68267
11155;gov2;INVIDX;1000;5;1000;132952;132913;0;0;0;0;133609
68;gov2;INVIDX;1000;4;1000;74626;74587;0;0;0;0;75253
250;gov2;INVIDX;1000;6;1000;442686;442643;0;0;0;0;443330
503;gov2;INVIDX;1000;4;1000;76777;76738;0;0;0;0;77407
561;gov2;INVIDX;1000;8;1000;1254352;1254302;0;0;0;0;1255019
683;gov2;INVIDX;1000;5;1000;143874;143830;0;0;0;0;144521
918;gov2;INVIDX;1000;7;1000;235002;234956;0;0;0;0;235661
1153;gov2;INVIDX;1000;5;1000;130482;130439;0;0;0;0;131148
1178;gov2;INVIDX;1000;6;1000;80287;80242;0;0;0;0;80907
1206;gov2;INVIDX;1000;4;1000;167668;167638;0;0;0;0;168326
1394;gov2;INVIDX;1000;5;1000;154242;154197;0;0;0;0;154890
1465;gov2;INVIDX;1000;3;1000;65564;65525;0;0;0;0;66213
1734;gov2;INVIDX;1000;4;1000;212856;212818;0;0;0;0;213513
1847;gov2;INVIDX;1000;4;1000;242693;242653;0;0;0;0;243358
1984;gov2;INVIDX;1000;2;1000;6618;6583;0;0;0;0;7169
2007;gov2;INVIDX;1000;4;1000;101214;101191;0;0;0;0;101846
2127;gov2;INVIDX;1000;9;1000;745369;745316;0;0;0;0;745979
2176;gov2;INVIDX;1000;4;1000;263931;263884;0;0;0;0;264609
2198;gov2;INVIDX;1000;4;1000;12663;12624;0;0;0;0;13213
2203;gov2;INVIDX;1000;2;1000;175086;175070;0;0;0;0;175702
2244;gov2;INVIDX;1000;3;1000;174931;174889;0;0;0;0;175611
2388;gov2;INVIDX;1000;2;1000;31070;31034;0;0;0;0;31643
2440;gov2;INVIDX;1000;3;1000;82764;82739;0;0;0;0;83347
2653;gov2;INVIDX;1000;5;1000;76592;76552;0;0;0;0;77213
2875;gov2;INVIDX;1000;4;1000;65908;65870;0;0;0;0;66559
2896;gov2;INVIDX;1000;3;1000;165327;165296;0;0;0;0;166021
3219;gov2;INVIDX;1000;5;1000;174010;173964;0;0;0;0;174706
3414;gov2;INVIDX;1000;4;1000;53760;53720;0;0;0;0;54372
3605;gov2;INVIDX;1000;4;1000;321207;321179;0;0;0;0;321859
3622;gov2;INVIDX;1000;4;1000;276048;276007;0;0;0;0;276707
3768;gov2;INVIDX;1000;4;1000;64572;64532;0;0;0;0;65176
3910;gov2;INVIDX;1000;6;1000;251313;251277;0;0;0;0;251978
3931;gov2;INVIDX;1000;4;1000;674807;674766;0;0;0;0;675449
4257;gov2;INVIDX;1000;2;1000;44154;44119;0;0;0;0;44794
4314;gov2;INVIDX;1000;3;1000;37412;37381;0;0;0;0;38016
4411;gov2;INVIDX;1000;3;1000;79259;79229;0;0;0;0;79897
4415;gov2;INVIDX;1000;3;1000;27559;27523;0;0;0;0;28138
4448;gov2;INVIDX;1000;6;1000;396056;396026;0;0;0;0;396701
4523;gov2;INVIDX;1000;9;1000;572334;572281;0;0;0;0;572984
4572;gov2;INVIDX;1000;5;1000;163022;162978;0;0;0;0;163692
4708;gov2;INVIDX;1000;3;1000;29869;29832;0;0;0;0;30469
4712;gov2;INVIDX;1000;2;1000;12014;11993;0;0;0;0;12588
4720;gov2;INVIDX;1000;3;1000;376908;376885;0;0;0;0;377553
4727;gov2;INVIDX;1000;5;1000;105597;105554;0;0;0;0;106242
4740;gov2;INVIDX;1000;3;1000;81492;81456;0;0;0;0;82153
4875;gov2;INVIDX;1000;2;1000;51749;51715;0;0;0;0;52412
4956;gov2;INVIDX;1000;3;1000;117148;117111;0;0;0;0;117794
4983;gov2;INVIDX;1000;9;1000;354971;354920;0;0;0;0;355625
5013;gov2;INVIDX;1000;3;1000;176751;176713;0;0;0;0;177402
5017;gov2;INVIDX;1000;5;1000;101072;101027;0;0;0;0;101690
5138;gov2;INVIDX;1000;3;1000;146978;146945;0;0;0;0;147636
5258;gov2;INVIDX;1000;6;1000;309920;309875;0;0;0;0;310570
5884;gov2;INVIDX;1000;6;1000;387237;387194;0;0;0;0;387886
5927;gov2;INVIDX;1000;16;1000;1291954;1291885;0;0;0;0;1292622
5941;gov2;INVIDX;1000;3;1000;56330;56292;0;0;0;0;56888
5971;gov2;INVIDX;1000;12;1000;1073907;1073852;0;0;0;0;1074553
6062;gov2;INVIDX;1000;4;1000;83093;83052;0;0;0;0;83750
6161;gov2;INVIDX;1000;3;1000;34452;34415;0;0;0;0;35072
6480;gov2;INVIDX;1000;2;1000;33979;33953;0;0;0;0;34592
6785;gov2;INVIDX;1000;3;1000;44856;44826;0;0;0;0;45458
6811;gov2;INVIDX;1000;5;1000;432556;432521;0;0;0;0;433208
7005;gov2;INVIDX;1000;4;1000;133660;133620;0;0;0;0;134315
7078;gov2;INVIDX;1000;5;1000;95828;95784;0;0;0;0;96464
7172;gov2;INVIDX;1000;2;1000;63278;63248;0;0;0;0;63914
7188;gov2;INVIDX;1000;4;1000;86558;86519;0;0;0;0;87210
7211;gov2;INVIDX;1000;4;1000;103720;103684;0;0;0;0;104365
7450;gov2;INVIDX;1000;8;1000;584001;583953;0;0;0;0;584656
7552;gov2;INVIDX;1000;3;1000;52810;52772;0;0;0;0;53442
7635;gov2;INVIDX;1000;1;556;295;271;0;0;0;0;855
7712;gov2;INVIDX;1000;5;1000;62133;62108;0;0;0;0;62746
7956;gov2;INVIDX;1000;2;1000;10506;10477;0;0;0;0;11064
8018;gov2;INVIDX;1000;6;1000;101275;101246;0;0;0;0;101900
8847;gov2;INVIDX;1000;2;1000;20845;20813;0;0;0;0;21429
8946;gov2;INVIDX;1000;6;1000;93007;92977;0;0;0;0;93631
8961;gov2;INVIDX;1000;5;1000;65854;65813;0;0;0;0;66442
9061;gov2;INVIDX;1000;3;1000;153663;153627;0;0;0;0;154350
9178;gov2;INVIDX;1000;4;1000;78441;78400;0;0;0;0;79092
9275;gov2;INVIDX;1000;4;1000;48999;48965;0;0;0;0;49594
9523;gov2;INVIDX;1000;5;1000;402684;402654;0;0;0;0;403337
9527;gov2;INVIDX;1000;6;1000;163797;163753;0;0;0;0;164439
9535;gov2;INVIDX;1000;3;1000;52347;52311;0;0;0;0;52961
9540;gov2;INVIDX;1000;4;1000;93938;93906;0;0;0;0;94523
9726;gov2;INVIDX;1000;2;1000;24146;24112;0;0;0;0;24621
9730;gov2;INVIDX;1000;7;1000;282640;282607;0;0;0;0;283150
9839;gov2;INVIDX;1000;4;1000;116485;116447;0;0;0;0;116940
9840;gov2;INVIDX;1000;3;1000;97103;97068;0;0;0;0;97566
9866;gov2;INVIDX;1000;4;1000;204016;203977;0;0;0;0;204517
9950;gov2;INVIDX;1000;3;1000;177022;176985;0;0;0;0;177515
9957;gov2;INVIDX;1000;2;1000;9418;9383;0;0;0;0;9863
9977;gov2;INVIDX;1000;3;1000;182813;182790;0;0;0;0;183360
9991;gov2;INVIDX;1000;9;1000;372620;372564;0;0;0;0;373134
10021;gov2;INVIDX;1000;4;1000;64304;64261;0;0;0;0;64795
10063;gov2;INVIDX;1000;3;1000;38914;38882;0;0;0;0;39365
10139;gov2;INVIDX;1000;3;1000;93039;93013;0;0;0;0;93554
10231;gov2;INVIDX;1000;8;1000;181496;181444;0;0;0;0;182016
10395;gov2;INVIDX;1000;3;1000;38754;38715;0;0;0;0;39253
10397;gov2;INVIDX;1000;6;1000;202372;202337;0;0;0;0;202898
10470;gov2;INVIDX;1000;4;1000;193067;193026;0;0;0;0;193592
11060;gov2;INVIDX;1000;2;1000;49706;49670;0;0;0;0;50224
11077;gov2;INVIDX;1000;3;1000;67583;67552;0;0;0;0;68087
11155;gov2;INVIDX;1000;5;1000;132929;132893;0;0;0;0;133418
