68;gov2;IDX_SAWIT;10;4;10;37604;37567;0;0;0;0;50795
250;gov2;IDX_SAWIT;10;6;10;3351575;3351533;0;0;0;0;3533747
503;gov2;IDX_SAWIT;10;4;10;60003;59962;0;0;0;0;60649
561;gov2;IDX_SAWIT;10;8;10;4225513;4225460;0;0;0;0;4229765
683;gov2;IDX_SAWIT;10;5;10;484675;484630;0;0;0;0;485299
918;gov2;IDX_SAWIT;10;7;10;1417499;1417451;0;0;0;0;1421895
1153;gov2;IDX_SAWIT;10;5;10;166624;166579;0;0;0;0;167258
1178;gov2;IDX_SAWIT;10;6;10;407966;407921;0;0;0;0;408602
1206;gov2;IDX_SAWIT;10;4;10;1991144;1991104;0;0;0;0;2129342
1394;gov2;IDX_SAWIT;10;5;10;606312;606267;0;0;0;0;606946
1465;gov2;IDX_SAWIT;10;3;10;60052;60013;0;0;0;0;60674
1734;gov2;IDX_SAWIT;10;4;10;126497;126447;0;0;0;0;127135
1847;gov2;IDX_SAWIT;10;4;10;1571005;1570966;0;0;0;0;1694559
1984;gov2;IDX_SAWIT;10;2;10;15164;15129;0;0;0;0;15790
2007;gov2;IDX_SAWIT;10;4;10;200034;200003;0;0;0;0;200647
2127;gov2;IDX_SAWIT;10;9;10;2031202;2031145;0;0;0;0;2036282
2176;gov2;IDX_SAWIT;10;4;10;1645199;1645160;0;0;0;0;1786194
2198;gov2;IDX_SAWIT;10;4;10;5860;5820;0;0;0;0;6512
2203;gov2;IDX_SAWIT;10;2;10;316240;316219;0;0;0;0;316855
2244;gov2;IDX_SAWIT;10;3;10;618105;618066;0;0;0;0;618752
2388;gov2;IDX_SAWIT;10;2;10;34958;34924;0;0;0;0;35605
2440;gov2;IDX_SAWIT;10;3;10;604296;604261;0;0;0;0;604963
2653;gov2;IDX_SAWIT;10;5;10;595040;594996;0;0;0;0;595676
2875;gov2;IDX_SAWIT;10;4;10;211888;211849;0;0;0;0;212516
2896;gov2;IDX_SAWIT;10;3;10;937273;937235;0;0;0;0;941009
3219;gov2;IDX_SAWIT;10;5;10;231221;231176;0;0;0;0;231864
3414;gov2;IDX_SAWIT;10;4;10;439541;439503;0;0;0;0;440159
3605;gov2;IDX_SAWIT;10;4;10;552820;552782;0;0;0;0;553436
3622;gov2;IDX_SAWIT;10;4;10;395192;395152;0;0;0;0;395842
3768;gov2;IDX_SAWIT;10;4;10;164584;164542;0;0;0;0;165201
3910;gov2;IDX_SAWIT;10;6;10;984745;984700;0;0;0;0;985390
3931;gov2;IDX_SAWIT;10;4;10;4600069;4600029;0;0;0;0;4935512
4257;gov2;IDX_SAWIT;10;2;10;17250;17205;0;0;0;0;17882
4314;gov2;IDX_SAWIT;10;3;10;15824;15796;0;0;0;0;16424
4411;gov2;IDX_SAWIT;10;3;10;967645;967619;0;0;0;0;971414
4415;gov2;IDX_SAWIT;10;3;10;216500;216458;0;0;0;0;217141
4448;gov2;IDX_SAWIT;10;6;10;1903876;1903832;0;0;0;0;1904471
4523;gov2;IDX_SAWIT;10;9;10;4083420;4083370;0;0;0;0;4084993
4572;gov2;IDX_SAWIT;10;5;10;612062;612020;0;0;0;0;612689
4708;gov2;IDX_SAWIT;10;3;10;143375;143336;0;0;0;0;143984
4712;gov2;IDX_SAWIT;10;2;10;24874;24840;0;0;0;0;25456
4720;gov2;IDX_SAWIT;10;3;10;2693;2661;0;0;0;0;3222
4727;gov2;IDX_SAWIT;10;5;10;180331;180304;0;0;0;0;180932
4740;gov2;IDX_SAWIT;10;3;10;23586;23549;0;0;0;0;24167
4875;gov2;IDX_SAWIT;10;2;10;144845;144818;0;0;0;0;145452
4956;gov2;IDX_SAWIT;10;3;10;779368;779334;0;0;0;0;783061
4983;gov2;IDX_SAWIT;10;9;10;515620;515565;0;0;0;0;516246
5013;gov2;IDX_SAWIT;10;3;10;26882;26845;0;0;0;0;27480
5017;gov2;IDX_SAWIT;10;5;10;251106;251067;0;0;0;0;251715
5138;gov2;IDX_SAWIT;10;3;10;17632;17596;0;0;0;0;18207
5258;gov2;IDX_SAWIT;10;6;10;1007520;1007487;0;0;0;0;1008132
5884;gov2;IDX_SAWIT;10;6;10;2774790;2774746;0;0;0;0;2955927
5927;gov2;IDX_SAWIT;10;16;10;352753;352676;0;0;0;0;353388
5941;gov2;IDX_SAWIT;10;3;10;9688;9650;0;0;0;0;10268
5971;gov2;IDX_SAWIT;10;12;10;245078;245030;0;0;0;0;245717
6062;gov2;IDX_SAWIT;10;4;10;155376;155336;0;0;0;0;156026
6161;gov2;IDX_SAWIT;10;3;10;69643;69605;0;0;0;0;70289
6480;gov2;IDX_SAWIT;10;2;10;24214;24178;0;0;0;0;24838
6785;gov2;IDX_SAWIT;10;3;10;160603;160570;0;0;0;0;161239
6811;gov2;IDX_SAWIT;10;5;10;2499289;2499244;0;0;0;0;2648338
7005;gov2;IDX_SAWIT;10;4;10;233587;233547;0;0;0;0;234236
7078;gov2;IDX_SAWIT;10;5;10;1042125;1042081;0;0;0;0;1042770
7172;gov2;IDX_SAWIT;10;2;10;611454;611421;0;0;0;0;615001
7188;gov2;IDX_SAWIT;10;4;10;402511;402470;0;0;0;0;403174
7211;gov2;IDX_SAWIT;10;4;10;357661;357621;0;0;0;0;358301
7450;gov2;IDX_SAWIT;10;8;10;644875;644824;0;0;0;0;645530
7552;gov2;IDX_SAWIT;10;3;10;41562;41524;0;0;0;0;42208
7635;gov2;IDX_SAWIT;10;1;10;613;583;0;0;0;0;1190
7712;gov2;IDX_SAWIT;10;5;10;33796;33768;0;0;0;0;34420
7956;gov2;IDX_SAWIT;10;2;10;34196;34164;0;0;0;0;34773
8018;gov2;IDX_SAWIT;10;6;10;180263;180219;0;0;0;0;180867
8847;gov2;IDX_SAWIT;10;2;10;93281;93248;0;0;0;0;93889
8946;gov2;IDX_SAWIT;10;6;10;163723;163676;0;0;0;0;164329
8961;gov2;IDX_SAWIT;10;5;10;14489;14446;0;0;0;0;15051
9061;gov2;IDX_SAWIT;10;3;10;662890;662863;0;0;0;0;663493
9178;gov2;IDX_SAWIT;10;4;10;407439;407402;0;0;0;0;408039
9275;gov2;IDX_SAWIT;10;4;10;310891;310853;0;0;0;0;311503
9523;gov2;IDX_SAWIT;10;5;10;3495680;3495640;0;0;0;0;3496294
9527;gov2;IDX_SAWIT;10;6;10;933887;933845;0;0;0;0;934480
9535;gov2;IDX_SAWIT;10;3;10;348442;348406;0;0;0;0;349058
9540;gov2;IDX_SAWIT;10;4;10;243537;243496;0;0;0;0;244154
9726;gov2;IDX_SAWIT;10;2;10;118422;118387;0;0;0;0;119037
9730;gov2;IDX_SAWIT;10;7;10;973033;972985;0;0;0;0;973638
9839;gov2;IDX_SAWIT;10;4;10;1392563;1392523;0;0;0;0;1397097
9840;gov2;IDX_SAWIT;10;3;10;746524;746486;0;0;0;0;750085
9866;gov2;IDX_SAWIT;10;4;10;59882;59842;0;0;0;0;60471
9950;gov2;IDX_SAWIT;10;3;10;41949;41912;0;0;0;0;42554
9957;gov2;IDX_SAWIT;10;2;10;23703;23670;0;0;0;0;24268
9977;gov2;IDX_SAWIT;10;3;10;7816;7788;0;0;0;0;8367
9991;gov2;IDX_SAWIT;10;9;10;3232706;3232666;0;0;0;0;3234255
10021;gov2;IDX_SAWIT;10;4;10;617422;617383;0;0;0;0;621424
10063;gov2;IDX_SAWIT;10;3;10;321769;321731;0;0;0;0;322347
10139;gov2;IDX_SAWIT;10;3;10;26022;25987;0;0;0;0;26616
10231;gov2;IDX_SAWIT;10;8;10;6139;6095;0;0;0;0;6698
10395;gov2;IDX_SAWIT;10;3;10;38165;38143;0;0;0;0;38742
10397;gov2;IDX_SAWIT;10;6;10;434675;434634;0;0;0;0;435272
10470;gov2;IDX_SAWIT;10;4;10;1018974;1018935;0;0;0;0;1023029
11060;gov2;IDX_SAWIT;10;2;10;110348;110313;0;0;0;0;110972
11077;gov2;IDX_SAWIT;10;3;10;199528;199492;0;0;0;0;200197
11155;gov2;IDX_SAWIT;10;5;10;621404;621363;0;0;0;0;622026
68;gov2;IDX_SAWIT;10;4;10;34345;34308;0;0;0;0;34955
250;gov2;IDX_SAWIT;10;6;10;3292990;3292950;0;0;0;0;3491595
503;gov2;IDX_SAWIT;10;4;10;57478;57439;0;0;0;0;58099
561;gov2;IDX_SAWIT;10;8;10;4165207;4165156;0;0;0;0;4169782
683;gov2;IDX_SAWIT;10;5;10;487675;487630;0;0;0;0;488325
918;gov2;IDX_SAWIT;10;7;10;1419908;1419861;0;0;0;0;1424271
1153;gov2;IDX_SAWIT;10;5;10;166101;166058;0;0;0;0;166750
1178;gov2;IDX_SAWIT;10;6;10;406930;406886;0;0;0;0;407572
1206;gov2;IDX_SAWIT;10;4;10;1983646;1983607;0;0;0;0;2120451
1394;gov2;IDX_SAWIT;10;5;10;610287;610244;0;0;0;0;610952
1465;gov2;IDX_SAWIT;10;3;10;60396;60358;0;0;0;0;61008
1734;gov2;IDX_SAWIT;10;4;10;128028;127989;0;0;0;0;128663
1847;gov2;IDX_SAWIT;10;4;10;1565272;1565233;0;0;0;0;1691723
1984;gov2;IDX_SAWIT;10;2;10;13936;13901;0;0;0;0;14574
2007;gov2;IDX_SAWIT;10;4;10;199477;199451;0;0;0;0;200070
2127;gov2;IDX_SAWIT;10;9;10;2033274;2033220;0;0;0;0;2038261
2176;gov2;IDX_SAWIT;10;4;10;1636314;1636275;0;0;0;0;1777367
2198;gov2;IDX_SAWIT;10;4;10;5778;5740;0;0;0;0;6409
2203;gov2;IDX_SAWIT;10;2;10;318812;318792;0;0;0;0;319436
2244;gov2;IDX_SAWIT;10;3;10;617824;617786;0;0;0;0;618472
2388;gov2;IDX_SAWIT;10;2;10;35199;35165;0;0;0;0;35832
2440;gov2;IDX_SAWIT;10;3;10;602901;602866;0;0;0;0;603543
2653;gov2;IDX_SAWIT;10;5;10;595090;595048;0;0;0;0;595722
2875;gov2;IDX_SAWIT;10;4;10;212134;212096;0;0;0;0;212771
2896;gov2;IDX_SAWIT;10;3;10;935255;935218;0;0;0;0;938951
3219;gov2;IDX_SAWIT;10;5;10;232450;232406;0;0;0;0;233097
3414;gov2;IDX_SAWIT;10;4;10;440640;440602;0;0;0;0;441250
3605;gov2;IDX_SAWIT;10;4;10;550397;550360;0;0;0;0;551030
3622;gov2;IDX_SAWIT;10;4;10;395997;395959;0;0;0;0;396587
3768;gov2;IDX_SAWIT;10;4;10;166023;165984;0;0;0;0;166610
3910;gov2;IDX_SAWIT;10;6;10;985590;985548;0;0;0;0;986202
3931;gov2;IDX_SAWIT;10;4;10;4579628;4579590;0;0;0;0;4580244
4257;gov2;IDX_SAWIT;10;2;10;350018;349987;0;0;0;0;362894
4314;gov2;IDX_SAWIT;10;3;10;18924;18890;0;0;0;0;19525
4411;gov2;IDX_SAWIT;10;3;10;967749;967726;0;0;0;0;971484
4415;gov2;IDX_SAWIT;10;3;10;218429;218376;0;0;0;0;219058
4448;gov2;IDX_SAWIT;10;6;10;1889981;1889937;0;0;0;0;1894807
4523;gov2;IDX_SAWIT;10;9;10;4081560;4081508;0;0;0;0;4083145
4572;gov2;IDX_SAWIT;10;5;10;612786;612744;0;0;0;0;613416
4708;gov2;IDX_SAWIT;10;3;10;145270;145232;0;0;0;0;145905
4712;gov2;IDX_SAWIT;10;2;10;24947;24912;0;0;0;0;25569
4720;gov2;IDX_SAWIT;10;3;10;2680;2649;0;0;0;0;3270
4727;gov2;IDX_SAWIT;10;5;10;181420;181395;0;0;0;0;182019
4740;gov2;IDX_SAWIT;10;3;10;23629;23595;0;0;0;0;24207
4875;gov2;IDX_SAWIT;10;2;10;146250;146224;0;0;0;0;146857
4956;gov2;IDX_SAWIT;10;3;10;780952;780916;0;0;0;0;784740
4983;gov2;IDX_SAWIT;10;9;10;515928;515879;0;0;0;0;516617
5013;gov2;IDX_SAWIT;10;3;10;26667;26631;0;0;0;0;27263
5017;gov2;IDX_SAWIT;10;5;10;250562;250524;0;0;0;0;251159
5138;gov2;IDX_SAWIT;10;3;10;17456;17421;0;0;0;0;18006
5258;gov2;IDX_SAWIT;10;6;10;1009519;1009485;0;0;0;0;1010115
5884;gov2;IDX_SAWIT;10;6;10;2760639;2760594;0;0;0;0;2942096
5927;gov2;IDX_SAWIT;10;16;10;352558;352487;0;0;0;0;353166
5941;gov2;IDX_SAWIT;10;3;10;9637;9599;0;0;0;0;10205
5971;gov2;IDX_SAWIT;10;12;10;245403;245357;0;0;0;0;246032
6062;gov2;IDX_SAWIT;10;4;10;156188;156150;0;0;0;0;156844
6161;gov2;IDX_SAWIT;10;3;10;70175;70138;0;0;0;0;70821
6480;gov2;IDX_SAWIT;10;2;10;24185;24151;0;0;0;0;24812
6785;gov2;IDX_SAWIT;10;3;10;161989;161958;0;0;0;0;162644
6811;gov2;IDX_SAWIT;10;5;10;2501313;2501269;0;0;0;0;2648954
7005;gov2;IDX_SAWIT;10;4;10;235156;235116;0;0;0;0;235781
7078;gov2;IDX_SAWIT;10;5;10;1043655;1043613;0;0;0;0;1044316
7172;gov2;IDX_SAWIT;10;2;10;610118;610085;0;0;0;0;613687
7188;gov2;IDX_SAWIT;10;4;10;403784;403742;0;0;0;0;404550
7211;gov2;IDX_SAWIT;10;4;10;358193;358155;0;0;0;0;358839
7450;gov2;IDX_SAWIT;10;8;10;645170;645122;0;0;0;0;645807
7552;gov2;IDX_SAWIT;10;3;10;41609;41572;0;0;0;0;42245
7635;gov2;IDX_SAWIT;10;1;10;614;586;0;0;0;0;1203
7712;gov2;IDX_SAWIT;10;5;10;33758;33731;0;0;0;0;34368
7956;gov2;IDX_SAWIT;10;2;10;34244;34214;0;0;0;0;34823
8018;gov2;IDX_SAWIT;10;6;10;180471;180432;0;0;0;0;181086
8847;gov2;IDX_SAWIT;10;2;10;93531;93498;0;0;0;0;94155
8946;gov2;IDX_SAWIT;10;6;10;163887;163843;0;0;0;0;164508
8961;gov2;IDX_SAWIT;10;5;10;14494;14452;0;0;0;0;15070
9061;gov2;IDX_SAWIT;10;3;10;663063;663039;0;0;0;0;663623
9178;gov2;IDX_SAWIT;10;4;10;407263;407226;0;0;0;0;407913
9275;gov2;IDX_SAWIT;10;4;10;310954;310916;0;0;0;0;311524
9523;gov2;IDX_SAWIT;10;5;10;3500162;3500122;0;0;0;0;3500767
9527;gov2;IDX_SAWIT;10;6;10;930373;930333;0;0;0;0;931007
9535;gov2;IDX_SAWIT;10;3;10;348634;348599;0;0;0;0;349208
9540;gov2;IDX_SAWIT;10;4;10;244896;244857;0;0;0;0;245470
9726;gov2;IDX_SAWIT;10;2;10;118712;118679;0;0;0;0;119330
9730;gov2;IDX_SAWIT;10;7;10;972514;972469;0;0;0;0;973105
9839;gov2;IDX_SAWIT;10;4;10;1390135;1390098;0;0;0;0;1394658
9840;gov2;IDX_SAWIT;10;3;10;750907;750871;0;0;0;0;754452
9866;gov2;IDX_SAWIT;10;4;10;60112;60073;0;0;0;0;60716
9950;gov2;IDX_SAWIT;10;3;10;41828;41792;0;0;0;0;42409
9957;gov2;IDX_SAWIT;10;2;10;23649;23617;0;0;0;0;24229
9977;gov2;IDX_SAWIT;10;3;10;7823;7797;0;0;0;0;8376
9991;gov2;IDX_SAWIT;10;9;10;3617106;3617069;0;0;0;0;3821845
10021;gov2;IDX_SAWIT;10;4;10;483522;483482;0;0;0;0;484165
10063;gov2;IDX_SAWIT;10;3;10;324104;324066;0;0;0;0;324759
10139;gov2;IDX_SAWIT;10;3;10;25934;25897;0;0;0;0;26538
10231;gov2;IDX_SAWIT;10;8;10;6119;6073;0;0;0;0;6717
10395;gov2;IDX_SAWIT;10;3;10;38172;38150;0;0;0;0;38800
10397;gov2;IDX_SAWIT;10;6;10;435114;435072;0;0;0;0;435760
10470;gov2;IDX_SAWIT;10;4;10;1018922;1018881;0;0;0;0;1022964
11060;gov2;IDX_SAWIT;10;2;10;108927;108893;0;0;0;0;109576
11077;gov2;IDX_SAWIT;10;3;10;196071;196034;0;0;0;0;196724
11155;gov2;IDX_SAWIT;10;5;10;619451;619410;0;0;0;0;620045
68;gov2;IDX_SAWIT;10;4;10;33662;33624;0;0;0;0;34199
250;gov2;IDX_SAWIT;10;6;10;3306615;3306573;0;0;0;0;3505283
503;gov2;IDX_SAWIT;10;4;10;57860;57820;0;0;0;0;58497
561;gov2;IDX_SAWIT;10;8;10;4111739;4111687;0;0;0;0;4113424
683;gov2;IDX_SAWIT;10;5;10;553078;553037;0;0;0;0;553704
918;gov2;IDX_SAWIT;10;7;10;1429317;1429270;0;0;0;0;1433714
1153;gov2;IDX_SAWIT;10;5;10;166827;166783;0;0;0;0;167427
1178;gov2;IDX_SAWIT;10;6;10;408532;408488;0;0;0;0;409175
1206;gov2;IDX_SAWIT;10;4;10;1978968;1978929;0;0;0;0;2118565
1394;gov2;IDX_SAWIT;10;5;10;606571;606527;0;0;0;0;607209
1465;gov2;IDX_SAWIT;10;3;10;60003;59967;0;0;0;0;60642
1734;gov2;IDX_SAWIT;10;4;10;126088;126048;0;0;0;0;126727
1847;gov2;IDX_SAWIT;10;4;10;1569054;1569016;0;0;0;0;1691555
1984;gov2;IDX_SAWIT;10;2;10;16402;16368;0;0;0;0;16990
2007;gov2;IDX_SAWIT;10;4;10;202438;202412;0;0;0;0;203019
2127;gov2;IDX_SAWIT;10;9;10;2036508;2036453;0;0;0;0;2037134
2176;gov2;IDX_SAWIT;10;4;10;1639570;1639532;0;0;0;0;1781154
2198;gov2;IDX_SAWIT;10;4;10;5562;5524;0;0;0;0;6181
2203;gov2;IDX_SAWIT;10;2;10;317037;317017;0;0;0;0;317650
2244;gov2;IDX_SAWIT;10;3;10;616053;616015;0;0;0;0;616683
2388;gov2;IDX_SAWIT;10;2;10;35309;35276;0;0;0;0;35922
2440;gov2;IDX_SAWIT;10;3;10;601134;601100;0;0;0;0;601769
2653;gov2;IDX_SAWIT;10;5;10;593349;593307;0;0;0;0;593992
2875;gov2;IDX_SAWIT;10;4;10;210995;210956;0;0;0;0;211633
2896;gov2;IDX_SAWIT;10;3;10;931708;931671;0;0;0;0;935449
3219;gov2;IDX_SAWIT;10;5;10;232702;232659;0;0;0;0;233328
3414;gov2;IDX_SAWIT;10;4;10;441207;441170;0;0;0;0;441803
3605;gov2;IDX_SAWIT;10;4;10;550773;550737;0;0;0;0;551372
3622;gov2;IDX_SAWIT;10;4;10;396050;396013;0;0;0;0;396662
3768;gov2;IDX_SAWIT;10;4;10;166201;166162;0;0;0;0;166826
3910;gov2;IDX_SAWIT;10;6;10;984656;984614;0;0;0;0;985266
3931;gov2;IDX_SAWIT;10;4;10;4597274;4597237;0;0;0;0;4597887
4257;gov2;IDX_SAWIT;10;2;10;349419;349386;0;0;0;0;350016
4314;gov2;IDX_SAWIT;10;3;10;16371;16334;0;0;0;0;24591
4411;gov2;IDX_SAWIT;10;3;10;971367;971335;0;0;0;0;975106
4415;gov2;IDX_SAWIT;10;3;10;217378;217341;0;0;0;0;217980
4448;gov2;IDX_SAWIT;10;6;10;1899181;1899140;0;0;0;0;1903992
4523;gov2;IDX_SAWIT;10;9;10;4079400;4079350;0;0;0;0;4080982
4572;gov2;IDX_SAWIT;10;5;10;618402;618363;0;0;0;0;619004
4708;gov2;IDX_SAWIT;10;3;10;135340;135305;0;0;0;0;135888
4712;gov2;IDX_SAWIT;10;2;10;24835;24801;0;0;0;0;25450
4720;gov2;IDX_SAWIT;10;3;10;2684;2652;0;0;0;0;3266
4727;gov2;IDX_SAWIT;10;5;10;180101;180074;0;0;0;0;180745
4740;gov2;IDX_SAWIT;10;3;10;23559;23523;0;0;0;0;24173
4875;gov2;IDX_SAWIT;10;2;10;143187;143159;0;0;0;0;143839
4956;gov2;IDX_SAWIT;10;3;10;777556;777519;0;0;0;0;781641
4983;gov2;IDX_SAWIT;10;9;10;515992;515941;0;0;0;0;516631
5013;gov2;IDX_SAWIT;10;3;10;26724;26687;0;0;0;0;27343
5017;gov2;IDX_SAWIT;10;5;10;252494;252455;0;0;0;0;253101
5138;gov2;IDX_SAWIT;10;3;10;17565;17531;0;0;0;0;18083
5258;gov2;IDX_SAWIT;10;6;10;1008544;1008510;0;0;0;0;1009182
5884;gov2;IDX_SAWIT;10;6;10;2765035;2764991;0;0;0;0;2946784
5927;gov2;IDX_SAWIT;10;16;10;352652;352580;0;0;0;0;353313
5941;gov2;IDX_SAWIT;10;3;10;9648;9610;0;0;0;0;10219
5971;gov2;IDX_SAWIT;10;12;10;244266;244220;0;0;0;0;244896
6062;gov2;IDX_SAWIT;10;4;10;154721;154682;0;0;0;0;155362
6161;gov2;IDX_SAWIT;10;3;10;69897;69860;0;0;0;0;70540
6480;gov2;IDX_SAWIT;10;2;10;24330;24297;0;0;0;0;24947
6785;gov2;IDX_SAWIT;10;3;10;160163;160130;0;0;0;0;160800
6811;gov2;IDX_SAWIT;10;5;10;2502159;2502115;0;0;0;0;2649953
7005;gov2;IDX_SAWIT;10;4;10;233727;233687;0;0;0;0;234383
7078;gov2;IDX_SAWIT;10;5;10;1042208;1042165;0;0;0;0;1042861
7172;gov2;IDX_SAWIT;10;2;10;611244;611211;0;0;0;0;614843
7188;gov2;IDX_SAWIT;10;4;10;404086;404045;0;0;0;0;404718
7211;gov2;IDX_SAWIT;10;4;10;358962;358924;0;0;0;0;359597
7450;gov2;IDX_SAWIT;10;8;10;645241;645192;0;0;0;0;645885
7552;gov2;IDX_SAWIT;10;3;10;42329;42293;0;0;0;0;42970
7635;gov2;IDX_SAWIT;10;1;10;608;578;0;0;0;0;1192
7712;gov2;IDX_SAWIT;10;5;10;34186;34158;0;0;0;0;34833
7956;gov2;IDX_SAWIT;10;2;10;34817;34786;0;0;0;0;35422
8018;gov2;IDX_SAWIT;10;6;10;180710;180671;0;0;0;0;181310
8847;gov2;IDX_SAWIT;10;2;10;94551;94518;0;0;0;0;95157
8946;gov2;IDX_SAWIT;10;6;10;164211;164166;0;0;0;0;164811
8961;gov2;IDX_SAWIT;10;5;10;14576;14535;0;0;0;0;15143
9061;gov2;IDX_SAWIT;10;3;10;663555;663531;0;0;0;0;664145
9178;gov2;IDX_SAWIT;10;4;10;407968;407931;0;0;0;0;408578
9275;gov2;IDX_SAWIT;10;4;10;311655;311618;0;0;0;0;312267
9523;gov2;IDX_SAWIT;10;5;10;3497302;3497262;0;0;0;0;3497938
9527;gov2;IDX_SAWIT;10;6;10;931033;930993;0;0;0;0;931675
9535;gov2;IDX_SAWIT;10;3;10;349088;349052;0;0;0;0;349629
9540;gov2;IDX_SAWIT;10;4;10;244448;244411;0;0;0;0;245054
9726;gov2;IDX_SAWIT;10;2;10;119510;119476;0;0;0;0;120118
9730;gov2;IDX_SAWIT;10;7;10;971642;971595;0;0;0;0;972260
9839;gov2;IDX_SAWIT;10;4;10;1391050;1391012;0;0;0;0;1395589
9840;gov2;IDX_SAWIT;10;3;10;753556;753519;0;0;0;0;757096
9866;gov2;IDX_SAWIT;10;4;10;60292;60253;0;0;0;0;60906
9950;gov2;IDX_SAWIT;10;3;10;42071;42035;0;0;0;0;42682
9957;gov2;IDX_SAWIT;10;2;10;23851;23821;0;0;0;0;24405
9977;gov2;IDX_SAWIT;10;3;10;7803;7777;0;0;0;0;8354
9991;gov2;IDX_SAWIT;10;9;10;3234897;3234861;0;0;0;0;3440386
10021;gov2;IDX_SAWIT;10;4;10;484864;484823;0;0;0;0;485472
10063;gov2;IDX_SAWIT;10;3;10;323660;323622;0;0;0;0;324295
10139;gov2;IDX_SAWIT;10;3;10;25929;25892;0;0;0;0;26554
10231;gov2;IDX_SAWIT;10;8;10;6130;6084;0;0;0;0;6711
10395;gov2;IDX_SAWIT;10;3;10;38164;38142;0;0;0;0;38828
10397;gov2;IDX_SAWIT;10;6;10;434812;434770;0;0;0;0;435452
10470;gov2;IDX_SAWIT;10;4;10;1018496;1018454;0;0;0;0;1022547
11060;gov2;IDX_SAWIT;10;2;10;109553;109519;0;0;0;0;110207
11077;gov2;IDX_SAWIT;10;3;10;196687;196649;0;0;0;0;197366
11155;gov2;IDX_SAWIT;10;5;10;619262;619222;0;0;0;0;619936
68;gov2;IDX_SAWIT;100;4;100;213908;213876;0;0;0;0;215127
250;gov2;IDX_SAWIT;100;6;100;4078207;4078165;0;0;0;0;4263988
503;gov2;IDX_SAWIT;100;4;100;113482;113436;0;0;0;0;114063
561;gov2;IDX_SAWIT;100;8;100;6250183;6250133;0;0;0;0;6535217
683;gov2;IDX_SAWIT;100;5;100;783154;783104;0;0;0;0;783887
918;gov2;IDX_SAWIT;100;7;100;2127276;2127230;0;0;0;0;2132352
1153;gov2;IDX_SAWIT;100;5;100;336671;336628;0;0;0;0;337376
1178;gov2;IDX_SAWIT;100;6;100;625124;625079;0;0;0;0;625834
1206;gov2;IDX_SAWIT;100;4;100;2696769;2696730;0;0;0;0;2800972
1394;gov2;IDX_SAWIT;100;5;100;1008856;1008802;0;0;0;0;1012763
1465;gov2;IDX_SAWIT;100;3;100;156832;156795;0;0;0;0;157535
1734;gov2;IDX_SAWIT;100;4;100;308829;308790;0;0;0;0;309544
1847;gov2;IDX_SAWIT;100;4;100;2123863;2123825;0;0;0;0;2239416
1984;gov2;IDX_SAWIT;100;2;100;27172;27130;0;0;0;0;27850
2007;gov2;IDX_SAWIT;100;4;100;456550;456514;0;0;0;0;457256
2127;gov2;IDX_SAWIT;100;9;100;3142337;3142285;0;0;0;0;3258684
2176;gov2;IDX_SAWIT;100;4;100;2408113;2408066;0;0;0;0;2546170
2198;gov2;IDX_SAWIT;100;4;100;83804;83758;0;0;0;0;84481
2203;gov2;IDX_SAWIT;100;2;100;412233;412201;0;0;0;0;412964
2244;gov2;IDX_SAWIT;100;3;100;890432;890394;0;0;0;0;894210
2388;gov2;IDX_SAWIT;100;2;100;60730;60696;0;0;0;0;61464
2440;gov2;IDX_SAWIT;100;3;100;864074;864038;0;0;0;0;867957
2653;gov2;IDX_SAWIT;100;5;100;806961;806919;0;0;0;0;807668
2875;gov2;IDX_SAWIT;100;4;100;348647;348608;0;0;0;0;349356
2896;gov2;IDX_SAWIT;100;3;100;1198672;1198636;0;0;0;0;1202839
3219;gov2;IDX_SAWIT;100;5;100;489929;489886;0;0;0;0;490644
3414;gov2;IDX_SAWIT;100;4;100;760629;760591;0;0;0;0;764504
3605;gov2;IDX_SAWIT;100;4;100;933718;933681;0;0;0;0;937805
3622;gov2;IDX_SAWIT;100;4;100;775985;775945;0;0;0;0;776687
3768;gov2;IDX_SAWIT;100;4;100;352245;352204;0;0;0;0;352954
3910;gov2;IDX_SAWIT;100;6;100;1790624;1790582;0;0;0;0;1795238
3931;gov2;IDX_SAWIT;100;4;100;6755624;6755587;0;0;0;0;7219615
4257;gov2;IDX_SAWIT;100;2;100;49629;49581;0;0;0;0;50332
4314;gov2;IDX_SAWIT;100;3;100;37564;37528;0;0;0;0;38246
4411;gov2;IDX_SAWIT;100;3;100;1389681;1389647;0;0;0;0;1393967
4415;gov2;IDX_SAWIT;100;3;100;389452;389414;0;0;0;0;390136
4448;gov2;IDX_SAWIT;100;6;100;2399502;2399460;0;0;0;0;2487787
4523;gov2;IDX_SAWIT;100;9;100;6105949;6105889;0;0;0;0;6282960
4572;gov2;IDX_SAWIT;100;5;100;1420600;1420549;0;0;0;0;1424835
4708;gov2;IDX_SAWIT;100;3;100;244595;244558;0;0;0;0;245293
4712;gov2;IDX_SAWIT;100;2;100;44327;44294;0;0;0;0;44984
4720;gov2;IDX_SAWIT;100;3;100;7562;7526;0;0;0;0;8092
4727;gov2;IDX_SAWIT;100;5;100;216184;216157;0;0;0;0;216830
4740;gov2;IDX_SAWIT;100;3;100;41553;41517;0;0;0;0;42236
4875;gov2;IDX_SAWIT;100;2;100;265392;265359;0;0;0;0;266092
4956;gov2;IDX_SAWIT;100;3;100;966652;966616;0;0;0;0;970747
4983;gov2;IDX_SAWIT;100;9;100;1553762;1553711;0;0;0;0;1558871
5013;gov2;IDX_SAWIT;100;3;100;88233;88196;0;0;0;0;88919
5017;gov2;IDX_SAWIT;100;5;100;613746;613703;0;0;0;0;614435
5138;gov2;IDX_SAWIT;100;3;100;32201;32163;0;0;0;0;32902
5258;gov2;IDX_SAWIT;100;6;100;1280792;1280751;0;0;0;0;1285237
5884;gov2;IDX_SAWIT;100;6;100;4213636;4213592;0;0;0;0;4397541
5927;gov2;IDX_SAWIT;100;16;100;2976719;2976639;0;0;0;0;2984497
5941;gov2;IDX_SAWIT;100;3;100;28178;28140;0;0;0;0;28839
5971;gov2;IDX_SAWIT;100;12;100;589947;589890;0;0;0;0;590675
6062;gov2;IDX_SAWIT;100;4;100;361539;361499;0;0;0;0;362252
6161;gov2;IDX_SAWIT;100;3;100;114380;114345;0;0;0;0;114992
6480;gov2;IDX_SAWIT;100;2;100;28972;28939;0;0;0;0;29595
6785;gov2;IDX_SAWIT;100;3;100;240393;240359;0;0;0;0;241089
6811;gov2;IDX_SAWIT;100;5;100;3249978;3249935;0;0;0;0;3385243
7005;gov2;IDX_SAWIT;100;4;100;367069;367021;0;0;0;0;367807
7078;gov2;IDX_SAWIT;100;5;100;1287606;1287564;0;0;0;0;1291868
7172;gov2;IDX_SAWIT;100;2;100;923688;923653;0;0;0;0;927760
7188;gov2;IDX_SAWIT;100;4;100;586132;586091;0;0;0;0;586824
7211;gov2;IDX_SAWIT;100;4;100;864482;864444;0;0;0;0;868283
7450;gov2;IDX_SAWIT;100;8;100;928363;928314;0;0;0;0;929096
7552;gov2;IDX_SAWIT;100;3;100;71501;71465;0;0;0;0;72226
7635;gov2;IDX_SAWIT;100;1;100;3587;3557;0;0;0;0;4204
7712;gov2;IDX_SAWIT;100;5;100;55714;55686;0;0;0;0;56377
7956;gov2;IDX_SAWIT;100;2;100;46786;46752;0;0;0;0;47466
8018;gov2;IDX_SAWIT;100;6;100;287480;287437;0;0;0;0;288198
8847;gov2;IDX_SAWIT;100;2;100;153378;153344;0;0;0;0;154089
8946;gov2;IDX_SAWIT;100;6;100;227029;226984;0;0;0;0;227731
8961;gov2;IDX_SAWIT;100;5;100;24323;24280;0;0;0;0;24989
9061;gov2;IDX_SAWIT;100;3;100;1091539;1091508;0;0;0;0;1095506
9178;gov2;IDX_SAWIT;100;4;100;656118;656079;0;0;0;0;656848
9275;gov2;IDX_SAWIT;100;4;100;434279;434240;0;0;0;0;434987
9523;gov2;IDX_SAWIT;100;5;100;4868695;4868654;0;0;0;0;5121054
9527;gov2;IDX_SAWIT;100;6;100;1020234;1020182;0;0;0;0;1024597
9535;gov2;IDX_SAWIT;100;3;100;500360;500323;0;0;0;0;501061
9540;gov2;IDX_SAWIT;100;4;100;593815;593777;0;0;0;0;594529
9726;gov2;IDX_SAWIT;100;2;100;178188;178153;0;0;0;0;178910
9730;gov2;IDX_SAWIT;100;7;100;1518404;1518358;0;0;0;0;1523120
9839;gov2;IDX_SAWIT;100;4;100;1706959;1706920;0;0;0;0;1781916
9840;gov2;IDX_SAWIT;100;3;100;1108468;1108422;0;0;0;0;1112540
9866;gov2;IDX_SAWIT;100;4;100;121220;121180;0;0;0;0;121940
9950;gov2;IDX_SAWIT;100;3;100;70881;70845;0;0;0;0;71577
9957;gov2;IDX_SAWIT;100;2;100;49728;49695;0;0;0;0;50418
9977;gov2;IDX_SAWIT;100;3;100;24740;24705;0;0;0;0;25381
9991;gov2;IDX_SAWIT;100;9;100;4414994;4414950;0;0;0;0;4606730
10021;gov2;IDX_SAWIT;100;4;100;700996;700943;0;0;0;0;701710
10063;gov2;IDX_SAWIT;100;3;100;471395;471357;0;0;0;0;472100
10139;gov2;IDX_SAWIT;100;3;100;83865;83828;0;0;0;0;84560
10231;gov2;IDX_SAWIT;100;8;100;207736;207686;0;0;0;0;208432
10395;gov2;IDX_SAWIT;100;3;100;139223;139186;0;0;0;0;139947
10397;gov2;IDX_SAWIT;100;6;100;849791;849747;0;0;0;0;850525
10470;gov2;IDX_SAWIT;100;4;100;1416997;1416956;0;0;0;0;1421604
11060;gov2;IDX_SAWIT;100;2;100;226810;226769;0;0;0;0;227471
11077;gov2;IDX_SAWIT;100;3;100;314813;314778;0;0;0;0;315486
11155;gov2;IDX_SAWIT;100;5;100;1317410;1317370;0;0;0;0;1321700
68;gov2;IDX_SAWIT;100;4;100;211317;211280;0;0;0;0;211986
250;gov2;IDX_SAWIT;100;6;100;4138008;4137966;0;0;0;0;4324371
503;gov2;IDX_SAWIT;100;4;100;114285;114236;0;0;0;0;115004
561;gov2;IDX_SAWIT;100;8;100;6112276;6112225;0;0;0;0;6397174
683;gov2;IDX_SAWIT;100;5;100;781852;781801;0;0;0;0;782565
918;gov2;IDX_SAWIT;100;7;100;2125914;2125869;0;0;0;0;2130974
1153;gov2;IDX_SAWIT;100;5;100;335608;335565;0;0;0;0;336337
1178;gov2;IDX_SAWIT;100;6;100;624155;624111;0;0;0;0;624893
1206;gov2;IDX_SAWIT;100;4;100;2742750;2742711;0;0;0;0;2849197
1394;gov2;IDX_SAWIT;100;5;100;1008550;1008497;0;0;0;0;1012413
1465;gov2;IDX_SAWIT;100;3;100;156008;155970;0;0;0;0;156705
1734;gov2;IDX_SAWIT;100;4;100;308164;308124;0;0;0;0;308874
1847;gov2;IDX_SAWIT;100;4;100;2124932;2124893;0;0;0;0;2240713
1984;gov2;IDX_SAWIT;100;2;100;29607;29563;0;0;0;0;30276
2007;gov2;IDX_SAWIT;100;4;100;456237;456202;0;0;0;0;456942
2127;gov2;IDX_SAWIT;100;9;100;3168638;3168586;0;0;0;0;3285190
2176;gov2;IDX_SAWIT;100;4;100;2407844;2407796;0;0;0;0;2545013
2198;gov2;IDX_SAWIT;100;4;100;84557;84507;0;0;0;0;85263
2203;gov2;IDX_SAWIT;100;2;100;412496;412462;0;0;0;0;413205
2244;gov2;IDX_SAWIT;100;3;100;891236;891199;0;0;0;0;895030
2388;gov2;IDX_SAWIT;100;2;100;60660;60625;0;0;0;0;61363
2440;gov2;IDX_SAWIT;100;3;100;863690;863654;0;0;0;0;867576
2653;gov2;IDX_SAWIT;100;5;100;806375;806333;0;0;0;0;807094
2875;gov2;IDX_SAWIT;100;4;100;348124;348087;0;0;0;0;348844
2896;gov2;IDX_SAWIT;100;3;100;1199014;1198977;0;0;0;0;1203191
3219;gov2;IDX_SAWIT;100;5;100;490481;490436;0;0;0;0;491194
3414;gov2;IDX_SAWIT;100;4;100;760862;760824;0;0;0;0;764711
3605;gov2;IDX_SAWIT;100;4;100;933407;933369;0;0;0;0;937541
3622;gov2;IDX_SAWIT;100;4;100;777038;777000;0;0;0;0;777736
3768;gov2;IDX_SAWIT;100;4;100;352647;352609;0;0;0;0;353310
3910;gov2;IDX_SAWIT;100;6;100;1791032;1790991;0;0;0;0;1795625
3931;gov2;IDX_SAWIT;100;4;100;6771423;6771384;0;0;0;0;7235287
4257;gov2;IDX_SAWIT;100;2;100;49652;49604;0;0;0;0;50362
4314;gov2;IDX_SAWIT;100;3;100;37531;37497;0;0;0;0;38216
4411;gov2;IDX_SAWIT;100;3;100;1384010;1383976;0;0;0;0;1388302
4415;gov2;IDX_SAWIT;100;3;100;389841;389802;0;0;0;0;390553
4448;gov2;IDX_SAWIT;100;6;100;2385577;2385534;0;0;0;0;2471139
4523;gov2;IDX_SAWIT;100;9;100;6251749;6251690;0;0;0;0;6433809
4572;gov2;IDX_SAWIT;100;5;100;1428264;1428212;0;0;0;0;1432461
4708;gov2;IDX_SAWIT;100;3;100;244207;244169;0;0;0;0;244934
4712;gov2;IDX_SAWIT;100;2;100;44296;44262;0;0;0;0;44980
4720;gov2;IDX_SAWIT;100;3;100;7553;7517;0;0;0;0;8140
4727;gov2;IDX_SAWIT;100;5;100;215503;215477;0;0;0;0;216205
4740;gov2;IDX_SAWIT;100;3;100;41552;41516;0;0;0;0;42237
4875;gov2;IDX_SAWIT;100;2;100;264373;264340;0;0;0;0;265080
4956;gov2;IDX_SAWIT;100;3;100;974605;974568;0;0;0;0;978696
4983;gov2;IDX_SAWIT;100;9;100;1552424;1552373;0;0;0;0;1557489
5013;gov2;IDX_SAWIT;100;3;100;88922;88886;0;0;0;0;89609
5017;gov2;IDX_SAWIT;100;5;100;611888;611846;0;0;0;0;612588
5138;gov2;IDX_SAWIT;100;3;100;32327;32289;0;0;0;0;33001
5258;gov2;IDX_SAWIT;100;6;100;1282580;1282539;0;0;0;0;1287043
5884;gov2;IDX_SAWIT;100;6;100;4210475;4210430;0;0;0;0;4394532
5927;gov2;IDX_SAWIT;100;16;100;2977785;2977705;0;0;0;0;2985538
5941;gov2;IDX_SAWIT;100;3;100;28083;28045;0;0;0;0;28757
5971;gov2;IDX_SAWIT;100;12;100;590077;590021;0;0;0;0;590776
6062;gov2;IDX_SAWIT;100;4;100;361532;361493;0;0;0;0;362237
6161;gov2;IDX_SAWIT;100;3;100;112551;112515;0;0;0;0;113216
6480;gov2;IDX_SAWIT;100;2;100;28492;28458;0;0;0;0;29135
6785;gov2;IDX_SAWIT;100;3;100;238591;238558;0;0;0;0;239282
6811;gov2;IDX_SAWIT;100;5;100;3248227;3248185;0;0;0;0;3381160
7005;gov2;IDX_SAWIT;100;4;100;368347;368299;0;0;0;0;369053
7078;gov2;IDX_SAWIT;100;5;100;1290222;1290181;0;0;0;0;1294459
7172;gov2;IDX_SAWIT;100;2;100;923191;923157;0;0;0;0;927281
7188;gov2;IDX_SAWIT;100;4;100;586323;586282;0;0;0;0;587000
7211;gov2;IDX_SAWIT;100;4;100;864305;864267;0;0;0;0;868070
7450;gov2;IDX_SAWIT;100;8;100;929491;929443;0;0;0;0;930227
7552;gov2;IDX_SAWIT;100;3;100;71593;71557;0;0;0;0;72289
7635;gov2;IDX_SAWIT;100;1;100;3573;3542;0;0;0;0;4188
7712;gov2;IDX_SAWIT;100;5;100;56319;56292;0;0;0;0;56964
7956;gov2;IDX_SAWIT;100;2;100;47028;46994;0;0;0;0;47695
8018;gov2;IDX_SAWIT;100;6;100;288683;288640;0;0;0;0;289384
8847;gov2;IDX_SAWIT;100;2;100;154622;154588;0;0;0;0;155357
8946;gov2;IDX_SAWIT;100;6;100;227806;227761;0;0;0;0;228517
8961;gov2;IDX_SAWIT;100;5;100;24328;24287;0;0;0;0;24952
9061;gov2;IDX_SAWIT;100;3;100;1091046;1091016;0;0;0;0;1094974
9178;gov2;IDX_SAWIT;100;4;100;655697;655658;0;0;0;0;656397
9275;gov2;IDX_SAWIT;100;4;100;432423;432386;0;0;0;0;433086
9523;gov2;IDX_SAWIT;100;5;100;4878672;4878633;0;0;0;0;5131262
9527;gov2;IDX_SAWIT;100;6;100;1017079;1017026;0;0;0;0;1021431
9535;gov2;IDX_SAWIT;100;3;100;498286;498250;0;0;0;0;498983
9540;gov2;IDX_SAWIT;100;4;100;593597;593560;0;0;0;0;594264
9726;gov2;IDX_SAWIT;100;2;100;177967;177932;0;0;0;0;178678
9730;gov2;IDX_SAWIT;100;7;100;1517114;1517070;0;0;0;0;1521806
9839;gov2;IDX_SAWIT;100;4;100;1709404;1709365;0;0;0;0;1784264
9840;gov2;IDX_SAWIT;100;3;100;1111390;1111345;0;0;0;0;1115456
9866;gov2;IDX_SAWIT;100;4;100;120202;120163;0;0;0;0;120877
9950;gov2;IDX_SAWIT;100;3;100;69999;69963;0;0;0;0;70682
9957;gov2;IDX_SAWIT;100;2;100;49385;49354;0;0;0;0;50000
9977;gov2;IDX_SAWIT;100;3;100;24994;24961;0;0;0;0;25585
9991;gov2;IDX_SAWIT;100;9;100;4417891;4417847;0;0;0;0;4609548
10021;gov2;IDX_SAWIT;100;4;100;699305;699254;0;0;0;0;700014
10063;gov2;IDX_SAWIT;100;3;100;471447;471411;0;0;0;0;472061
10139;gov2;IDX_SAWIT;100;3;100;84594;84566;0;0;0;0;85229
10231;gov2;IDX_SAWIT;100;8;100;209059;209008;0;0;0;0;209759
10395;gov2;IDX_SAWIT;100;3;100;140092;140056;0;0;0;0;140783
10397;gov2;IDX_SAWIT;100;6;100;849821;849779;0;0;0;0;850492
10470;gov2;IDX_SAWIT;100;4;100;1417067;1417028;0;0;0;0;1421647
11060;gov2;IDX_SAWIT;100;2;100;225384;225351;0;0;0;0;226043
11077;gov2;IDX_SAWIT;100;3;100;314740;314706;0;0;0;0;315384
11155;gov2;IDX_SAWIT;100;5;100;1316605;1316567;0;0;0;0;1320894
68;gov2;IDX_SAWIT;100;4;100;212319;212281;0;0;0;0;213033
250;gov2;IDX_SAWIT;100;6;100;4075062;4075021;0;0;0;0;4261150
503;gov2;IDX_SAWIT;100;4;100;114013;113966;0;0;0;0;114687
561;gov2;IDX_SAWIT;100;8;100;6108457;6108409;0;0;0;0;6393506
683;gov2;IDX_SAWIT;100;5;100;781422;781369;0;0;0;0;782102
918;gov2;IDX_SAWIT;100;7;100;2125647;2125601;0;0;0;0;2130665
1153;gov2;IDX_SAWIT;100;5;100;427126;427085;0;0;0;0;427756
1178;gov2;IDX_SAWIT;100;6;100;633033;632988;0;0;0;0;633626
1206;gov2;IDX_SAWIT;100;4;100;2703256;2703218;0;0;0;0;2807203
1394;gov2;IDX_SAWIT;100;5;100;1006337;1006285;0;0;0;0;1010260
1465;gov2;IDX_SAWIT;100;3;100;156201;156163;0;0;0;0;156814
1734;gov2;IDX_SAWIT;100;4;100;309606;309567;0;0;0;0;310263
1847;gov2;IDX_SAWIT;100;4;100;2127199;2127162;0;0;0;0;2241445
1984;gov2;IDX_SAWIT;100;2;100;27347;27306;0;0;0;0;27947
2007;gov2;IDX_SAWIT;100;4;100;455951;455918;0;0;0;0;456593
2127;gov2;IDX_SAWIT;100;9;100;3137041;3136989;0;0;0;0;3259002
2176;gov2;IDX_SAWIT;100;4;100;2416492;2416445;0;0;0;0;2554200
2198;gov2;IDX_SAWIT;100;4;100;85953;85902;0;0;0;0;86610
2203;gov2;IDX_SAWIT;100;2;100;415481;415446;0;0;0;0;416157
2244;gov2;IDX_SAWIT;100;3;100;893516;893478;0;0;0;0;897315
2388;gov2;IDX_SAWIT;100;2;100;61431;61396;0;0;0;0;62083
2440;gov2;IDX_SAWIT;100;3;100;864123;864087;0;0;0;0;867978
2653;gov2;IDX_SAWIT;100;5;100;807177;807134;0;0;0;0;807795
2875;gov2;IDX_SAWIT;100;4;100;348460;348421;0;0;0;0;349130
2896;gov2;IDX_SAWIT;100;3;100;1199661;1199625;0;0;0;0;1203834
3219;gov2;IDX_SAWIT;100;5;100;489899;489856;0;0;0;0;490562
3414;gov2;IDX_SAWIT;100;4;100;760574;760535;0;0;0;0;764434
3605;gov2;IDX_SAWIT;100;4;100;932739;932699;0;0;0;0;936873
3622;gov2;IDX_SAWIT;100;4;100;777025;776985;0;0;0;0;777693
3768;gov2;IDX_SAWIT;100;4;100;352108;352066;0;0;0;0;352790
3910;gov2;IDX_SAWIT;100;6;100;1791493;1791452;0;0;0;0;1796121
3931;gov2;IDX_SAWIT;100;4;100;6765877;6765839;0;0;0;0;7230651
4257;gov2;IDX_SAWIT;100;2;100;48502;48454;0;0;0;0;49136
4314;gov2;IDX_SAWIT;100;3;100;37652;37617;0;0;0;0;38285
4411;gov2;IDX_SAWIT;100;3;100;1391738;1391704;0;0;0;0;1396011
4415;gov2;IDX_SAWIT;100;3;100;389984;389944;0;0;0;0;390648
4448;gov2;IDX_SAWIT;100;6;100;2390608;2390567;0;0;0;0;2476090
4523;gov2;IDX_SAWIT;100;9;100;6110560;6110501;0;0;0;0;6291125
4572;gov2;IDX_SAWIT;100;5;100;1424018;1423967;0;0;0;0;1428256
4708;gov2;IDX_SAWIT;100;3;100;244254;244216;0;0;0;0;244909
4712;gov2;IDX_SAWIT;100;2;100;44461;44427;0;0;0;0;45092
4720;gov2;IDX_SAWIT;100;3;100;7548;7512;0;0;0;0;8095
4727;gov2;IDX_SAWIT;100;5;100;215799;215773;0;0;0;0;216457
4740;gov2;IDX_SAWIT;100;3;100;41699;41663;0;0;0;0;42346
4875;gov2;IDX_SAWIT;100;2;100;265295;265262;0;0;0;0;265956
4956;gov2;IDX_SAWIT;100;3;100;968036;967999;0;0;0;0;972157
4983;gov2;IDX_SAWIT;100;9;100;1551726;1551675;0;0;0;0;1556838
5013;gov2;IDX_SAWIT;100;3;100;88736;88701;0;0;0;0;89347
5017;gov2;IDX_SAWIT;100;5;100;612034;611992;0;0;0;0;612700
5138;gov2;IDX_SAWIT;100;3;100;32191;32155;0;0;0;0;32830
5258;gov2;IDX_SAWIT;100;6;100;1282033;1281991;0;0;0;0;1286506
5884;gov2;IDX_SAWIT;100;6;100;4209970;4209925;0;0;0;0;4394097
5927;gov2;IDX_SAWIT;100;16;100;2979119;2979041;0;0;0;0;2986874
5941;gov2;IDX_SAWIT;100;3;100;28092;28053;0;0;0;0;28759
5971;gov2;IDX_SAWIT;100;12;100;589679;589623;0;0;0;0;590380
6062;gov2;IDX_SAWIT;100;4;100;359312;359273;0;0;0;0;360018
6161;gov2;IDX_SAWIT;100;3;100;112286;112250;0;0;0;0;112988
6480;gov2;IDX_SAWIT;100;2;100;28452;28419;0;0;0;0;29105
6785;gov2;IDX_SAWIT;100;3;100;238916;238884;0;0;0;0;239614
6811;gov2;IDX_SAWIT;100;5;100;3246235;3246192;0;0;0;0;3378087
7005;gov2;IDX_SAWIT;100;4;100;368636;368588;0;0;0;0;369344
7078;gov2;IDX_SAWIT;100;5;100;1289150;1289108;0;0;0;0;1293394
7172;gov2;IDX_SAWIT;100;2;100;923593;923561;0;0;0;0;927614
7188;gov2;IDX_SAWIT;100;4;100;585838;585798;0;0;0;0;586561
7211;gov2;IDX_SAWIT;100;4;100;863276;863239;0;0;0;0;867035
7450;gov2;IDX_SAWIT;100;8;100;929828;929779;0;0;0;0;930512
7552;gov2;IDX_SAWIT;100;3;100;71508;71472;0;0;0;0;72186
7635;gov2;IDX_SAWIT;100;1;100;3566;3536;0;0;0;0;4103
7712;gov2;IDX_SAWIT;100;5;100;55848;55822;0;0;0;0;56494
7956;gov2;IDX_SAWIT;100;2;100;46855;46822;0;0;0;0;47479
8018;gov2;IDX_SAWIT;100;6;100;288394;288352;0;0;0;0;289059
8847;gov2;IDX_SAWIT;100;2;100;154242;154208;0;0;0;0;154840
8946;gov2;IDX_SAWIT;100;6;100;227876;227839;0;0;0;0;228394
8961;gov2;IDX_SAWIT;100;5;100;24327;24286;0;0;0;0;24928
9061;gov2;IDX_SAWIT;100;3;100;1090073;1090040;0;0;0;0;1093992
9178;gov2;IDX_SAWIT;100;4;100;655182;655144;0;0;0;0;655776
9275;gov2;IDX_SAWIT;100;4;100;432696;432658;0;0;0;0;433282
9523;gov2;IDX_SAWIT;100;5;100;4877229;4877189;0;0;0;0;5130056
9527;gov2;IDX_SAWIT;100;6;100;1019006;1018956;0;0;0;0;1023311
9535;gov2;IDX_SAWIT;100;3;100;499422;499385;0;0;0;0;500008
9540;gov2;IDX_SAWIT;100;4;100;593017;592980;0;0;0;0;593573
9726;gov2;IDX_SAWIT;100;2;100;177927;177899;0;0;0;0;178443
9730;gov2;IDX_SAWIT;100;7;100;1516746;1516702;0;0;0;0;1521419
9839;gov2;IDX_SAWIT;100;4;100;1710990;1710950;0;0;0;0;1784990
9840;gov2;IDX_SAWIT;100;3;100;1168305;1168260;0;0;0;0;1172342
9866;gov2;IDX_SAWIT;100;4;100;120257;120218;0;0;0;0;120879
9950;gov2;IDX_SAWIT;100;3;100;70152;70115;0;0;0;0;70741
9957;gov2;IDX_SAWIT;100;2;100;49411;49379;0;0;0;0;49967
9977;gov2;IDX_SAWIT;100;3;100;24865;24831;0;0;0;0;25398
9991;gov2;IDX_SAWIT;100;9;100;4570385;4570342;0;0;0;0;4761966
10021;gov2;IDX_SAWIT;100;4;100;698856;698806;0;0;0;0;699412
10063;gov2;IDX_SAWIT;100;3;100;470887;470856;0;0;0;0;471356
10139;gov2;IDX_SAWIT;100;3;100;84383;84354;0;0;0;0;84900
10231;gov2;IDX_SAWIT;100;8;100;208352;208304;0;0;0;0;208985
10395;gov2;IDX_SAWIT;100;3;100;139961;139925;0;0;0;0;140536
10397;gov2;IDX_SAWIT;100;6;100;851345;851305;0;0;0;0;851938
10470;gov2;IDX_SAWIT;100;4;100;1415728;1415689;0;0;0;0;1420300
11060;gov2;IDX_SAWIT;100;2;100;225598;225565;0;0;0;0;226194
11077;gov2;IDX_SAWIT;100;3;100;313713;313677;0;0;0;0;314303
11155;gov2;IDX_SAWIT;100;5;100;1316952;1316913;0;0;0;0;1321164
68;gov2;IDX_SAWIT;1000;4;1000;337571;337533;0;0;0;0;338823
250;gov2;IDX_SAWIT;1000;6;1000;6291306;6291265;0;0;0;0;6603990
503;gov2;IDX_SAWIT;1000;4;1000;767048;767001;0;0;0;0;770567
561;gov2;IDX_SAWIT;1000;8;1000;8920251;8920209;0;0;0;0;9353852
683;gov2;IDX_SAWIT;1000;5;1000;1746567;1746516;0;0;0;0;1751317
918;gov2;IDX_SAWIT;1000;7;1000;3184280;3184234;0;0;0;0;3319148
1153;gov2;IDX_SAWIT;1000;5;1000;1648224;1648174;0;0;0;0;1648866
1178;gov2;IDX_SAWIT;1000;6;1000;1180602;1180560;0;0;0;0;1181192
1206;gov2;IDX_SAWIT;1000;4;1000;4417096;4417058;0;0;0;0;4550614
1394;gov2;IDX_SAWIT;1000;5;1000;1332679;1332625;0;0;0;0;1337293
1465;gov2;IDX_SAWIT;1000;3;1000;330800;330761;0;0;0;0;331501
1734;gov2;IDX_SAWIT;1000;4;1000;600933;600893;0;0;0;0;601636
1847;gov2;IDX_SAWIT;1000;4;1000;3381478;3381439;0;0;0;0;3555137
1984;gov2;IDX_SAWIT;1000;2;1000;61254;61207;0;0;0;0;61976
2007;gov2;IDX_SAWIT;1000;4;1000;803370;803331;0;0;0;0;807309
2127;gov2;IDX_SAWIT;1000;9;1000;4881070;4881016;0;0;0;0;5093825
2176;gov2;IDX_SAWIT;1000;4;1000;3691739;3691688;0;0;0;0;3896636
2198;gov2;IDX_SAWIT;1000;4;1000;155412;155364;0;0;0;0;156107
2203;gov2;IDX_SAWIT;1000;2;1000;950110;950076;0;0;0;0;954503
2244;gov2;IDX_SAWIT;1000;3;1000;1237332;1237294;0;0;0;0;1241687
2388;gov2;IDX_SAWIT;1000;2;1000;190248;190214;0;0;0;0;190975
2440;gov2;IDX_SAWIT;1000;3;1000;1322519;1322481;0;0;0;0;1327004
2653;gov2;IDX_SAWIT;1000;5;1000;1194780;1194737;0;0;0;0;1199152
2875;gov2;IDX_SAWIT;1000;4;1000;474839;474800;0;0;0;0;475542
2896;gov2;IDX_SAWIT;1000;3;1000;1758904;1758868;0;0;0;0;1759615
3219;gov2;IDX_SAWIT;1000;5;1000;881050;881007;0;0;0;0;881783
3414;gov2;IDX_SAWIT;1000;4;1000;1060322;1060285;0;0;0;0;1061036
3605;gov2;IDX_SAWIT;1000;4;1000;1644611;1644573;0;0;0;0;1645308
3622;gov2;IDX_SAWIT;1000;4;1000;1564700;1564664;0;0;0;0;1565391
3768;gov2;IDX_SAWIT;1000;4;1000;937129;937091;0;0;0;0;937824
3910;gov2;IDX_SAWIT;1000;6;1000;3021954;3021912;0;0;0;0;3022613
3931;gov2;IDX_SAWIT;1000;4;1000;9596370;9596334;0;0;0;0;10179605
4257;gov2;IDX_SAWIT;1000;2;1000;75950;75878;0;0;0;0;76574
4314;gov2;IDX_SAWIT;1000;3;1000;125315;125279;0;0;0;0;125916
4411;gov2;IDX_SAWIT;1000;3;1000;1876757;1876721;0;0;0;0;1963757
4415;gov2;IDX_SAWIT;1000;3;1000;672284;672238;0;0;0;0;675954
4448;gov2;IDX_SAWIT;1000;6;1000;4041560;4041517;0;0;0;0;4195032
4523;gov2;IDX_SAWIT;1000;9;1000;8614178;8614119;0;0;0;0;8919625
4572;gov2;IDX_SAWIT;1000;5;1000;2177270;2177215;0;0;0;0;2260321
4708;gov2;IDX_SAWIT;1000;3;1000;363239;363195;0;0;0;0;363837
4712;gov2;IDX_SAWIT;1000;2;1000;105414;105381;0;0;0;0;106008
4720;gov2;IDX_SAWIT;1000;3;1000;489689;489652;0;0;0;0;490300
4727;gov2;IDX_SAWIT;1000;5;1000;325831;325789;0;0;0;0;326443
4740;gov2;IDX_SAWIT;1000;3;1000;136411;136375;0;0;0;0;137032
4875;gov2;IDX_SAWIT;1000;2;1000;333833;333799;0;0;0;0;334441
4956;gov2;IDX_SAWIT;1000;3;1000;1977953;1977916;0;0;0;0;1978559
4983;gov2;IDX_SAWIT;1000;9;1000;3303646;3303596;0;0;0;0;3451177
5013;gov2;IDX_SAWIT;1000;3;1000;196990;196942;0;0;0;0;197606
5017;gov2;IDX_SAWIT;1000;5;1000;1743172;1743129;0;0;0;0;1748016
5138;gov2;IDX_SAWIT;1000;3;1000;76541;76504;0;0;0;0;77172
5258;gov2;IDX_SAWIT;1000;6;1000;3456108;3456065;0;0;0;0;3599648
5884;gov2;IDX_SAWIT;1000;6;1000;5940714;5940661;0;0;0;0;6237096
5927;gov2;IDX_SAWIT;1000;16;1000;8462915;8462836;0;0;0;0;8669803
5941;gov2;IDX_SAWIT;1000;3;1000;476897;476850;0;0;0;0;477599
5971;gov2;IDX_SAWIT;1000;12;1000;4752546;4752486;0;0;0;0;4760529
6062;gov2;IDX_SAWIT;1000;4;1000;691079;691039;0;0;0;0;694881
6161;gov2;IDX_SAWIT;1000;3;1000;174477;174441;0;0;0;0;175173
6480;gov2;IDX_SAWIT;1000;2;1000;64997;64962;0;0;0;0;65685
6785;gov2;IDX_SAWIT;1000;3;1000;489564;489528;0;0;0;0;490276
6811;gov2;IDX_SAWIT;1000;5;1000;4713813;4713770;0;0;0;0;4925069
7005;gov2;IDX_SAWIT;1000;4;1000;632078;632026;0;0;0;0;632817
7078;gov2;IDX_SAWIT;1000;5;1000;1545043;1545001;0;0;0;0;1549824
7172;gov2;IDX_SAWIT;1000;2;1000;1461811;1461776;0;0;0;0;1462536
7188;gov2;IDX_SAWIT;1000;4;1000;935681;935643;0;0;0;0;936390
7211;gov2;IDX_SAWIT;1000;4;1000;1559807;1559769;0;0;0;0;1560509
7450;gov2;IDX_SAWIT;1000;8;1000;5717304;5717256;0;0;0;0;5719008
7552;gov2;IDX_SAWIT;1000;3;1000;519650;519615;0;0;0;0;520369
7635;gov2;IDX_SAWIT;1000;1;556;18251;18221;0;0;0;0;18896
7712;gov2;IDX_SAWIT;1000;5;1000;260315;260279;0;0;0;0;261005
7956;gov2;IDX_SAWIT;1000;2;1000;76148;76115;0;0;0;0;76868
8018;gov2;IDX_SAWIT;1000;6;1000;591202;591157;0;0;0;0;591922
8847;gov2;IDX_SAWIT;1000;2;1000;351702;351668;0;0;0;0;352446
8946;gov2;IDX_SAWIT;1000;6;1000;412128;412083;0;0;0;0;412862
8961;gov2;IDX_SAWIT;1000;5;1000;98632;98589;0;0;0;0;99343
9061;gov2;IDX_SAWIT;1000;3;1000;1696335;1696298;0;0;0;0;1762931
9178;gov2;IDX_SAWIT;1000;4;1000;1087650;1087604;0;0;0;0;1091982
9275;gov2;IDX_SAWIT;1000;4;1000;915788;915749;0;0;0;0;919865
9523;gov2;IDX_SAWIT;1000;5;1000;6772333;6772291;0;0;0;0;6773141
9527;gov2;IDX_SAWIT;1000;6;1000;1975330;1975287;0;0;0;0;1975937
9535;gov2;IDX_SAWIT;1000;3;1000;742628;742592;0;0;0;0;743238
9540;gov2;IDX_SAWIT;1000;4;1000;997874;997835;0;0;0;0;998484
9726;gov2;IDX_SAWIT;1000;2;1000;321396;321361;0;0;0;0;327521
9730;gov2;IDX_SAWIT;1000;7;1000;3332556;3332509;0;0;0;0;3333118
9839;gov2;IDX_SAWIT;1000;4;1000;3043288;3043253;0;0;0;0;3189050
9840;gov2;IDX_SAWIT;1000;3;1000;1923292;1923248;0;0;0;0;1923881
9866;gov2;IDX_SAWIT;1000;4;1000;290302;290263;0;0;0;0;290936
9950;gov2;IDX_SAWIT;1000;3;1000;127136;127099;0;0;0;0;127723
9957;gov2;IDX_SAWIT;1000;2;1000;170933;170899;0;0;0;0;171537
9977;gov2;IDX_SAWIT;1000;3;1000;160462;160425;0;0;0;0;161060
9991;gov2;IDX_SAWIT;1000;9;1000;6055583;6055531;0;0;0;0;6353329
10021;gov2;IDX_SAWIT;1000;4;1000;1054706;1054657;0;0;0;0;1059760
10063;gov2;IDX_SAWIT;1000;3;1000;603986;603938;0;0;0;0;604601
10139;gov2;IDX_SAWIT;1000;3;1000;158659;158623;0;0;0;0;159278
10231;gov2;IDX_SAWIT;1000;8;1000;1555646;1555599;0;0;0;0;1560525
10395;gov2;IDX_SAWIT;1000;3;1000;281472;281435;0;0;0;0;282050
10397;gov2;IDX_SAWIT;1000;6;1000;2630892;2630850;0;0;0;0;2631461
10470;gov2;IDX_SAWIT;1000;4;1000;2450831;2450795;0;0;0;0;2451383
11060;gov2;IDX_SAWIT;1000;2;1000;593907;593874;0;0;0;0;598249
11077;gov2;IDX_SAWIT;1000;3;1000;471033;470996;0;0;0;0;471641
11155;gov2;IDX_SAWIT;1000;5;1000;2097493;2097453;0;0;0;0;2183541
68;gov2;IDX_SAWIT;1000;4;1000;333788;333742;0;0;0;0;334377
250;gov2;IDX_SAWIT;1000;6;1000;6232647;6232604;0;0;0;0;6543744
503;gov2;IDX_SAWIT;1000;4;1000;770682;770632;0;0;0;0;774414
561;gov2;IDX_SAWIT;1000;8;1000;8678164;8678111;0;0;0;0;9124909
683;gov2;IDX_SAWIT;1000;5;1000;1735385;1735331;0;0;0;0;1740229
918;gov2;IDX_SAWIT;1000;7;1000;3187564;3187516;0;0;0;0;3321669
1153;gov2;IDX_SAWIT;1000;5;1000;1652632;1652578;0;0;0;0;1653277
1178;gov2;IDX_SAWIT;1000;6;1000;1182416;1182374;0;0;0;0;1182995
1206;gov2;IDX_SAWIT;1000;4;1000;4346718;4346678;0;0;0;0;4480066
1394;gov2;IDX_SAWIT;1000;5;1000;1339653;1339600;0;0;0;0;1344166
1465;gov2;IDX_SAWIT;1000;3;1000;330804;330766;0;0;0;0;331409
1734;gov2;IDX_SAWIT;1000;4;1000;601038;601000;0;0;0;0;601640
1847;gov2;IDX_SAWIT;1000;4;1000;3415823;3415787;0;0;0;0;3588715
1984;gov2;IDX_SAWIT;1000;2;1000;63706;63662;0;0;0;0;64322
2007;gov2;IDX_SAWIT;1000;4;1000;802393;802354;0;0;0;0;806281
2127;gov2;IDX_SAWIT;1000;9;1000;4874855;4874803;0;0;0;0;5086345
2176;gov2;IDX_SAWIT;1000;4;1000;3680511;3680465;0;0;0;0;3885174
2198;gov2;IDX_SAWIT;1000;4;1000;154767;154719;0;0;0;0;155372
2203;gov2;IDX_SAWIT;1000;2;1000;958890;958855;0;0;0;0;963233
2244;gov2;IDX_SAWIT;1000;3;1000;1244725;1244688;0;0;0;0;1249031
2388;gov2;IDX_SAWIT;1000;2;1000;190170;190136;0;0;0;0;190775
2440;gov2;IDX_SAWIT;1000;3;1000;1537114;1537077;0;0;0;0;1543147
2653;gov2;IDX_SAWIT;1000;5;1000;1392200;1392155;0;0;0;0;1396465
2875;gov2;IDX_SAWIT;1000;4;1000;473880;473841;0;0;0;0;474493
2896;gov2;IDX_SAWIT;1000;3;1000;1766094;1766060;0;0;0;0;1766682
3219;gov2;IDX_SAWIT;1000;5;1000;881500;881458;0;0;0;0;882116
3414;gov2;IDX_SAWIT;1000;4;1000;1063170;1063131;0;0;0;0;1063780
3605;gov2;IDX_SAWIT;1000;4;1000;1650106;1650067;0;0;0;0;1650739
3622;gov2;IDX_SAWIT;1000;4;1000;1561586;1561548;0;0;0;0;1566031
3768;gov2;IDX_SAWIT;1000;4;1000;940639;940598;0;0;0;0;944788
3910;gov2;IDX_SAWIT;1000;6;1000;3040310;3040267;0;0;0;0;3040888
3931;gov2;IDX_SAWIT;1000;4;1000;9678509;9678473;0;0;0;0;10248863
4257;gov2;IDX_SAWIT;1000;2;1000;76953;76910;0;0;0;0;77562
4314;gov2;IDX_SAWIT;1000;3;1000;128202;128166;0;0;0;0;128798
4411;gov2;IDX_SAWIT;1000;3;1000;1877675;1877639;0;0;0;0;1965176
4415;gov2;IDX_SAWIT;1000;3;1000;668258;668212;0;0;0;0;671950
4448;gov2;IDX_SAWIT;1000;6;1000;4037269;4037227;0;0;0;0;4190598
4523;gov2;IDX_SAWIT;1000;9;1000;8611996;8611938;0;0;0;0;8915523
4572;gov2;IDX_SAWIT;1000;5;1000;2177931;2177878;0;0;0;0;2260096
4708;gov2;IDX_SAWIT;1000;3;1000;366138;366091;0;0;0;0;366755
4712;gov2;IDX_SAWIT;1000;2;1000;105469;105437;0;0;0;0;106042
4720;gov2;IDX_SAWIT;1000;3;1000;489748;489711;0;0;0;0;490336
4727;gov2;IDX_SAWIT;1000;5;1000;325796;325756;0;0;0;0;326464
4740;gov2;IDX_SAWIT;1000;3;1000;136737;136702;0;0;0;0;137426
4875;gov2;IDX_SAWIT;1000;2;1000;334146;334113;0;0;0;0;334808
4956;gov2;IDX_SAWIT;1000;3;1000;1974742;1974707;0;0;0;0;1975463
4983;gov2;IDX_SAWIT;1000;9;1000;3301459;3301411;0;0;0;0;3450608
5013;gov2;IDX_SAWIT;1000;3;1000;200363;200314;0;0;0;0;201072
5017;gov2;IDX_SAWIT;1000;5;1000;1744958;1744915;0;0;0;0;1749815
5138;gov2;IDX_SAWIT;1000;3;1000;76530;76492;0;0;0;0;77268
5258;gov2;IDX_SAWIT;1000;6;1000;3457592;3457549;0;0;0;0;3600901
5884;gov2;IDX_SAWIT;1000;6;1000;5940208;5940155;0;0;0;0;6236970
5927;gov2;IDX_SAWIT;1000;16;1000;8462404;8462324;0;0;0;0;8664794
5941;gov2;IDX_SAWIT;1000;3;1000;466773;466725;0;0;0;0;467460
5971;gov2;IDX_SAWIT;1000;12;1000;4710325;4710265;0;0;0;0;4717898
6062;gov2;IDX_SAWIT;1000;4;1000;696659;696619;0;0;0;0;700500
6161;gov2;IDX_SAWIT;1000;3;1000;172505;172468;0;0;0;0;173224
6480;gov2;IDX_SAWIT;1000;2;1000;64611;64577;0;0;0;0;65302
6785;gov2;IDX_SAWIT;1000;3;1000;486777;486741;0;0;0;0;487491
6811;gov2;IDX_SAWIT;1000;5;1000;4777739;4777696;0;0;0;0;4993287
7005;gov2;IDX_SAWIT;1000;4;1000;634876;634828;0;0;0;0;635614
7078;gov2;IDX_SAWIT;1000;5;1000;1546901;1546859;0;0;0;0;1551703
7172;gov2;IDX_SAWIT;1000;2;1000;1454240;1454206;0;0;0;0;1454943
7188;gov2;IDX_SAWIT;1000;4;1000;936251;936212;0;0;0;0;936966
7211;gov2;IDX_SAWIT;1000;4;1000;1559727;1559689;0;0;0;0;1560422
7450;gov2;IDX_SAWIT;1000;8;1000;5599693;5599645;0;0;0;0;5601413
7552;gov2;IDX_SAWIT;1000;3;1000;520843;520807;0;0;0;0;521575
7635;gov2;IDX_SAWIT;1000;1;556;18110;18080;0;0;0;0;18770
7712;gov2;IDX_SAWIT;1000;5;1000;259373;259338;0;0;0;0;260074
7956;gov2;IDX_SAWIT;1000;2;1000;75900;75868;0;0;0;0;76565
8018;gov2;IDX_SAWIT;1000;6;1000;590436;590391;0;0;0;0;591139
8847;gov2;IDX_SAWIT;1000;2;1000;353756;353723;0;0;0;0;354479
8946;gov2;IDX_SAWIT;1000;6;1000;410724;410679;0;0;0;0;411450
8961;gov2;IDX_SAWIT;1000;5;1000;98105;98062;0;0;0;0;98790
9061;gov2;IDX_SAWIT;1000;3;1000;1699204;1699167;0;0;0;0;1766008
9178;gov2;IDX_SAWIT;1000;4;1000;1094198;1094153;0;0;0;0;1098554
9275;gov2;IDX_SAWIT;1000;4;1000;915296;915257;0;0;0;0;919477
9523;gov2;IDX_SAWIT;1000;5;1000;6767272;6767230;0;0;0;0;6768148
9527;gov2;IDX_SAWIT;1000;6;1000;1972140;1972099;0;0;0;0;1972830
9535;gov2;IDX_SAWIT;1000;3;1000;743178;743140;0;0;0;0;743893
9540;gov2;IDX_SAWIT;1000;4;1000;1001244;1001205;0;0;0;0;1001964
9726;gov2;IDX_SAWIT;1000;2;1000;321395;321361;0;0;0;0;327602
9730;gov2;IDX_SAWIT;1000;7;1000;3329461;3329414;0;0;0;0;3330157
9839;gov2;IDX_SAWIT;1000;4;1000;3039100;3039063;0;0;0;0;3184233
9840;gov2;IDX_SAWIT;1000;3;1000;1928040;1927997;0;0;0;0;1928712
9866;gov2;IDX_SAWIT;1000;4;1000;289569;289530;0;0;0;0;290278
9950;gov2;IDX_SAWIT;1000;3;1000;127183;127145;0;0;0;0;127884
9957;gov2;IDX_SAWIT;1000;2;1000;170820;170786;0;0;0;0;171522
9977;gov2;IDX_SAWIT;1000;3;1000;160486;160449;0;0;0;0;161182
9991;gov2;IDX_SAWIT;1000;9;1000;6048514;6048462;0;0;0;0;6346448
10021;gov2;IDX_SAWIT;1000;4;1000;1057230;1057181;0;0;0;0;1061674
10063;gov2;IDX_SAWIT;1000;3;1000;604593;604555;0;0;0;0;605305
10139;gov2;IDX_SAWIT;1000;3;1000;154872;154836;0;0;0;0;155603
10231;gov2;IDX_SAWIT;1000;8;1000;1553177;1553129;0;0;0;0;1558151
10395;gov2;IDX_SAWIT;1000;3;1000;282046;282010;0;0;0;0;282802
10397;gov2;IDX_SAWIT;1000;6;1000;2636127;2636084;0;0;0;0;2636785
10470;gov2;IDX_SAWIT;1000;4;1000;2436954;2436916;0;0;0;0;2437592
11060;gov2;IDX_SAWIT;1000;2;1000;591848;591815;0;0;0;0;592548
11077;gov2;IDX_SAWIT;1000;3;1000;472402;472364;0;0;0;0;477690
11155;gov2;IDX_SAWIT;1000;5;1000;2099023;2098982;0;0;0;0;2185486
68;gov2;IDX_SAWIT;1000;4;1000;336671;336623;0;0;0;0;337421
250;gov2;IDX_SAWIT;1000;6;1000;6236616;6236572;0;0;0;0;6545147
503;gov2;IDX_SAWIT;1000;4;1000;770968;770918;0;0;0;0;774779
561;gov2;IDX_SAWIT;1000;8;1000;8679126;8679075;0;0;0;0;9120198
683;gov2;IDX_SAWIT;1000;5;1000;1733382;1733332;0;0;0;0;1738230
918;gov2;IDX_SAWIT;1000;7;1000;3183486;3183438;0;0;0;0;3318766
1153;gov2;IDX_SAWIT;1000;5;1000;1647542;1647493;0;0;0;0;1648248
1178;gov2;IDX_SAWIT;1000;6;1000;1186452;1186409;0;0;0;0;1187180
1206;gov2;IDX_SAWIT;1000;4;1000;4340834;4340795;0;0;0;0;4474764
1394;gov2;IDX_SAWIT;1000;5;1000;1349658;1349605;0;0;0;0;1354300
1465;gov2;IDX_SAWIT;1000;3;1000;330425;330388;0;0;0;0;331100
1734;gov2;IDX_SAWIT;1000;4;1000;601217;601178;0;0;0;0;601926
1847;gov2;IDX_SAWIT;1000;4;1000;3382374;3382336;0;0;0;0;3555099
1984;gov2;IDX_SAWIT;1000;2;1000;59614;59571;0;0;0;0;60340
2007;gov2;IDX_SAWIT;1000;4;1000;799860;799821;0;0;0;0;803859
2127;gov2;IDX_SAWIT;1000;9;1000;4876833;4876779;0;0;0;0;5086905
2176;gov2;IDX_SAWIT;1000;4;1000;3679560;3679509;0;0;0;0;3883923
2198;gov2;IDX_SAWIT;1000;4;1000;153469;153419;0;0;0;0;154162
2203;gov2;IDX_SAWIT;1000;2;1000;962315;962281;0;0;0;0;966783
2244;gov2;IDX_SAWIT;1000;3;1000;1238365;1238329;0;0;0;0;1242666
2388;gov2;IDX_SAWIT;1000;2;1000;190670;190635;0;0;0;0;191359
2440;gov2;IDX_SAWIT;1000;3;1000;1325463;1325427;0;0;0;0;1329993
2653;gov2;IDX_SAWIT;1000;5;1000;1193789;1193747;0;0;0;0;1198180
2875;gov2;IDX_SAWIT;1000;4;1000;473390;473353;0;0;0;0;474111
2896;gov2;IDX_SAWIT;1000;3;1000;1760300;1760266;0;0;0;0;1760946
3219;gov2;IDX_SAWIT;1000;5;1000;886785;886744;0;0;0;0;887433
3414;gov2;IDX_SAWIT;1000;4;1000;1069890;1069850;0;0;0;0;1070518
3605;gov2;IDX_SAWIT;1000;4;1000;1617535;1617505;0;0;0;0;1618117
3622;gov2;IDX_SAWIT;1000;4;1000;1565262;1565223;0;0;0;0;1566021
3768;gov2;IDX_SAWIT;1000;4;1000;944452;944415;0;0;0;0;945117
3910;gov2;IDX_SAWIT;1000;6;1000;3027964;3027920;0;0;0;0;3028660
3931;gov2;IDX_SAWIT;1000;4;1000;9658929;9658892;0;0;0;0;10230372
4257;gov2;IDX_SAWIT;1000;2;1000;75588;75544;0;0;0;0;76257
4314;gov2;IDX_SAWIT;1000;3;1000;125113;125076;0;0;0;0;125831
4411;gov2;IDX_SAWIT;1000;3;1000;1874942;1874906;0;0;0;0;1960920
4415;gov2;IDX_SAWIT;1000;3;1000;668018;667974;0;0;0;0;671752
4448;gov2;IDX_SAWIT;1000;6;1000;4036310;4036266;0;0;0;0;4190298
4523;gov2;IDX_SAWIT;1000;9;1000;8609221;8609162;0;0;0;0;8913260
4572;gov2;IDX_SAWIT;1000;5;1000;2173964;2173914;0;0;0;0;2256043
4708;gov2;IDX_SAWIT;1000;3;1000;362581;362537;0;0;0;0;363158
4712;gov2;IDX_SAWIT;1000;2;1000;105466;105433;0;0;0;0;106034
4720;gov2;IDX_SAWIT;1000;3;1000;489327;489289;0;0;0;0;489938
4727;gov2;IDX_SAWIT;1000;5;1000;326104;326063;0;0;0;0;326666
4740;gov2;IDX_SAWIT;1000;3;1000;136835;136800;0;0;0;0;137437
4875;gov2;IDX_SAWIT;1000;2;1000;334756;334725;0;0;0;0;335364
4956;gov2;IDX_SAWIT;1000;3;1000;1972340;1972302;0;0;0;0;1972950
4983;gov2;IDX_SAWIT;1000;9;1000;3301766;3301718;0;0;0;0;3450629
5013;gov2;IDX_SAWIT;1000;3;1000;199567;199523;0;0;0;0;200196
5017;gov2;IDX_SAWIT;1000;5;1000;1742158;1742115;0;0;0;0;1747110
5138;gov2;IDX_SAWIT;1000;3;1000;76555;76517;0;0;0;0;77264
5258;gov2;IDX_SAWIT;1000;6;1000;3461116;3461073;0;0;0;0;3604907
5884;gov2;IDX_SAWIT;1000;6;1000;5933514;5933459;0;0;0;0;6229900
5927;gov2;IDX_SAWIT;1000;16;1000;8470762;8470685;0;0;0;0;8673287
5941;gov2;IDX_SAWIT;1000;3;1000;466658;466611;0;0;0;0;467354
5971;gov2;IDX_SAWIT;1000;12;1000;4798016;4797956;0;0;0;0;4805567
6062;gov2;IDX_SAWIT;1000;4;1000;696580;696540;0;0;0;0;700406
6161;gov2;IDX_SAWIT;1000;3;1000;172593;172556;0;0;0;0;173290
6480;gov2;IDX_SAWIT;1000;2;1000;64694;64661;0;0;0;0;65389
6785;gov2;IDX_SAWIT;1000;3;1000;487023;486987;0;0;0;0;487718
6811;gov2;IDX_SAWIT;1000;5;1000;4657049;4657006;0;0;0;0;4868161
7005;gov2;IDX_SAWIT;1000;4;1000;633776;633725;0;0;0;0;634511
7078;gov2;IDX_SAWIT;1000;5;1000;1548065;1548023;0;0;0;0;1552878
7172;gov2;IDX_SAWIT;1000;2;1000;1455956;1455922;0;0;0;0;1456673
7188;gov2;IDX_SAWIT;1000;4;1000;937184;937146;0;0;0;0;937917
7211;gov2;IDX_SAWIT;1000;4;1000;1559118;1559080;0;0;0;0;1559828
7450;gov2;IDX_SAWIT;1000;8;1000;5607500;5607452;0;0;0;0;5609235
7552;gov2;IDX_SAWIT;1000;3;1000;519498;519464;0;0;0;0;520157
7635;gov2;IDX_SAWIT;1000;1;556;18118;18088;0;0;0;0;18776
7712;gov2;IDX_SAWIT;1000;5;1000;260214;260178;0;0;0;0;260955
7956;gov2;IDX_SAWIT;1000;2;1000;75864;75832;0;0;0;0;76565
8018;gov2;IDX_SAWIT;1000;6;1000;590195;590152;0;0;0;0;590874
8847;gov2;IDX_SAWIT;1000;2;1000;355341;355309;0;0;0;0;356014
8946;gov2;IDX_SAWIT;1000;6;1000;413801;413757;0;0;0;0;414469
8961;gov2;IDX_SAWIT;1000;5;1000;98007;97967;0;0;0;0;98709
9061;gov2;IDX_SAWIT;1000;3;1000;1701690;1701655;0;0;0;0;1769130
9178;gov2;IDX_SAWIT;1000;4;1000;1085610;1085566;0;0;0;0;1089907
9275;gov2;IDX_SAWIT;1000;4;1000;915877;915840;0;0;0;0;919931
9523;gov2;IDX_SAWIT;1000;5;1000;6766542;6766500;0;0;0;0;6767468
9527;gov2;IDX_SAWIT;1000;6;1000;1973226;1973187;0;0;0;0;1973896
9535;gov2;IDX_SAWIT;1000;3;1000;743759;743722;0;0;0;0;744456
9540;gov2;IDX_SAWIT;1000;4;1000;997264;997227;0;0;0;0;997932
9726;gov2;IDX_SAWIT;1000;2;1000;322182;322149;0;0;0;0;328349
9730;gov2;IDX_SAWIT;1000;7;1000;3330599;3330555;0;0;0;0;3331261
9839;gov2;IDX_SAWIT;1000;4;1000;3039993;3039957;0;0;0;0;3186003
9840;gov2;IDX_SAWIT;1000;3;1000;1928684;1928641;0;0;0;0;1929377
9866;gov2;IDX_SAWIT;1000;4;1000;289569;289534;0;0;0;0;290218
9950;gov2;IDX_SAWIT;1000;3;1000;127386;127348;0;0;0;0;128075
9957;gov2;IDX_SAWIT;1000;2;1000;171577;171543;0;0;0;0;172265
9977;gov2;IDX_SAWIT;1000;3;1000;160510;160472;0;0;0;0;161198
9991;gov2;IDX_SAWIT;1000;9;1000;6052512;6052460;0;0;0;0;6350451
10021;gov2;IDX_SAWIT;1000;4;1000;1058152;1058103;0;0;0;0;1062697
10063;gov2;IDX_SAWIT;1000;3;1000;603662;603623;0;0;0;0;604366
10139;gov2;IDX_SAWIT;1000;3;1000;154876;154842;0;0;0;0;155590
10231;gov2;IDX_SAWIT;1000;8;1000;1552859;1552811;0;0;0;0;1557814
10395;gov2;IDX_SAWIT;1000;3;1000;281938;281902;0;0;0;0;282593
10397;gov2;IDX_SAWIT;1000;6;1000;2649115;2649073;0;0;0;0;2649813
10470;gov2;IDX_SAWIT;1000;4;1000;2435067;2435031;0;0;0;0;2435643
11060;gov2;IDX_SAWIT;1000;2;1000;563424;563394;0;0;0;0;564059
11077;gov2;IDX_SAWIT;1000;3;1000;472914;472879;0;0;0;0;478136
11155;gov2;IDX_SAWIT;1000;5;1000;2097970;2097930;0;0;0;0;2184192
