70;gov2;IDX_SAWIT2;10;2;10;106416;105948;0;0;0;0;379802305
211;gov2;IDX_SAWIT2;10;3;10;490176;490142;0;0;0;0;490829
257;gov2;IDX_SAWIT2;10;2;10;1993;1959;0;0;0;0;2541
259;gov2;IDX_SAWIT2;10;3;10;169091;169070;0;0;0;0;169704
450;gov2;IDX_SAWIT2;10;2;10;120048;120015;0;0;0;0;120725
527;gov2;IDX_SAWIT2;10;2;10;4756;4724;0;0;0;0;5335
591;gov2;IDX_SAWIT2;10;3;10;3711;3688;0;0;0;0;4236
626;gov2;IDX_SAWIT2;10;2;10;4727;4707;0;0;0;0;5311
717;gov2;IDX_SAWIT2;10;1;10;48663;48646;0;0;0;0;49352
736;gov2;IDX_SAWIT2;10;4;10;125009;124971;0;0;0;0;125691
775;gov2;IDX_SAWIT2;10;8;10;2075373;2075324;0;0;0;0;2076811
892;gov2;IDX_SAWIT2;10;4;10;3490459;3490422;0;0;0;0;3586324
966;gov2;IDX_SAWIT2;10;2;10;112568;112535;0;0;0;0;113279
1113;gov2;IDX_SAWIT2;10;2;10;31385;31354;0;0;0;0;32076
1131;gov2;IDX_SAWIT2;10;3;10;1097925;1097895;0;0;0;0;1100786
1180;gov2;IDX_SAWIT2;10;7;10;1672770;1672724;0;0;0;0;1676209
1209;gov2;IDX_SAWIT2;10;6;10;326021;325975;0;0;0;0;326778
1235;gov2;IDX_SAWIT2;10;1;5;882;855;0;0;0;0;1500
1243;gov2;IDX_SAWIT2;10;2;10;52994;52974;0;0;0;0;53669
1248;gov2;IDX_SAWIT2;10;4;10;143334;143296;0;0;0;0;144053
1253;gov2;IDX_SAWIT2;10;1;10;36729;36701;0;0;0;0;37427
1264;gov2;IDX_SAWIT2;10;3;10;262395;262361;0;0;0;0;263114
1286;gov2;IDX_SAWIT2;10;5;10;265906;265865;0;0;0;0;266626
1412;gov2;IDX_SAWIT2;10;2;10;122902;122869;0;0;0;0;123635
1468;gov2;IDX_SAWIT2;10;3;10;2554083;2554047;0;0;0;0;2628049
1550;gov2;IDX_SAWIT2;10;1;10;2330;2300;0;0;0;0;2986
1551;gov2;IDX_SAWIT2;10;1;10;34879;34862;0;0;0;0;35539
1613;gov2;IDX_SAWIT2;10;2;10;110098;110069;0;0;0;0;110805
1661;gov2;IDX_SAWIT2;10;2;10;49322;49289;0;0;0;0;50051
1796;gov2;IDX_SAWIT2;10;2;10;21592;21562;0;0;0;0;22252
1847;gov2;IDX_SAWIT2;10;5;10;405524;405490;0;0;0;0;406219
1903;gov2;IDX_SAWIT2;10;5;10;2289807;2289765;0;0;0;0;2293302
1969;gov2;IDX_SAWIT2;10;2;10;7657;7625;0;0;0;0;8326
2118;gov2;IDX_SAWIT2;10;4;10;1533086;1533060;0;0;0;0;1577485
2146;gov2;IDX_SAWIT2;10;2;10;66554;66521;0;0;0;0;67298
2217;gov2;IDX_SAWIT2;10;3;10;1816397;1816363;0;0;0;0;1819638
2271;gov2;IDX_SAWIT2;10;2;10;1816172;1816141;0;0;0;0;1873662
2321;gov2;IDX_SAWIT2;10;4;10;1626072;1626034;0;0;0;0;1629447
2343;gov2;IDX_SAWIT2;10;6;10;2278057;2278012;0;0;0;0;2281602
2348;gov2;IDX_SAWIT2;10;3;10;310920;310885;0;0;0;0;311644
2383;gov2;IDX_SAWIT2;10;3;10;22563;22527;0;0;0;0;23259
2388;gov2;IDX_SAWIT2;10;3;10;96037;96011;0;0;0;0;96714
2449;gov2;IDX_SAWIT2;10;3;10;1020073;1020039;0;0;0;0;1022945
2550;gov2;IDX_SAWIT2;10;4;10;468207;468168;0;0;0;0;468945
2568;gov2;IDX_SAWIT2;10;5;10;1414160;1414118;0;0;0;0;1417247
2602;gov2;IDX_SAWIT2;10;3;10;376746;376710;0;0;0;0;377468
2669;gov2;IDX_SAWIT2;10;3;10;312223;312189;0;0;0;0;312947
2761;gov2;IDX_SAWIT2;10;2;10;4005;3973;0;0;0;0;4608
2825;gov2;IDX_SAWIT2;10;2;10;411119;411101;0;0;0;0;411769
2826;gov2;IDX_SAWIT2;10;1;10;7826;7799;0;0;0;0;8424
2828;gov2;IDX_SAWIT2;10;3;10;274318;274297;0;0;0;0;274977
3064;gov2;IDX_SAWIT2;10;1;10;1701;1674;0;0;0;0;2322
3068;gov2;IDX_SAWIT2;10;1;10;1515;1499;0;0;0;0;2090
3091;gov2;IDX_SAWIT2;10;5;10;497926;497896;0;0;0;0;498621
3161;gov2;IDX_SAWIT2;10;1;10;3087;3059;0;0;0;0;3833
3234;gov2;IDX_SAWIT2;10;4;10;447504;447478;0;0;0;0;448198
3281;gov2;IDX_SAWIT2;10;3;10;166762;166727;0;0;0;0;167471
3398;gov2;IDX_SAWIT2;10;1;10;295682;295645;0;0;0;0;296424
3421;gov2;IDX_SAWIT2;10;5;10;235197;235155;0;0;0;0;235904
3443;gov2;IDX_SAWIT2;10;6;10;693528;693484;0;0;0;0;694278
3628;gov2;IDX_SAWIT2;10;3;10;594970;594933;0;0;0;0;595698
3764;gov2;IDX_SAWIT2;10;1;10;7240;7212;0;0;0;0;7877
3828;gov2;IDX_SAWIT2;10;2;10;2379;2359;0;0;0;0;2957
3845;gov2;IDX_SAWIT2;10;2;10;286867;286846;0;0;0;0;287540
3895;gov2;IDX_SAWIT2;10;3;10;86047;86011;0;0;0;0;86742
3942;gov2;IDX_SAWIT2;10;3;10;412278;412243;0;0;0;0;413016
3950;gov2;IDX_SAWIT2;10;5;10;2068835;2068795;0;0;0;0;2072203
3972;gov2;IDX_SAWIT2;10;2;10;37009;36977;0;0;0;0;37711
4001;gov2;IDX_SAWIT2;10;5;10;171854;171815;0;0;0;0;172569
4151;gov2;IDX_SAWIT2;10;2;10;6216;6186;0;0;0;0;6884
4153;gov2;IDX_SAWIT2;10;3;10;103370;103346;0;0;0;0;104038
4172;gov2;IDX_SAWIT2;10;2;10;863694;863661;0;0;0;0;866521
4212;gov2;IDX_SAWIT2;10;2;10;24188;24154;0;0;0;0;24880
4234;gov2;IDX_SAWIT2;10;3;10;646665;646634;0;0;0;0;647373
4290;gov2;IDX_SAWIT2;10;1;10;2297;2269;0;0;0;0;2905
4379;gov2;IDX_SAWIT2;10;4;10;1429050;1429025;0;0;0;0;1432154
4521;gov2;IDX_SAWIT2;10;3;10;54143;54107;0;0;0;0;54844
4526;gov2;IDX_SAWIT2;10;2;10;4600;4569;0;0;0;0;5223
4580;gov2;IDX_SAWIT2;10;2;10;3682;3662;0;0;0;0;4267
4684;gov2;IDX_SAWIT2;10;1;10;1376;1359;0;0;0;0;1966
4688;gov2;IDX_SAWIT2;10;3;10;114101;114080;0;0;0;0;114752
4720;gov2;IDX_SAWIT2;10;1;10;1355;1329;0;0;0;0;1991
4802;gov2;IDX_SAWIT2;10;2;10;23990;23972;0;0;0;0;24637
4829;gov2;IDX_SAWIT2;10;1;9;1192;1171;0;0;0;0;1759
4846;gov2;IDX_SAWIT2;10;3;10;453034;453013;0;0;0;0;453700
4855;gov2;IDX_SAWIT2;10;2;10;16946;16914;0;0;0;0;17600
4942;gov2;IDX_SAWIT2;10;4;10;116468;116441;0;0;0;0;117150
5001;gov2;IDX_SAWIT2;10;1;10;7707;7679;0;0;0;0;8326
5005;gov2;IDX_SAWIT2;10;3;10;485618;485595;0;0;0;0;486285
5016;gov2;IDX_SAWIT2;10;2;10;354779;354747;0;0;0;0;355459
5023;gov2;IDX_SAWIT2;10;3;10;57042;57009;0;0;0;0;57701
5036;gov2;IDX_SAWIT2;10;3;10;683451;683417;0;0;0;0;684135
5183;gov2;IDX_SAWIT2;10;2;10;365218;365187;0;0;0;0;365920
5209;gov2;IDX_SAWIT2;10;3;10;1041913;1041879;0;0;0;0;1044883
5241;gov2;IDX_SAWIT2;10;2;10;144488;144456;0;0;0;0;145167
5274;gov2;IDX_SAWIT2;10;6;10;4424333;4424293;0;0;0;0;4516895
5302;gov2;IDX_SAWIT2;10;2;10;845293;845252;0;0;0;0;847994
5332;gov2;IDX_SAWIT2;10;3;10;115826;115791;0;0;0;0;116484
5336;gov2;IDX_SAWIT2;10;2;10;60515;60485;0;0;0;0;61105
5340;gov2;IDX_SAWIT2;10;3;10;1114910;1114876;0;0;0;0;1117746
70;gov2;IDX_SAWIT2;10;2;10;70248;70215;0;0;0;0;70930
211;gov2;IDX_SAWIT2;10;3;10;508113;508080;0;0;0;0;508776
257;gov2;IDX_SAWIT2;10;2;10;2060;2029;0;0;0;0;2649
259;gov2;IDX_SAWIT2;10;3;10;178535;178515;0;0;0;0;179191
450;gov2;IDX_SAWIT2;10;2;10;127397;127365;0;0;0;0;128139
527;gov2;IDX_SAWIT2;10;2;10;5049;5017;0;0;0;0;5641
591;gov2;IDX_SAWIT2;10;3;10;3916;3897;0;0;0;0;4507
626;gov2;IDX_SAWIT2;10;2;10;5140;5123;0;0;0;0;5751
717;gov2;IDX_SAWIT2;10;1;10;52405;52390;0;0;0;0;53068
736;gov2;IDX_SAWIT2;10;4;10;134468;134434;0;0;0;0;135150
775;gov2;IDX_SAWIT2;10;8;10;2182306;2182262;0;0;0;0;2186069
892;gov2;IDX_SAWIT2;10;4;10;3590305;3590270;0;0;0;0;3657153
966;gov2;IDX_SAWIT2;10;2;10;120973;120934;0;0;0;0;121642
1113;gov2;IDX_SAWIT2;10;2;10;33731;33700;0;0;0;0;34395
1131;gov2;IDX_SAWIT2;10;3;10;1144057;1144027;0;0;0;0;1146920
1180;gov2;IDX_SAWIT2;10;7;10;1745104;1745064;0;0;0;0;1748483
1209;gov2;IDX_SAWIT2;10;6;10;346907;346867;0;0;0;0;347585
1235;gov2;IDX_SAWIT2;10;1;5;929;902;0;0;0;0;1520
1243;gov2;IDX_SAWIT2;10;2;10;56429;56412;0;0;0;0;57086
1248;gov2;IDX_SAWIT2;10;4;10;153105;153071;0;0;0;0;153789
1253;gov2;IDX_SAWIT2;10;1;10;39475;39448;0;0;0;0;40145
1264;gov2;IDX_SAWIT2;10;3;10;275608;275577;0;0;0;0;276251
1286;gov2;IDX_SAWIT2;10;5;10;284572;284534;0;0;0;0;285277
1412;gov2;IDX_SAWIT2;10;2;10;130858;130827;0;0;0;0;131529
1468;gov2;IDX_SAWIT2;10;3;10;2661544;2661510;0;0;0;0;2714085
1550;gov2;IDX_SAWIT2;10;1;10;2612;2572;0;0;0;0;3270
1551;gov2;IDX_SAWIT2;10;1;10;37898;37883;0;0;0;0;38556
1613;gov2;IDX_SAWIT2;10;2;10;117547;117520;0;0;0;0;118238
1661;gov2;IDX_SAWIT2;10;2;10;52612;52580;0;0;0;0;53300
1796;gov2;IDX_SAWIT2;10;2;10;22920;22891;0;0;0;0;23527
1847;gov2;IDX_SAWIT2;10;5;10;425959;425930;0;0;0;0;426645
1903;gov2;IDX_SAWIT2;10;5;10;2373348;2373309;0;0;0;0;2377030
1969;gov2;IDX_SAWIT2;10;2;10;8275;8242;0;0;0;0;8887
2118;gov2;IDX_SAWIT2;10;4;10;1604462;1604439;0;0;0;0;1636643
2146;gov2;IDX_SAWIT2;10;2;10;71401;71361;0;0;0;0;72080
2217;gov2;IDX_SAWIT2;10;3;10;1880008;1879974;0;0;0;0;1883344
2271;gov2;IDX_SAWIT2;10;2;10;1901517;1901486;0;0;0;0;1941097
2321;gov2;IDX_SAWIT2;10;4;10;1696295;1696247;0;0;0;0;1699788
2343;gov2;IDX_SAWIT2;10;6;10;2373369;2373329;0;0;0;0;2377093
2348;gov2;IDX_SAWIT2;10;3;10;326225;326191;0;0;0;0;326910
2383;gov2;IDX_SAWIT2;10;3;10;24196;24162;0;0;0;0;24823
2388;gov2;IDX_SAWIT2;10;3;10;103247;103222;0;0;0;0;103913
2449;gov2;IDX_SAWIT2;10;3;10;1072723;1072690;0;0;0;0;1075545
2550;gov2;IDX_SAWIT2;10;4;10;491311;491276;0;0;0;0;491956
2568;gov2;IDX_SAWIT2;10;5;10;1473506;1473466;0;0;0;0;1476517
2602;gov2;IDX_SAWIT2;10;3;10;395903;395869;0;0;0;0;396580
2669;gov2;IDX_SAWIT2;10;3;10;330626;330595;0;0;0;0;331266
2761;gov2;IDX_SAWIT2;10;2;10;4256;4224;0;0;0;0;4853
2825;gov2;IDX_SAWIT2;10;2;10;427741;427724;0;0;0;0;428391
2826;gov2;IDX_SAWIT2;10;1;10;8481;8453;0;0;0;0;9033
2828;gov2;IDX_SAWIT2;10;3;10;289529;289508;0;0;0;0;290162
3064;gov2;IDX_SAWIT2;10;1;10;1837;1809;0;0;0;0;2419
3068;gov2;IDX_SAWIT2;10;1;10;1546;1531;0;0;0;0;2109
3091;gov2;IDX_SAWIT2;10;5;10;520035;520010;0;0;0;0;520717
3161;gov2;IDX_SAWIT2;10;1;10;3259;3233;0;0;0;0;3812
3234;gov2;IDX_SAWIT2;10;4;10;470256;470235;0;0;0;0;470891
3281;gov2;IDX_SAWIT2;10;3;10;176331;176300;0;0;0;0;176966
3398;gov2;IDX_SAWIT2;10;1;10;312498;312472;0;0;0;0;313147
3421;gov2;IDX_SAWIT2;10;5;10;249108;249071;0;0;0;0;249778
3443;gov2;IDX_SAWIT2;10;6;10;731216;731177;0;0;0;0;731894
3628;gov2;IDX_SAWIT2;10;3;10;621282;621249;0;0;0;0;621926
3764;gov2;IDX_SAWIT2;10;1;10;7823;7796;0;0;0;0;8383
3828;gov2;IDX_SAWIT2;10;2;10;2441;2423;0;0;0;0;3000
3845;gov2;IDX_SAWIT2;10;2;10;302410;302394;0;0;0;0;303040
3895;gov2;IDX_SAWIT2;10;3;10;91650;91618;0;0;0;0;92286
3942;gov2;IDX_SAWIT2;10;3;10;432497;432465;0;0;0;0;433132
3950;gov2;IDX_SAWIT2;10;5;10;2143213;2143177;0;0;0;0;2146607
3972;gov2;IDX_SAWIT2;10;2;10;39545;39513;0;0;0;0;40168
4001;gov2;IDX_SAWIT2;10;5;10;184004;183971;0;0;0;0;184644
4151;gov2;IDX_SAWIT2;10;2;10;6632;6603;0;0;0;0;7183
4153;gov2;IDX_SAWIT2;10;3;10;111902;111883;0;0;0;0;112532
4172;gov2;IDX_SAWIT2;10;2;10;902829;902798;0;0;0;0;905551
4212;gov2;IDX_SAWIT2;10;2;10;26057;26025;0;0;0;0;26666
4234;gov2;IDX_SAWIT2;10;3;10;677579;677553;0;0;0;0;678164
4290;gov2;IDX_SAWIT2;10;1;10;2475;2447;0;0;0;0;3030
4379;gov2;IDX_SAWIT2;10;4;10;1491366;1491343;0;0;0;0;1494406
4521;gov2;IDX_SAWIT2;10;3;10;59024;58970;0;0;0;0;59659
4526;gov2;IDX_SAWIT2;10;2;10;4887;4857;0;0;0;0;5442
4580;gov2;IDX_SAWIT2;10;2;10;3868;3852;0;0;0;0;4430
4684;gov2;IDX_SAWIT2;10;1;10;1425;1411;0;0;0;0;1984
4688;gov2;IDX_SAWIT2;10;3;10;118932;118914;0;0;0;0;119567
4720;gov2;IDX_SAWIT2;10;1;10;1439;1412;0;0;0;0;1992
4802;gov2;IDX_SAWIT2;10;2;10;26059;26042;0;0;0;0;26649
4829;gov2;IDX_SAWIT2;10;1;9;1258;1238;0;0;0;0;1812
4846;gov2;IDX_SAWIT2;10;3;10;475073;475055;0;0;0;0;475722
4855;gov2;IDX_SAWIT2;10;2;10;18334;18305;0;0;0;0;18941
4942;gov2;IDX_SAWIT2;10;4;10;125142;125118;0;0;0;0;125855
5001;gov2;IDX_SAWIT2;10;1;10;8226;8198;0;0;0;0;8752
5005;gov2;IDX_SAWIT2;10;3;10;482576;482556;0;0;0;0;483194
5016;gov2;IDX_SAWIT2;10;2;10;341720;341690;0;0;0;0;342338
5023;gov2;IDX_SAWIT2;10;3;10;56752;56720;0;0;0;0;57349
5036;gov2;IDX_SAWIT2;10;3;10;664123;664092;0;0;0;0;664750
5183;gov2;IDX_SAWIT2;10;2;10;350792;350762;0;0;0;0;351417
5209;gov2;IDX_SAWIT2;10;3;10;1007128;1007096;0;0;0;0;1009822
5241;gov2;IDX_SAWIT2;10;2;10;144438;144393;0;0;0;0;145077
5274;gov2;IDX_SAWIT2;10;6;10;4423976;4423938;0;0;0;0;4517225
5302;gov2;IDX_SAWIT2;10;2;10;844454;844414;0;0;0;0;847112
5332;gov2;IDX_SAWIT2;10;3;10;115712;115679;0;0;0;0;116397
5336;gov2;IDX_SAWIT2;10;2;10;60528;60497;0;0;0;0;61203
5340;gov2;IDX_SAWIT2;10;3;10;1115766;1115732;0;0;0;0;1118602
70;gov2;IDX_SAWIT2;10;2;10;70362;70331;0;0;0;0;71035
211;gov2;IDX_SAWIT2;10;3;10;508294;508261;0;0;0;0;508985
257;gov2;IDX_SAWIT2;10;2;10;2057;2025;0;0;0;0;2647
259;gov2;IDX_SAWIT2;10;3;10;179050;179030;0;0;0;0;179722
450;gov2;IDX_SAWIT2;10;2;10;127334;127302;0;0;0;0;127968
527;gov2;IDX_SAWIT2;10;2;10;5051;5018;0;0;0;0;5639
591;gov2;IDX_SAWIT2;10;3;10;3914;3895;0;0;0;0;4502
626;gov2;IDX_SAWIT2;10;2;10;4968;4951;0;0;0;0;5573
717;gov2;IDX_SAWIT2;10;1;10;52612;52572;0;0;0;0;53277
736;gov2;IDX_SAWIT2;10;4;10;134591;134556;0;0;0;0;135263
775;gov2;IDX_SAWIT2;10;8;10;2183024;2182979;0;0;0;0;2186759
892;gov2;IDX_SAWIT2;10;4;10;3590341;3590305;0;0;0;0;3657397
966;gov2;IDX_SAWIT2;10;2;10;121782;121743;0;0;0;0;122454
1113;gov2;IDX_SAWIT2;10;2;10;33731;33700;0;0;0;0;34384
1131;gov2;IDX_SAWIT2;10;3;10;1143778;1143749;0;0;0;0;1146604
1180;gov2;IDX_SAWIT2;10;7;10;1745395;1745353;0;0;0;0;1748837
1209;gov2;IDX_SAWIT2;10;6;10;346488;346447;0;0;0;0;347167
1235;gov2;IDX_SAWIT2;10;1;5;921;893;0;0;0;0;1515
1243;gov2;IDX_SAWIT2;10;2;10;56422;56405;0;0;0;0;57079
1248;gov2;IDX_SAWIT2;10;4;10;153143;153109;0;0;0;0;153823
1253;gov2;IDX_SAWIT2;10;1;10;39495;39466;0;0;0;0;40143
1264;gov2;IDX_SAWIT2;10;3;10;275642;275611;0;0;0;0;276280
1286;gov2;IDX_SAWIT2;10;5;10;284630;284594;0;0;0;0;285281
1412;gov2;IDX_SAWIT2;10;2;10;130684;130654;0;0;0;0;131322
1468;gov2;IDX_SAWIT2;10;3;10;2661312;2661279;0;0;0;0;2712480
1550;gov2;IDX_SAWIT2;10;1;10;2319;2285;0;0;0;0;2953
1551;gov2;IDX_SAWIT2;10;1;10;35937;35922;0;0;0;0;36592
1613;gov2;IDX_SAWIT2;10;2;10;117322;117294;0;0;0;0;118004
1661;gov2;IDX_SAWIT2;10;2;10;52606;52575;0;0;0;0;53306
1796;gov2;IDX_SAWIT2;10;2;10;22934;22904;0;0;0;0;23552
1847;gov2;IDX_SAWIT2;10;5;10;426021;425991;0;0;0;0;426693
1903;gov2;IDX_SAWIT2;10;5;10;2374569;2374531;0;0;0;0;2378267
1969;gov2;IDX_SAWIT2;10;2;10;8271;8239;0;0;0;0;8864
2118;gov2;IDX_SAWIT2;10;4;10;1604485;1604463;0;0;0;0;1635513
2146;gov2;IDX_SAWIT2;10;2;10;70234;70194;0;0;0;0;70927
2217;gov2;IDX_SAWIT2;10;3;10;1878523;1878489;0;0;0;0;1881873
2271;gov2;IDX_SAWIT2;10;2;10;1902910;1902880;0;0;0;0;1942058
2321;gov2;IDX_SAWIT2;10;4;10;1700424;1700379;0;0;0;0;1703889
2343;gov2;IDX_SAWIT2;10;6;10;2373503;2373463;0;0;0;0;2377246
2348;gov2;IDX_SAWIT2;10;3;10;326595;326561;0;0;0;0;327268
2383;gov2;IDX_SAWIT2;10;3;10;24256;24223;0;0;0;0;24877
2388;gov2;IDX_SAWIT2;10;3;10;103235;103210;0;0;0;0;103900
2449;gov2;IDX_SAWIT2;10;3;10;1073181;1073149;0;0;0;0;1075983
2550;gov2;IDX_SAWIT2;10;4;10;490983;490948;0;0;0;0;491669
2568;gov2;IDX_SAWIT2;10;5;10;1473675;1473637;0;0;0;0;1476724
2602;gov2;IDX_SAWIT2;10;3;10;395688;395654;0;0;0;0;396369
2669;gov2;IDX_SAWIT2;10;3;10;331179;331147;0;0;0;0;331814
2761;gov2;IDX_SAWIT2;10;2;10;4266;4236;0;0;0;0;4833
2825;gov2;IDX_SAWIT2;10;2;10;428235;428219;0;0;0;0;428854
2826;gov2;IDX_SAWIT2;10;1;10;8476;8448;0;0;0;0;9073
2828;gov2;IDX_SAWIT2;10;3;10;289194;289173;0;0;0;0;289872
3064;gov2;IDX_SAWIT2;10;1;10;1841;1813;0;0;0;0;2440
3068;gov2;IDX_SAWIT2;10;1;10;1547;1532;0;0;0;0;2158
3091;gov2;IDX_SAWIT2;10;5;10;520195;520170;0;0;0;0;520868
3161;gov2;IDX_SAWIT2;10;1;10;3274;3247;0;0;0;0;3871
3234;gov2;IDX_SAWIT2;10;4;10;470582;470560;0;0;0;0;471261
3281;gov2;IDX_SAWIT2;10;3;10;176346;176313;0;0;0;0;177029
3398;gov2;IDX_SAWIT2;10;1;10;313316;313290;0;0;0;0;313962
3421;gov2;IDX_SAWIT2;10;5;10;249184;249148;0;0;0;0;249826
3443;gov2;IDX_SAWIT2;10;6;10;731504;731465;0;0;0;0;732152
3628;gov2;IDX_SAWIT2;10;3;10;621234;621201;0;0;0;0;621872
3764;gov2;IDX_SAWIT2;10;1;10;7825;7799;0;0;0;0;8386
3828;gov2;IDX_SAWIT2;10;2;10;2458;2442;0;0;0;0;3012
3845;gov2;IDX_SAWIT2;10;2;10;302583;302567;0;0;0;0;303213
3895;gov2;IDX_SAWIT2;10;3;10;91763;91730;0;0;0;0;92401
3942;gov2;IDX_SAWIT2;10;3;10;432625;432592;0;0;0;0;433265
3950;gov2;IDX_SAWIT2;10;5;10;2142905;2142870;0;0;0;0;2146328
3972;gov2;IDX_SAWIT2;10;2;10;39588;39558;0;0;0;0;40211
4001;gov2;IDX_SAWIT2;10;5;10;183983;183949;0;0;0;0;184639
4151;gov2;IDX_SAWIT2;10;2;10;6635;6606;0;0;0;0;7188
4153;gov2;IDX_SAWIT2;10;3;10;111803;111783;0;0;0;0;112440
4172;gov2;IDX_SAWIT2;10;2;10;903114;903083;0;0;0;0;905835
4212;gov2;IDX_SAWIT2;10;2;10;26041;26009;0;0;0;0;26668
4234;gov2;IDX_SAWIT2;10;3;10;677539;677513;0;0;0;0;678173
4290;gov2;IDX_SAWIT2;10;1;10;2463;2436;0;0;0;0;3022
4379;gov2;IDX_SAWIT2;10;4;10;1489869;1489847;0;0;0;0;1492885
4521;gov2;IDX_SAWIT2;10;3;10;59150;59118;0;0;0;0;59758
4526;gov2;IDX_SAWIT2;10;2;10;4852;4822;0;0;0;0;5365
4580;gov2;IDX_SAWIT2;10;2;10;3835;3821;0;0;0;0;4336
4684;gov2;IDX_SAWIT2;10;1;10;1400;1389;0;0;0;0;1893
4688;gov2;IDX_SAWIT2;10;3;10;119042;119026;0;0;0;0;119632
4720;gov2;IDX_SAWIT2;10;1;10;1426;1397;0;0;0;0;2018
4802;gov2;IDX_SAWIT2;10;2;10;26126;26108;0;0;0;0;26762
4829;gov2;IDX_SAWIT2;10;1;9;1251;1229;0;0;0;0;1840
4846;gov2;IDX_SAWIT2;10;3;10;475696;475677;0;0;0;0;476367
4855;gov2;IDX_SAWIT2;10;2;10;18349;18319;0;0;0;0;18932
4942;gov2;IDX_SAWIT2;10;4;10;125197;125174;0;0;0;0;125827
5001;gov2;IDX_SAWIT2;10;1;10;8265;8238;0;0;0;0;8837
5005;gov2;IDX_SAWIT2;10;3;10;483727;483707;0;0;0;0;484360
5016;gov2;IDX_SAWIT2;10;2;10;341389;341359;0;0;0;0;342028
5023;gov2;IDX_SAWIT2;10;3;10;57203;57171;0;0;0;0;57819
5036;gov2;IDX_SAWIT2;10;3;10;664941;664911;0;0;0;0;665584
5183;gov2;IDX_SAWIT2;10;2;10;351090;351060;0;0;0;0;351730
5209;gov2;IDX_SAWIT2;10;3;10;1008399;1008366;0;0;0;0;1011122
5241;gov2;IDX_SAWIT2;10;2;10;144509;144478;0;0;0;0;145136
5274;gov2;IDX_SAWIT2;10;6;10;4422497;4422460;0;0;0;0;4515517
5302;gov2;IDX_SAWIT2;10;2;10;844331;844292;0;0;0;0;847005
5332;gov2;IDX_SAWIT2;10;3;10;115926;115893;0;0;0;0;116601
5336;gov2;IDX_SAWIT2;10;2;10;60808;60777;0;0;0;0;61486
5340;gov2;IDX_SAWIT2;10;3;10;1116989;1116955;0;0;0;0;1119825
70;gov2;IDX_SAWIT2;100;2;100;281575;281557;0;0;0;0;283176
211;gov2;IDX_SAWIT2;100;3;100;1132863;1132833;0;0;0;0;1135880
257;gov2;IDX_SAWIT2;100;2;100;12775;12744;0;0;0;0;13325
259;gov2;IDX_SAWIT2;100;3;100;441657;441637;0;0;0;0;442286
450;gov2;IDX_SAWIT2;100;2;100;145981;145949;0;0;0;0;146631
527;gov2;IDX_SAWIT2;100;2;100;30357;30326;0;0;0;0;30965
591;gov2;IDX_SAWIT2;100;3;100;239159;239131;0;0;0;0;239811
626;gov2;IDX_SAWIT2;100;2;100;257160;257128;0;0;0;0;257818
717;gov2;IDX_SAWIT2;100;1;100;75667;75640;0;0;0;0;76327
736;gov2;IDX_SAWIT2;100;4;100;396103;396067;0;0;0;0;396766
775;gov2;IDX_SAWIT2;100;8;100;3152241;3152197;0;0;0;0;3156830
892;gov2;IDX_SAWIT2;100;4;100;5329825;5329790;0;0;0;0;5432556
966;gov2;IDX_SAWIT2;100;2;100;313652;313612;0;0;0;0;314319
1113;gov2;IDX_SAWIT2;100;2;100;47660;47628;0;0;0;0;48320
1131;gov2;IDX_SAWIT2;100;3;100;1331650;1331616;0;0;0;0;1334781
1180;gov2;IDX_SAWIT2;100;7;100;2910553;2910511;0;0;0;0;2960713
1209;gov2;IDX_SAWIT2;100;6;100;1234775;1234725;0;0;0;0;1237787
1235;gov2;IDX_SAWIT2;100;1;5;949;921;0;0;0;0;1514
1243;gov2;IDX_SAWIT2;100;2;100;68136;68120;0;0;0;0;68789
1248;gov2;IDX_SAWIT2;100;4;100;449518;449484;0;0;0;0;450181
1253;gov2;IDX_SAWIT2;100;1;100;69682;69655;0;0;0;0;70316
1264;gov2;IDX_SAWIT2;100;3;100;934701;934670;0;0;0;0;935430
1286;gov2;IDX_SAWIT2;100;5;100;572009;571971;0;0;0;0;572660
1412;gov2;IDX_SAWIT2;100;2;100;561629;561597;0;0;0;0;562284
1468;gov2;IDX_SAWIT2;100;3;100;4698027;4697993;0;0;0;0;4793102
1550;gov2;IDX_SAWIT2;100;1;100;13532;13497;0;0;0;0;14159
1551;gov2;IDX_SAWIT2;100;1;100;57839;57824;0;0;0;0;58491
1613;gov2;IDX_SAWIT2;100;2;100;265477;265446;0;0;0;0;266136
1661;gov2;IDX_SAWIT2;100;2;100;168126;168094;0;0;0;0;168772
1796;gov2;IDX_SAWIT2;100;2;100;59026;58995;0;0;0;0;59672
1847;gov2;IDX_SAWIT2;100;5;100;642534;642495;0;0;0;0;643224
1903;gov2;IDX_SAWIT2;100;5;100;3423524;3423486;0;0;0;0;3485705
1969;gov2;IDX_SAWIT2;100;2;100;27271;27230;0;0;0;0;27910
2118;gov2;IDX_SAWIT2;100;4;100;2364508;2364479;0;0;0;0;2415253
2146;gov2;IDX_SAWIT2;100;2;100;112407;112364;0;0;0;0;113087
2217;gov2;IDX_SAWIT2;100;3;100;2117361;2117327;0;0;0;0;2147717
2271;gov2;IDX_SAWIT2;100;2;100;3234834;3234796;0;0;0;0;3312320
2321;gov2;IDX_SAWIT2;100;4;100;2544643;2544597;0;0;0;0;2598723
2343;gov2;IDX_SAWIT2;100;6;100;4035795;4035744;0;0;0;0;4111416
2348;gov2;IDX_SAWIT2;100;3;100;770049;770002;0;0;0;0;770728
2383;gov2;IDX_SAWIT2;100;3;100;49243;49209;0;0;0;0;49882
2388;gov2;IDX_SAWIT2;100;3;100;429356;429325;0;0;0;0;430031
2449;gov2;IDX_SAWIT2;100;3;100;1931205;1931172;0;0;0;0;1967029
2550;gov2;IDX_SAWIT2;100;4;100;697535;697487;0;0;0;0;698225
2568;gov2;IDX_SAWIT2;100;5;100;2033571;2033532;0;0;0;0;2036924
2602;gov2;IDX_SAWIT2;100;3;100;720387;720351;0;0;0;0;721045
2669;gov2;IDX_SAWIT2;100;3;100;673200;673166;0;0;0;0;673847
2761;gov2;IDX_SAWIT2;100;2;100;21805;21774;0;0;0;0;22404
2825;gov2;IDX_SAWIT2;100;2;100;785075;785053;0;0;0;0;785720
2826;gov2;IDX_SAWIT2;100;1;100;21754;21726;0;0;0;0;22363
2828;gov2;IDX_SAWIT2;100;3;100;416030;416003;0;0;0;0;416676
3064;gov2;IDX_SAWIT2;100;1;54;6087;6059;0;0;0;0;6667
3068;gov2;IDX_SAWIT2;100;1;100;9239;9225;0;0;0;0;9783
3091;gov2;IDX_SAWIT2;100;5;100;972618;972593;0;0;0;0;973286
3161;gov2;IDX_SAWIT2;100;1;100;14990;14963;0;0;0;0;15576
3234;gov2;IDX_SAWIT2;100;4;100;666091;666066;0;0;0;0;666742
3281;gov2;IDX_SAWIT2;100;3;100;448110;448076;0;0;0;0;448762
3398;gov2;IDX_SAWIT2;100;1;100;809021;808994;0;0;0;0;812134
3421;gov2;IDX_SAWIT2;100;5;100;1401493;1401453;0;0;0;0;1404802
3443;gov2;IDX_SAWIT2;100;6;100;2138185;2138144;0;0;0;0;2141691
3628;gov2;IDX_SAWIT2;100;3;100;773245;773211;0;0;0;0;773884
3764;gov2;IDX_SAWIT2;100;1;100;18082;18055;0;0;0;0;18652
3828;gov2;IDX_SAWIT2;100;2;100;29179;29160;0;0;0;0;29759
3845;gov2;IDX_SAWIT2;100;2;100;533739;533714;0;0;0;0;534361
3895;gov2;IDX_SAWIT2;100;3;100;305183;305150;0;0;0;0;305822
3942;gov2;IDX_SAWIT2;100;3;100;815564;815531;0;0;0;0;816199
3950;gov2;IDX_SAWIT2;100;5;100;3721237;3721201;0;0;0;0;3791615
3972;gov2;IDX_SAWIT2;100;2;100;88787;88749;0;0;0;0;89425
4001;gov2;IDX_SAWIT2;100;5;100;544459;544420;0;0;0;0;545117
4151;gov2;IDX_SAWIT2;100;2;100;21283;21252;0;0;0;0;21888
4153;gov2;IDX_SAWIT2;100;3;100;251305;251280;0;0;0;0;251949
4172;gov2;IDX_SAWIT2;100;2;100;1268889;1268857;0;0;0;0;1272131
4212;gov2;IDX_SAWIT2;100;2;100;41217;41184;0;0;0;0;41855
4234;gov2;IDX_SAWIT2;100;3;100;871115;871084;0;0;0;0;871767
4290;gov2;IDX_SAWIT2;100;1;100;13529;13501;0;0;0;0;14107
4379;gov2;IDX_SAWIT2;100;4;100;2669272;2669247;0;0;0;0;2714049
4521;gov2;IDX_SAWIT2;100;3;100;169195;169153;0;0;0;0;169841
4526;gov2;IDX_SAWIT2;100;2;100;72250;72218;0;0;0;0;72912
4580;gov2;IDX_SAWIT2;100;2;100;26863;26832;0;0;0;0;27474
4684;gov2;IDX_SAWIT2;100;1;59;5677;5656;0;0;0;0;6254
4688;gov2;IDX_SAWIT2;100;3;100;179510;179490;0;0;0;0;180157
4720;gov2;IDX_SAWIT2;100;1;27;2832;2803;0;0;0;0;3403
4802;gov2;IDX_SAWIT2;100;2;100;45456;45438;0;0;0;0;46097
4829;gov2;IDX_SAWIT2;100;1;9;1305;1279;0;0;0;0;1869
4846;gov2;IDX_SAWIT2;100;3;100;1213317;1213298;0;0;0;0;1216324
4855;gov2;IDX_SAWIT2;100;2;100;71341;71309;0;0;0;0;71965
4942;gov2;IDX_SAWIT2;100;4;100;241568;241533;0;0;0;0;242203
5001;gov2;IDX_SAWIT2;100;1;100;21913;21886;0;0;0;0;22481
5005;gov2;IDX_SAWIT2;100;3;100;1355850;1355827;0;0;0;0;1358924
5016;gov2;IDX_SAWIT2;100;2;100;604287;604256;0;0;0;0;604914
5023;gov2;IDX_SAWIT2;100;3;100;125449;125416;0;0;0;0;126075
5036;gov2;IDX_SAWIT2;100;3;100;889609;889576;0;0;0;0;890240
5183;gov2;IDX_SAWIT2;100;2;100;429232;429202;0;0;0;0;429871
5209;gov2;IDX_SAWIT2;100;3;100;1590506;1590473;0;0;0;0;1593805
5241;gov2;IDX_SAWIT2;100;2;100;296520;296489;0;0;0;0;297146
5274;gov2;IDX_SAWIT2;100;6;100;6530073;6530035;0;0;0;0;6670921
5302;gov2;IDX_SAWIT2;100;2;100;1552854;1552815;0;0;0;0;1556242
5332;gov2;IDX_SAWIT2;100;3;100;348547;348513;0;0;0;0;349215
5336;gov2;IDX_SAWIT2;100;2;100;143791;143759;0;0;0;0;144449
5340;gov2;IDX_SAWIT2;100;3;100;2099498;2099464;0;0;0;0;2137622
70;gov2;IDX_SAWIT2;100;2;100;281111;281067;0;0;0;0;281762
211;gov2;IDX_SAWIT2;100;3;100;1133864;1133830;0;0;0;0;1136860
257;gov2;IDX_SAWIT2;100;2;100;12780;12748;0;0;0;0;13362
259;gov2;IDX_SAWIT2;100;3;100;441537;441516;0;0;0;0;442188
450;gov2;IDX_SAWIT2;100;2;100;146005;145974;0;0;0;0;146654
527;gov2;IDX_SAWIT2;100;2;100;30345;30314;0;0;0;0;30958
591;gov2;IDX_SAWIT2;100;3;100;239116;239089;0;0;0;0;239801
626;gov2;IDX_SAWIT2;100;2;100;257252;257222;0;0;0;0;257906
717;gov2;IDX_SAWIT2;100;1;100;75705;75676;0;0;0;0;76371
736;gov2;IDX_SAWIT2;100;4;100;396068;396034;0;0;0;0;396695
775;gov2;IDX_SAWIT2;100;8;100;3152237;3152194;0;0;0;0;3156813
892;gov2;IDX_SAWIT2;100;4;100;5330162;5330127;0;0;0;0;5432510
966;gov2;IDX_SAWIT2;100;2;100;313657;313618;0;0;0;0;314332
1113;gov2;IDX_SAWIT2;100;2;100;47668;47635;0;0;0;0;48321
1131;gov2;IDX_SAWIT2;100;3;100;1331220;1331187;0;0;0;0;1334436
1180;gov2;IDX_SAWIT2;100;7;100;2909796;2909756;0;0;0;0;2959978
1209;gov2;IDX_SAWIT2;100;6;100;1234461;1234411;0;0;0;0;1237478
1235;gov2;IDX_SAWIT2;100;1;5;950;921;0;0;0;0;1522
1243;gov2;IDX_SAWIT2;100;2;100;68145;68128;0;0;0;0;68757
1248;gov2;IDX_SAWIT2;100;4;100;449608;449573;0;0;0;0;450270
1253;gov2;IDX_SAWIT2;100;1;100;69527;69500;0;0;0;0;70180
1264;gov2;IDX_SAWIT2;100;3;100;934415;934381;0;0;0;0;935069
1286;gov2;IDX_SAWIT2;100;5;100;572444;572407;0;0;0;0;573108
1412;gov2;IDX_SAWIT2;100;2;100;561649;561618;0;0;0;0;562309
1468;gov2;IDX_SAWIT2;100;3;100;4697319;4697285;0;0;0;0;4792593
1550;gov2;IDX_SAWIT2;100;1;100;12662;12627;0;0;0;0;13251
1551;gov2;IDX_SAWIT2;100;1;100;57846;57831;0;0;0;0;58483
1613;gov2;IDX_SAWIT2;100;2;100;265426;265394;0;0;0;0;266096
1661;gov2;IDX_SAWIT2;100;2;100;167854;167823;0;0;0;0;168508
1796;gov2;IDX_SAWIT2;100;2;100;59007;58976;0;0;0;0;59655
1847;gov2;IDX_SAWIT2;100;5;100;642462;642423;0;0;0;0;643122
1903;gov2;IDX_SAWIT2;100;5;100;3523329;3523290;0;0;0;0;3587251
1969;gov2;IDX_SAWIT2;100;2;100;26077;26033;0;0;0;0;26722
2118;gov2;IDX_SAWIT2;100;4;100;2362591;2362563;0;0;0;0;2413117
2146;gov2;IDX_SAWIT2;100;2;100;112271;112228;0;0;0;0;112946
2217;gov2;IDX_SAWIT2;100;3;100;2126871;2126837;0;0;0;0;2157969
2271;gov2;IDX_SAWIT2;100;2;100;3235119;3235081;0;0;0;0;3312869
2321;gov2;IDX_SAWIT2;100;4;100;2543269;2543223;0;0;0;0;2597487
2343;gov2;IDX_SAWIT2;100;6;100;4117437;4117385;0;0;0;0;4191350
2348;gov2;IDX_SAWIT2;100;3;100;767806;767761;0;0;0;0;768474
2383;gov2;IDX_SAWIT2;100;3;100;49140;49107;0;0;0;0;49764
2388;gov2;IDX_SAWIT2;100;3;100;429606;429574;0;0;0;0;430264
2449;gov2;IDX_SAWIT2;100;3;100;1931286;1931253;0;0;0;0;1966447
2550;gov2;IDX_SAWIT2;100;4;100;696119;696071;0;0;0;0;696799
2568;gov2;IDX_SAWIT2;100;5;100;2032495;2032456;0;0;0;0;2035856
2602;gov2;IDX_SAWIT2;100;3;100;720435;720401;0;0;0;0;721090
2669;gov2;IDX_SAWIT2;100;3;100;673233;673199;0;0;0;0;673893
2761;gov2;IDX_SAWIT2;100;2;100;21772;21741;0;0;0;0;22370
2825;gov2;IDX_SAWIT2;100;2;100;784420;784397;0;0;0;0;785076
2826;gov2;IDX_SAWIT2;100;1;100;21743;21715;0;0;0;0;22356
2828;gov2;IDX_SAWIT2;100;3;100;415936;415911;0;0;0;0;416578
3064;gov2;IDX_SAWIT2;100;1;54;6087;6058;0;0;0;0;6660
3068;gov2;IDX_SAWIT2;100;1;100;9252;9238;0;0;0;0;9792
3091;gov2;IDX_SAWIT2;100;5;100;972995;972969;0;0;0;0;973641
3161;gov2;IDX_SAWIT2;100;1;100;15002;14975;0;0;0;0;15587
3234;gov2;IDX_SAWIT2;100;4;100;665865;665840;0;0;0;0;666512
3281;gov2;IDX_SAWIT2;100;3;100;448304;448271;0;0;0;0;448896
3398;gov2;IDX_SAWIT2;100;1;100;808934;808907;0;0;0;0;812050
3421;gov2;IDX_SAWIT2;100;5;100;1401115;1401077;0;0;0;0;1404436
3443;gov2;IDX_SAWIT2;100;6;100;2138210;2138169;0;0;0;0;2141738
3628;gov2;IDX_SAWIT2;100;3;100;773385;773349;0;0;0;0;774045
3764;gov2;IDX_SAWIT2;100;1;100;18063;18035;0;0;0;0;18643
3828;gov2;IDX_SAWIT2;100;2;100;28845;28824;0;0;0;0;29468
3845;gov2;IDX_SAWIT2;100;2;100;532087;532064;0;0;0;0;532753
3895;gov2;IDX_SAWIT2;100;3;100;305233;305198;0;0;0;0;305879
3942;gov2;IDX_SAWIT2;100;3;100;815696;815662;0;0;0;0;816365
3950;gov2;IDX_SAWIT2;100;5;100;3723515;3723478;0;0;0;0;3793556
3972;gov2;IDX_SAWIT2;100;2;100;88760;88722;0;0;0;0;89399
4001;gov2;IDX_SAWIT2;100;5;100;544555;544517;0;0;0;0;545245
4151;gov2;IDX_SAWIT2;100;2;100;21270;21239;0;0;0;0;21867
4153;gov2;IDX_SAWIT2;100;3;100;251883;251857;0;0;0;0;252533
4172;gov2;IDX_SAWIT2;100;2;100;1269360;1269328;0;0;0;0;1272585
4212;gov2;IDX_SAWIT2;100;2;100;41200;41167;0;0;0;0;41837
4234;gov2;IDX_SAWIT2;100;3;100;871064;871032;0;0;0;0;871730
4290;gov2;IDX_SAWIT2;100;1;100;13521;13493;0;0;0;0;14113
4379;gov2;IDX_SAWIT2;100;4;100;2668777;2668753;0;0;0;0;2713567
4521;gov2;IDX_SAWIT2;100;3;100;167988;167945;0;0;0;0;168626
4526;gov2;IDX_SAWIT2;100;2;100;72127;72095;0;0;0;0;72779
4580;gov2;IDX_SAWIT2;100;2;100;26846;26814;0;0;0;0;27447
4684;gov2;IDX_SAWIT2;100;1;59;5680;5660;0;0;0;0;6267
4688;gov2;IDX_SAWIT2;100;3;100;179203;179182;0;0;0;0;179843
4720;gov2;IDX_SAWIT2;100;1;27;2846;2817;0;0;0;0;3398
4802;gov2;IDX_SAWIT2;100;2;100;45362;45344;0;0;0;0;45995
4829;gov2;IDX_SAWIT2;100;1;9;1303;1276;0;0;0;0;1877
4846;gov2;IDX_SAWIT2;100;3;100;1213847;1213828;0;0;0;0;1216837
4855;gov2;IDX_SAWIT2;100;2;100;71279;71249;0;0;0;0;71915
4942;gov2;IDX_SAWIT2;100;4;100;241487;241454;0;0;0;0;242118
5001;gov2;IDX_SAWIT2;100;1;100;21936;21909;0;0;0;0;22420
5005;gov2;IDX_SAWIT2;100;3;100;1359040;1359016;0;0;0;0;1362128
5016;gov2;IDX_SAWIT2;100;2;100;603730;603697;0;0;0;0;604387
5023;gov2;IDX_SAWIT2;100;3;100;125598;125565;0;0;0;0;126244
5036;gov2;IDX_SAWIT2;100;3;100;889764;889730;0;0;0;0;890419
5183;gov2;IDX_SAWIT2;100;2;100;429232;429201;0;0;0;0;429904
5209;gov2;IDX_SAWIT2;100;3;100;1590216;1590182;0;0;0;0;1593540
5241;gov2;IDX_SAWIT2;100;2;100;295999;295967;0;0;0;0;296672
5274;gov2;IDX_SAWIT2;100;6;100;6532576;6532539;0;0;0;0;6674763
5302;gov2;IDX_SAWIT2;100;2;100;1553783;1553738;0;0;0;0;1557208
5332;gov2;IDX_SAWIT2;100;3;100;348062;348029;0;0;0;0;348728
5336;gov2;IDX_SAWIT2;100;2;100;144062;144030;0;0;0;0;144713
5340;gov2;IDX_SAWIT2;100;3;100;2102165;2102130;0;0;0;0;2140869
70;gov2;IDX_SAWIT2;100;2;100;280473;280430;0;0;0;0;281142
211;gov2;IDX_SAWIT2;100;3;100;1133289;1133255;0;0;0;0;1136275
257;gov2;IDX_SAWIT2;100;2;100;12789;12756;0;0;0;0;13373
259;gov2;IDX_SAWIT2;100;3;100;441307;441285;0;0;0;0;441956
450;gov2;IDX_SAWIT2;100;2;100;145770;145741;0;0;0;0;146414
527;gov2;IDX_SAWIT2;100;2;100;30360;30329;0;0;0;0;30973
591;gov2;IDX_SAWIT2;100;3;100;238723;238695;0;0;0;0;239374
626;gov2;IDX_SAWIT2;100;2;100;256697;256667;0;0;0;0;257321
717;gov2;IDX_SAWIT2;100;1;100;75611;75583;0;0;0;0;76273
736;gov2;IDX_SAWIT2;100;4;100;395936;395903;0;0;0;0;396567
775;gov2;IDX_SAWIT2;100;8;100;3151916;3151872;0;0;0;0;3156469
892;gov2;IDX_SAWIT2;100;4;100;5328690;5328655;0;0;0;0;5432258
966;gov2;IDX_SAWIT2;100;2;100;310747;310707;0;0;0;0;311393
1113;gov2;IDX_SAWIT2;100;2;100;47616;47583;0;0;0;0;48274
1131;gov2;IDX_SAWIT2;100;3;100;1330578;1330546;0;0;0;0;1333754
1180;gov2;IDX_SAWIT2;100;7;100;2910416;2910374;0;0;0;0;2959793
1209;gov2;IDX_SAWIT2;100;6;100;1233069;1233018;0;0;0;0;1236098
1235;gov2;IDX_SAWIT2;100;1;5;947;919;0;0;0;0;1521
1243;gov2;IDX_SAWIT2;100;2;100;68130;68114;0;0;0;0;68774
1248;gov2;IDX_SAWIT2;100;4;100;449709;449675;0;0;0;0;450362
1253;gov2;IDX_SAWIT2;100;1;100;69423;69396;0;0;0;0;70074
1264;gov2;IDX_SAWIT2;100;3;100;934943;934908;0;0;0;0;935600
1286;gov2;IDX_SAWIT2;100;5;100;572484;572445;0;0;0;0;573146
1412;gov2;IDX_SAWIT2;100;2;100;560836;560805;0;0;0;0;561452
1468;gov2;IDX_SAWIT2;100;3;100;4697648;4697615;0;0;0;0;4793222
1550;gov2;IDX_SAWIT2;100;1;100;12620;12585;0;0;0;0;13213
1551;gov2;IDX_SAWIT2;100;1;100;57811;57796;0;0;0;0;58455
1613;gov2;IDX_SAWIT2;100;2;100;265312;265279;0;0;0;0;265973
1661;gov2;IDX_SAWIT2;100;2;100;168001;167970;0;0;0;0;168654
1796;gov2;IDX_SAWIT2;100;2;100;59027;58997;0;0;0;0;59634
1847;gov2;IDX_SAWIT2;100;5;100;642863;642826;0;0;0;0;643529
1903;gov2;IDX_SAWIT2;100;5;100;3423639;3423601;0;0;0;0;3485678
1969;gov2;IDX_SAWIT2;100;2;100;27238;27195;0;0;0;0;27886
2118;gov2;IDX_SAWIT2;100;4;100;2363809;2363781;0;0;0;0;2414536
2146;gov2;IDX_SAWIT2;100;2;100;112248;112204;0;0;0;0;112918
2217;gov2;IDX_SAWIT2;100;3;100;2117779;2117746;0;0;0;0;2148041
2271;gov2;IDX_SAWIT2;100;2;100;3234290;3234251;0;0;0;0;3312100
2321;gov2;IDX_SAWIT2;100;4;100;2542843;2542796;0;0;0;0;2597225
2343;gov2;IDX_SAWIT2;100;6;100;4034369;4034318;0;0;0;0;4108126
2348;gov2;IDX_SAWIT2;100;3;100;767330;767284;0;0;0;0;768010
2383;gov2;IDX_SAWIT2;100;3;100;49167;49134;0;0;0;0;49806
2388;gov2;IDX_SAWIT2;100;3;100;429470;429439;0;0;0;0;430131
2449;gov2;IDX_SAWIT2;100;3;100;1931466;1931433;0;0;0;0;1966469
2550;gov2;IDX_SAWIT2;100;4;100;696202;696154;0;0;0;0;696880
2568;gov2;IDX_SAWIT2;100;5;100;2032683;2032645;0;0;0;0;2036028
2602;gov2;IDX_SAWIT2;100;3;100;720694;720661;0;0;0;0;721357
2669;gov2;IDX_SAWIT2;100;3;100;672748;672714;0;0;0;0;673411
2761;gov2;IDX_SAWIT2;100;2;100;21775;21743;0;0;0;0;22383
2825;gov2;IDX_SAWIT2;100;2;100;784927;784904;0;0;0;0;785577
2826;gov2;IDX_SAWIT2;100;1;100;21746;21717;0;0;0;0;22352
2828;gov2;IDX_SAWIT2;100;3;100;416540;416513;0;0;0;0;417186
3064;gov2;IDX_SAWIT2;100;1;54;6085;6057;0;0;0;0;6656
3068;gov2;IDX_SAWIT2;100;1;100;9253;9239;0;0;0;0;9798
3091;gov2;IDX_SAWIT2;100;5;100;973067;973042;0;0;0;0;973723
3161;gov2;IDX_SAWIT2;100;1;100;14993;14965;0;0;0;0;15575
3234;gov2;IDX_SAWIT2;100;4;100;665837;665813;0;0;0;0;666489
3281;gov2;IDX_SAWIT2;100;3;100;448074;448041;0;0;0;0;448725
3398;gov2;IDX_SAWIT2;100;1;100;809389;809361;0;0;0;0;812517
3421;gov2;IDX_SAWIT2;100;5;100;1401268;1401229;0;0;0;0;1404564
3443;gov2;IDX_SAWIT2;100;6;100;2138704;2138664;0;0;0;0;2142186
3628;gov2;IDX_SAWIT2;100;3;100;773456;773420;0;0;0;0;774117
3764;gov2;IDX_SAWIT2;100;1;100;18085;18058;0;0;0;0;18645
3828;gov2;IDX_SAWIT2;100;2;100;28831;28812;0;0;0;0;29408
3845;gov2;IDX_SAWIT2;100;2;100;531792;531770;0;0;0;0;532415
3895;gov2;IDX_SAWIT2;100;3;100;305385;305350;0;0;0;0;306017
3942;gov2;IDX_SAWIT2;100;3;100;816433;816400;0;0;0;0;817068
3950;gov2;IDX_SAWIT2;100;5;100;3723037;3723001;0;0;0;0;3792607
3972;gov2;IDX_SAWIT2;100;2;100;88709;88671;0;0;0;0;89348
4001;gov2;IDX_SAWIT2;100;5;100;544665;544627;0;0;0;0;545319
4151;gov2;IDX_SAWIT2;100;2;100;21278;21247;0;0;0;0;21876
4153;gov2;IDX_SAWIT2;100;3;100;251423;251396;0;0;0;0;252079
4172;gov2;IDX_SAWIT2;100;2;100;1269159;1269126;0;0;0;0;1272452
4212;gov2;IDX_SAWIT2;100;2;100;41191;41159;0;0;0;0;41839
4234;gov2;IDX_SAWIT2;100;3;100;870805;870775;0;0;0;0;871478
4290;gov2;IDX_SAWIT2;100;1;100;13533;13504;0;0;0;0;14120
4379;gov2;IDX_SAWIT2;100;4;100;2669667;2669641;0;0;0;0;2713940
4521;gov2;IDX_SAWIT2;100;3;100;167817;167770;0;0;0;0;168492
4526;gov2;IDX_SAWIT2;100;2;100;72162;72129;0;0;0;0;72809
4580;gov2;IDX_SAWIT2;100;2;100;26875;26844;0;0;0;0;27488
4684;gov2;IDX_SAWIT2;100;1;59;5697;5676;0;0;0;0;6268
4688;gov2;IDX_SAWIT2;100;3;100;179218;179198;0;0;0;0;179878
4720;gov2;IDX_SAWIT2;100;1;27;2837;2809;0;0;0;0;3402
4802;gov2;IDX_SAWIT2;100;2;100;45385;45367;0;0;0;0;46025
4829;gov2;IDX_SAWIT2;100;1;9;1304;1278;0;0;0;0;1858
4846;gov2;IDX_SAWIT2;100;3;100;1213237;1213217;0;0;0;0;1216253
4855;gov2;IDX_SAWIT2;100;2;100;71557;71527;0;0;0;0;72159
4942;gov2;IDX_SAWIT2;100;4;100;241888;241857;0;0;0;0;242519
5001;gov2;IDX_SAWIT2;100;1;100;21911;21884;0;0;0;0;22489
5005;gov2;IDX_SAWIT2;100;3;100;1357282;1357258;0;0;0;0;1360385
5016;gov2;IDX_SAWIT2;100;2;100;602843;602813;0;0;0;0;603467
5023;gov2;IDX_SAWIT2;100;3;100;125426;125395;0;0;0;0;126061
5036;gov2;IDX_SAWIT2;100;3;100;889385;889353;0;0;0;0;890020
5183;gov2;IDX_SAWIT2;100;2;100;429494;429466;0;0;0;0;430136
5209;gov2;IDX_SAWIT2;100;3;100;1590116;1590084;0;0;0;0;1593445
5241;gov2;IDX_SAWIT2;100;2;100;295736;295704;0;0;0;0;296389
5274;gov2;IDX_SAWIT2;100;6;100;6532516;6532477;0;0;0;0;6675194
5302;gov2;IDX_SAWIT2;100;2;100;1554829;1554788;0;0;0;0;1558244
5332;gov2;IDX_SAWIT2;100;3;100;348070;348036;0;0;0;0;348707
5336;gov2;IDX_SAWIT2;100;2;100;143656;143624;0;0;0;0;144310
5340;gov2;IDX_SAWIT2;100;3;100;2101933;2101899;0;0;0;0;2140845
70;gov2;IDX_SAWIT2;1000;2;1000;422417;422399;0;0;0;0;424009
211;gov2;IDX_SAWIT2;1000;3;1000;1688605;1688575;0;0;0;0;1692143
257;gov2;IDX_SAWIT2;1000;2;107;13368;13335;0;0;0;0;13958
259;gov2;IDX_SAWIT2;1000;3;1000;595711;595691;0;0;0;0;596397
450;gov2;IDX_SAWIT2;1000;2;1000;241107;241075;0;0;0;0;241762
527;gov2;IDX_SAWIT2;1000;2;1000;168424;168392;0;0;0;0;169076
591;gov2;IDX_SAWIT2;1000;3;1000;540990;540957;0;0;0;0;541651
626;gov2;IDX_SAWIT2;1000;2;1000;865602;865572;0;0;0;0;868857
717;gov2;IDX_SAWIT2;1000;1;1000;213796;213768;0;0;0;0;214451
736;gov2;IDX_SAWIT2;1000;4;1000;1410908;1410874;0;0;0;0;1414180
775;gov2;IDX_SAWIT2;1000;8;1000;5758443;5758400;0;0;0;0;5759723
892;gov2;IDX_SAWIT2;1000;4;1000;9100252;9100218;0;0;0;0;9100934
966;gov2;IDX_SAWIT2;1000;2;1000;626063;626034;0;0;0;0;626723
1113;gov2;IDX_SAWIT2;1000;2;1000;130884;130852;0;0;0;0;138463
1131;gov2;IDX_SAWIT2;1000;3;1000;2687825;2687791;0;0;0;0;2737598
1180;gov2;IDX_SAWIT2;1000;7;1000;4311390;4311337;0;0;0;0;4394191
1209;gov2;IDX_SAWIT2;1000;6;1000;2200813;2200761;0;0;0;0;2204375
1235;gov2;IDX_SAWIT2;1000;1;5;947;919;0;0;0;0;1515
1243;gov2;IDX_SAWIT2;1000;2;1000;146629;146612;0;0;0;0;147269
1248;gov2;IDX_SAWIT2;1000;4;1000;982977;982942;0;0;0;0;983659
1253;gov2;IDX_SAWIT2;1000;1;1000;207617;207590;0;0;0;0;208262
1264;gov2;IDX_SAWIT2;1000;3;1000;1696077;1696043;0;0;0;0;1699548
1286;gov2;IDX_SAWIT2;1000;5;1000;1469498;1469460;0;0;0;0;1472820
1412;gov2;IDX_SAWIT2;1000;2;1000;870821;870789;0;0;0;0;871479
1468;gov2;IDX_SAWIT2;1000;3;1000;7984249;7984215;0;0;0;0;7984892
1550;gov2;IDX_SAWIT2;1000;1;1000;230560;230533;0;0;0;0;240287
1551;gov2;IDX_SAWIT2;1000;1;1000;179815;179788;0;0;0;0;180457
1613;gov2;IDX_SAWIT2;1000;2;1000;765402;765371;0;0;0;0;766060
1661;gov2;IDX_SAWIT2;1000;2;1000;1048476;1048445;0;0;0;0;1051760
1796;gov2;IDX_SAWIT2;1000;2;1000;399803;399772;0;0;0;0;400452
1847;gov2;IDX_SAWIT2;1000;5;1000;898197;898157;0;0;0;0;898881
1903;gov2;IDX_SAWIT2;1000;5;1000;5865620;5865581;0;0;0;0;5866265
1969;gov2;IDX_SAWIT2;1000;2;1000;234449;234419;0;0;0;0;239527
2118;gov2;IDX_SAWIT2;1000;4;1000;3647878;3647842;0;0;0;0;3732943
2146;gov2;IDX_SAWIT2;1000;2;1000;220037;219996;0;0;0;0;220727
2217;gov2;IDX_SAWIT2;1000;3;1000;2212513;2212478;0;0;0;0;2245882
2271;gov2;IDX_SAWIT2;1000;2;1000;4189889;4189850;0;0;0;0;4190562
2321;gov2;IDX_SAWIT2;1000;4;1000;3735197;3735162;0;0;0;0;3817418
2343;gov2;IDX_SAWIT2;1000;6;1000;6195735;6195683;0;0;0;0;6323660
2348;gov2;IDX_SAWIT2;1000;3;1000;1427775;1427727;0;0;0;0;1431101
2383;gov2;IDX_SAWIT2;1000;3;1000;1247723;1247688;0;0;0;0;1250999
2388;gov2;IDX_SAWIT2;1000;3;1000;829679;829645;0;0;0;0;830357
2449;gov2;IDX_SAWIT2;1000;3;1000;3379849;3379815;0;0;0;0;3451225
2550;gov2;IDX_SAWIT2;1000;4;1000;1266330;1266282;0;0;0;0;1269571
2568;gov2;IDX_SAWIT2;1000;5;1000;2863486;2863447;0;0;0;0;2912465
2602;gov2;IDX_SAWIT2;1000;3;1000;1235059;1235016;0;0;0;0;1238262
2669;gov2;IDX_SAWIT2;1000;3;1000;1378793;1378759;0;0;0;0;1382046
2761;gov2;IDX_SAWIT2;1000;2;1000;108576;108544;0;0;0;0;109230
2825;gov2;IDX_SAWIT2;1000;2;1000;1641088;1641057;0;0;0;0;1644693
2826;gov2;IDX_SAWIT2;1000;1;1000;107763;107735;0;0;0;0;108357
2828;gov2;IDX_SAWIT2;1000;3;1000;2904955;2904921;0;0;0;0;2958737
3064;gov2;IDX_SAWIT2;1000;1;54;7400;7362;0;0;0;0;8029
3068;gov2;IDX_SAWIT2;1000;1;615;60899;60884;0;0;0;0;61535
3091;gov2;IDX_SAWIT2;1000;5;1000;1610419;1610382;0;0;0;0;1613711
3161;gov2;IDX_SAWIT2;1000;1;1000;100937;100910;0;0;0;0;101591
3234;gov2;IDX_SAWIT2;1000;4;1000;1013499;1013464;0;0;0;0;1014156
3281;gov2;IDX_SAWIT2;1000;3;1000;859069;859036;0;0;0;0;859729
3398;gov2;IDX_SAWIT2;1000;1;1000;2245768;2245740;0;0;0;0;2299134
3421;gov2;IDX_SAWIT2;1000;5;1000;2298255;2298205;0;0;0;0;2342094
3443;gov2;IDX_SAWIT2;1000;6;1000;5511517;5511464;0;0;0;0;5622755
3628;gov2;IDX_SAWIT2;1000;3;1000;1316938;1316889;0;0;0;0;1320230
3764;gov2;IDX_SAWIT2;1000;1;1000;100919;100881;0;0;0;0;101576
3828;gov2;IDX_SAWIT2;1000;2;1000;139496;139464;0;0;0;0;140157
3845;gov2;IDX_SAWIT2;1000;2;1000;1309162;1309131;0;0;0;0;1312599
3895;gov2;IDX_SAWIT2;1000;3;1000;1092846;1092811;0;0;0;0;1095989
3942;gov2;IDX_SAWIT2;1000;3;1000;1757493;1757459;0;0;0;0;1761064
3950;gov2;IDX_SAWIT2;1000;5;1000;5607759;5607721;0;0;0;0;5608415
3972;gov2;IDX_SAWIT2;1000;2;1000;331555;331525;0;0;0;0;332212
4001;gov2;IDX_SAWIT2;1000;5;1000;2144963;2144923;0;0;0;0;2179734
4151;gov2;IDX_SAWIT2;1000;2;1000;111731;111693;0;0;0;0;112421
4153;gov2;IDX_SAWIT2;1000;3;1000;1700129;1700094;0;0;0;0;1703665
4172;gov2;IDX_SAWIT2;1000;2;1000;2055026;2054983;0;0;0;0;2093792
4212;gov2;IDX_SAWIT2;1000;2;1000;161304;161263;0;0;0;0;161991
4234;gov2;IDX_SAWIT2;1000;3;1000;1202474;1202440;0;0;0;0;1205653
4290;gov2;IDX_SAWIT2;1000;1;1000;92352;92324;0;0;0;0;93017
4379;gov2;IDX_SAWIT2;1000;4;1000;4089144;4089108;0;0;0;0;4164744
4521;gov2;IDX_SAWIT2;1000;3;1000;832007;831964;0;0;0;0;832696
4526;gov2;IDX_SAWIT2;1000;2;1000;213570;213537;0;0;0;0;214229
4580;gov2;IDX_SAWIT2;1000;2;1000;123413;123381;0;0;0;0;124062
4684;gov2;IDX_SAWIT2;1000;1;59;6119;6091;0;0;0;0;6699
4688;gov2;IDX_SAWIT2;1000;3;1000;255118;255098;0;0;0;0;255762
4720;gov2;IDX_SAWIT2;1000;1;27;2835;2808;0;0;0;0;3401
4802;gov2;IDX_SAWIT2;1000;2;1000;155390;155373;0;0;0;0;155995
4829;gov2;IDX_SAWIT2;1000;1;9;1346;1317;0;0;0;0;1925
4846;gov2;IDX_SAWIT2;1000;3;1000;2183296;2183277;0;0;0;0;2215039
4855;gov2;IDX_SAWIT2;1000;2;1000;179131;179091;0;0;0;0;179819
4942;gov2;IDX_SAWIT2;1000;4;1000;481503;481466;0;0;0;0;482162
5001;gov2;IDX_SAWIT2;1000;1;1000;107509;107481;0;0;0;0;108159
5005;gov2;IDX_SAWIT2;1000;3;1000;3028779;3028745;0;0;0;0;3080778
5016;gov2;IDX_SAWIT2;1000;2;1000;1046096;1046056;0;0;0;0;1049278
5023;gov2;IDX_SAWIT2;1000;3;1000;246744;246709;0;0;0;0;247417
5036;gov2;IDX_SAWIT2;1000;3;1000;1062375;1062342;0;0;0;0;1065423
5183;gov2;IDX_SAWIT2;1000;2;1000;840419;840388;0;0;0;0;843385
5209;gov2;IDX_SAWIT2;1000;3;1000;3809166;3809133;0;0;0;0;3886595
5241;gov2;IDX_SAWIT2;1000;2;1000;1315917;1315875;0;0;0;0;1319315
5274;gov2;IDX_SAWIT2;1000;6;1000;9330575;9330534;0;0;0;0;9331233
5302;gov2;IDX_SAWIT2;1000;2;1000;2473231;2473200;0;0;0;0;2507702
5332;gov2;IDX_SAWIT2;1000;3;1000;660627;660580;0;0;0;0;661319
5336;gov2;IDX_SAWIT2;1000;2;1000;250621;250590;0;0;0;0;251309
5340;gov2;IDX_SAWIT2;1000;3;1000;4581570;4581536;0;0;0;0;4675687
70;gov2;IDX_SAWIT2;1000;2;1000;424546;424505;0;0;0;0;425274
211;gov2;IDX_SAWIT2;1000;3;1000;1688966;1688932;0;0;0;0;1692516
257;gov2;IDX_SAWIT2;1000;2;107;13355;13321;0;0;0;0;13953
259;gov2;IDX_SAWIT2;1000;3;1000;595730;595709;0;0;0;0;596397
450;gov2;IDX_SAWIT2;1000;2;1000;241347;241315;0;0;0;0;242039
527;gov2;IDX_SAWIT2;1000;2;1000;168175;168144;0;0;0;0;168848
591;gov2;IDX_SAWIT2;1000;3;1000;540443;540410;0;0;0;0;541117
626;gov2;IDX_SAWIT2;1000;2;1000;865313;865282;0;0;0;0;868570
717;gov2;IDX_SAWIT2;1000;1;1000;214211;214184;0;0;0;0;214897
736;gov2;IDX_SAWIT2;1000;4;1000;1411016;1410979;0;0;0;0;1414371
775;gov2;IDX_SAWIT2;1000;8;1000;5757160;5757117;0;0;0;0;5758466
892;gov2;IDX_SAWIT2;1000;4;1000;9102135;9102101;0;0;0;0;9102788
966;gov2;IDX_SAWIT2;1000;2;1000;625740;625710;0;0;0;0;626384
1113;gov2;IDX_SAWIT2;1000;2;1000;130798;130769;0;0;0;0;138387
1131;gov2;IDX_SAWIT2;1000;3;1000;2687612;2687580;0;0;0;0;2736378
1180;gov2;IDX_SAWIT2;1000;7;1000;4309648;4309596;0;0;0;0;4391927
1209;gov2;IDX_SAWIT2;1000;6;1000;2200286;2200236;0;0;0;0;2203876
1235;gov2;IDX_SAWIT2;1000;1;5;958;930;0;0;0;0;1524
1243;gov2;IDX_SAWIT2;1000;2;1000;146671;146656;0;0;0;0;147374
1248;gov2;IDX_SAWIT2;1000;4;1000;982993;982958;0;0;0;0;983708
1253;gov2;IDX_SAWIT2;1000;1;1000;207705;207678;0;0;0;0;208386
1264;gov2;IDX_SAWIT2;1000;3;1000;1695675;1695641;0;0;0;0;1699140
1286;gov2;IDX_SAWIT2;1000;5;1000;1469487;1469448;0;0;0;0;1472871
1412;gov2;IDX_SAWIT2;1000;2;1000;870508;870477;0;0;0;0;871184
1468;gov2;IDX_SAWIT2;1000;3;1000;7981899;7981865;0;0;0;0;7982599
1550;gov2;IDX_SAWIT2;1000;1;1000;230680;230653;0;0;0;0;240441
1551;gov2;IDX_SAWIT2;1000;1;1000;179903;179874;0;0;0;0;180576
1613;gov2;IDX_SAWIT2;1000;2;1000;764753;764721;0;0;0;0;765444
1661;gov2;IDX_SAWIT2;1000;2;1000;1047025;1046993;0;0;0;0;1050339
1796;gov2;IDX_SAWIT2;1000;2;1000;400423;400391;0;0;0;0;401090
1847;gov2;IDX_SAWIT2;1000;5;1000;898404;898366;0;0;0;0;899067
1903;gov2;IDX_SAWIT2;1000;5;1000;5864091;5864052;0;0;0;0;5864762
1969;gov2;IDX_SAWIT2;1000;2;1000;234810;234779;0;0;0;0;240030
2118;gov2;IDX_SAWIT2;1000;4;1000;3647713;3647677;0;0;0;0;3731817
2146;gov2;IDX_SAWIT2;1000;2;1000;220800;220757;0;0;0;0;221478
2217;gov2;IDX_SAWIT2;1000;3;1000;2212390;2212355;0;0;0;0;2245800
2271;gov2;IDX_SAWIT2;1000;2;1000;4188638;4188599;0;0;0;0;4189311
2321;gov2;IDX_SAWIT2;1000;4;1000;3733699;3733663;0;0;0;0;3814638
2343;gov2;IDX_SAWIT2;1000;6;1000;6196352;6196301;0;0;0;0;6323096
2348;gov2;IDX_SAWIT2;1000;3;1000;1429955;1429910;0;0;0;0;1433319
2383;gov2;IDX_SAWIT2;1000;3;1000;1247525;1247492;0;0;0;0;1250812
2388;gov2;IDX_SAWIT2;1000;3;1000;831209;831175;0;0;0;0;831866
2449;gov2;IDX_SAWIT2;1000;3;1000;3380366;3380334;0;0;0;0;3449897
2550;gov2;IDX_SAWIT2;1000;4;1000;1264002;1263954;0;0;0;0;1267249
2568;gov2;IDX_SAWIT2;1000;5;1000;2863680;2863642;0;0;0;0;2911498
2602;gov2;IDX_SAWIT2;1000;3;1000;1234460;1234413;0;0;0;0;1237683
2669;gov2;IDX_SAWIT2;1000;3;1000;1378877;1378843;0;0;0;0;1382130
2761;gov2;IDX_SAWIT2;1000;2;1000;108653;108621;0;0;0;0;109326
2825;gov2;IDX_SAWIT2;1000;2;1000;1639566;1639536;0;0;0;0;1643161
2826;gov2;IDX_SAWIT2;1000;1;1000;108127;108099;0;0;0;0;108785
2828;gov2;IDX_SAWIT2;1000;3;1000;2903863;2903829;0;0;0;0;2957326
3064;gov2;IDX_SAWIT2;1000;1;54;7368;7330;0;0;0;0;8009
3068;gov2;IDX_SAWIT2;1000;1;615;57239;57224;0;0;0;0;57892
3091;gov2;IDX_SAWIT2;1000;5;1000;1609709;1609671;0;0;0;0;1613043
3161;gov2;IDX_SAWIT2;1000;1;1000;101171;101144;0;0;0;0;101764
3234;gov2;IDX_SAWIT2;1000;4;1000;1013287;1013252;0;0;0;0;1013961
3281;gov2;IDX_SAWIT2;1000;3;1000;858273;858240;0;0;0;0;858949
3398;gov2;IDX_SAWIT2;1000;1;1000;2244992;2244965;0;0;0;0;2298903
3421;gov2;IDX_SAWIT2;1000;5;1000;2320606;2320558;0;0;0;0;2365412
3443;gov2;IDX_SAWIT2;1000;6;1000;5688017;5687965;0;0;0;0;5795489
3628;gov2;IDX_SAWIT2;1000;3;1000;1317613;1317572;0;0;0;0;1320897
3764;gov2;IDX_SAWIT2;1000;1;1000;100754;100726;0;0;0;0;101413
3828;gov2;IDX_SAWIT2;1000;2;1000;139013;138982;0;0;0;0;139683
3845;gov2;IDX_SAWIT2;1000;2;1000;1310106;1310075;0;0;0;0;1313478
3895;gov2;IDX_SAWIT2;1000;3;1000;1093028;1092993;0;0;0;0;1096148
3942;gov2;IDX_SAWIT2;1000;3;1000;1760753;1760719;0;0;0;0;1764252
3950;gov2;IDX_SAWIT2;1000;5;1000;5607638;5607601;0;0;0;0;5608275
3972;gov2;IDX_SAWIT2;1000;2;1000;331100;331070;0;0;0;0;331783
4001;gov2;IDX_SAWIT2;1000;5;1000;2145936;2145898;0;0;0;0;2179908
4151;gov2;IDX_SAWIT2;1000;2;1000;110510;110469;0;0;0;0;111211
4153;gov2;IDX_SAWIT2;1000;3;1000;1700447;1700413;0;0;0;0;1703988
4172;gov2;IDX_SAWIT2;1000;2;1000;2053908;2053875;0;0;0;0;2095793
4212;gov2;IDX_SAWIT2;1000;2;1000;160407;160366;0;0;0;0;161084
4234;gov2;IDX_SAWIT2;1000;3;1000;1202487;1202453;0;0;0;0;1205685
4290;gov2;IDX_SAWIT2;1000;1;1000;92531;92502;0;0;0;0;93189
4379;gov2;IDX_SAWIT2;1000;4;1000;4215651;4215615;0;0;0;0;4291549
4521;gov2;IDX_SAWIT2;1000;3;1000;831936;831889;0;0;0;0;832616
4526;gov2;IDX_SAWIT2;1000;2;1000;213159;213128;0;0;0;0;213828
4580;gov2;IDX_SAWIT2;1000;2;1000;123309;123278;0;0;0;0;123995
4684;gov2;IDX_SAWIT2;1000;1;59;6114;6086;0;0;0;0;6711
4688;gov2;IDX_SAWIT2;1000;3;1000;254703;254683;0;0;0;0;255374
4720;gov2;IDX_SAWIT2;1000;1;27;2857;2828;0;0;0;0;3452
4802;gov2;IDX_SAWIT2;1000;2;1000;155628;155610;0;0;0;0;156288
4829;gov2;IDX_SAWIT2;1000;1;9;1357;1329;0;0;0;0;1962
4846;gov2;IDX_SAWIT2;1000;3;1000;2183463;2183443;0;0;0;0;2215304
4855;gov2;IDX_SAWIT2;1000;2;1000;178981;178944;0;0;0;0;179681
4942;gov2;IDX_SAWIT2;1000;4;1000;481363;481326;0;0;0;0;482042
5001;gov2;IDX_SAWIT2;1000;1;1000;108031;108003;0;0;0;0;108688
5005;gov2;IDX_SAWIT2;1000;3;1000;3033953;3033918;0;0;0;0;3085254
5016;gov2;IDX_SAWIT2;1000;2;1000;1045452;1045381;0;0;0;0;1048718
5023;gov2;IDX_SAWIT2;1000;3;1000;246680;246645;0;0;0;0;247372
5036;gov2;IDX_SAWIT2;1000;3;1000;1062869;1062835;0;0;0;0;1065970
5183;gov2;IDX_SAWIT2;1000;2;1000;838344;838312;0;0;0;0;841379
5209;gov2;IDX_SAWIT2;1000;3;1000;3807569;3807535;0;0;0;0;3884474
5241;gov2;IDX_SAWIT2;1000;2;1000;1319808;1319741;0;0;0;0;1323206
5274;gov2;IDX_SAWIT2;1000;6;1000;9391314;9391274;0;0;0;0;9391995
5302;gov2;IDX_SAWIT2;1000;2;1000;2502464;2502432;0;0;0;0;2534998
5332;gov2;IDX_SAWIT2;1000;3;1000;661836;661794;0;0;0;0;662527
5336;gov2;IDX_SAWIT2;1000;2;1000;250195;250164;0;0;0;0;250869
5340;gov2;IDX_SAWIT2;1000;3;1000;4690968;4690934;0;0;0;0;4784846
70;gov2;IDX_SAWIT2;1000;2;1000;423764;423723;0;0;0;0;424449
211;gov2;IDX_SAWIT2;1000;3;1000;1695585;1695551;0;0;0;0;1699123
257;gov2;IDX_SAWIT2;1000;2;107;13383;13349;0;0;0;0;13979
259;gov2;IDX_SAWIT2;1000;3;1000;595271;595249;0;0;0;0;595928
450;gov2;IDX_SAWIT2;1000;2;1000;241055;241024;0;0;0;0;241725
527;gov2;IDX_SAWIT2;1000;2;1000;168041;168011;0;0;0;0;168706
591;gov2;IDX_SAWIT2;1000;3;1000;539840;539806;0;0;0;0;540514
626;gov2;IDX_SAWIT2;1000;2;1000;866168;866137;0;0;0;0;869413
717;gov2;IDX_SAWIT2;1000;1;1000;213443;213415;0;0;0;0;214082
736;gov2;IDX_SAWIT2;1000;4;1000;1412035;1412000;0;0;0;0;1415346
775;gov2;IDX_SAWIT2;1000;8;1000;5760173;5760121;0;0;0;0;5761455
892;gov2;IDX_SAWIT2;1000;4;1000;9111100;9111066;0;0;0;0;9307106
966;gov2;IDX_SAWIT2;1000;2;1000;443162;443119;0;0;0;0;443863
1113;gov2;IDX_SAWIT2;1000;2;1000;130424;130394;0;0;0;0;131096
1131;gov2;IDX_SAWIT2;1000;3;1000;2684933;2684899;0;0;0;0;2734938
1180;gov2;IDX_SAWIT2;1000;7;1000;4308080;4308029;0;0;0;0;4391485
1209;gov2;IDX_SAWIT2;1000;6;1000;2201149;2201099;0;0;0;0;2204732
1235;gov2;IDX_SAWIT2;1000;1;5;952;923;0;0;0;0;1507
1243;gov2;IDX_SAWIT2;1000;2;1000;146458;146441;0;0;0;0;147096
1248;gov2;IDX_SAWIT2;1000;4;1000;982996;982962;0;0;0;0;983670
1253;gov2;IDX_SAWIT2;1000;1;1000;207296;207268;0;0;0;0;207977
1264;gov2;IDX_SAWIT2;1000;3;1000;1697550;1697515;0;0;0;0;1700994
1286;gov2;IDX_SAWIT2;1000;5;1000;1468991;1468953;0;0;0;0;1472421
1412;gov2;IDX_SAWIT2;1000;2;1000;870277;870245;0;0;0;0;870945
1468;gov2;IDX_SAWIT2;1000;3;1000;7985802;7985769;0;0;0;0;7986407
1550;gov2;IDX_SAWIT2;1000;1;1000;230806;230779;0;0;0;0;240512
1551;gov2;IDX_SAWIT2;1000;1;1000;180249;180221;0;0;0;0;180925
1613;gov2;IDX_SAWIT2;1000;2;1000;765100;765068;0;0;0;0;765775
1661;gov2;IDX_SAWIT2;1000;2;1000;1047996;1047964;0;0;0;0;1051296
1796;gov2;IDX_SAWIT2;1000;2;1000;399230;399199;0;0;0;0;399919
1847;gov2;IDX_SAWIT2;1000;5;1000;898878;898840;0;0;0;0;899556
1903;gov2;IDX_SAWIT2;1000;5;1000;5869448;5869410;0;0;0;0;5870123
1969;gov2;IDX_SAWIT2;1000;2;1000;235041;235011;0;0;0;0;239052
2118;gov2;IDX_SAWIT2;1000;4;1000;3646043;3646007;0;0;0;0;3730611
2146;gov2;IDX_SAWIT2;1000;2;1000;219806;219766;0;0;0;0;220529
2217;gov2;IDX_SAWIT2;1000;3;1000;2213008;2212973;0;0;0;0;2245925
2271;gov2;IDX_SAWIT2;1000;2;1000;4188703;4188661;0;0;0;0;4189385
2321;gov2;IDX_SAWIT2;1000;4;1000;3732841;3732807;0;0;0;0;3813308
2343;gov2;IDX_SAWIT2;1000;6;1000;6197624;6197572;0;0;0;0;6324296
2348;gov2;IDX_SAWIT2;1000;3;1000;1429657;1429614;0;0;0;0;1433006
2383;gov2;IDX_SAWIT2;1000;3;1000;1248167;1248134;0;0;0;0;1251462
2388;gov2;IDX_SAWIT2;1000;3;1000;831817;831782;0;0;0;0;832484
2449;gov2;IDX_SAWIT2;1000;3;1000;3383322;3383289;0;0;0;0;3453819
2550;gov2;IDX_SAWIT2;1000;4;1000;1265155;1265109;0;0;0;0;1268424
2568;gov2;IDX_SAWIT2;1000;5;1000;2863891;2863851;0;0;0;0;2912599
2602;gov2;IDX_SAWIT2;1000;3;1000;1234181;1234134;0;0;0;0;1237420
2669;gov2;IDX_SAWIT2;1000;3;1000;1379578;1379544;0;0;0;0;1382849
2761;gov2;IDX_SAWIT2;1000;2;1000;108582;108550;0;0;0;0;109255
2825;gov2;IDX_SAWIT2;1000;2;1000;1639721;1639690;0;0;0;0;1643323
2826;gov2;IDX_SAWIT2;1000;1;1000;107679;107651;0;0;0;0;108332
2828;gov2;IDX_SAWIT2;1000;3;1000;2911521;2911487;0;0;0;0;2963532
3064;gov2;IDX_SAWIT2;1000;1;54;8012;7971;0;0;0;0;8673
3068;gov2;IDX_SAWIT2;1000;1;615;58853;58837;0;0;0;0;59500
3091;gov2;IDX_SAWIT2;1000;5;1000;1609675;1609638;0;0;0;0;1612965
3161;gov2;IDX_SAWIT2;1000;1;1000;100949;100921;0;0;0;0;101619
3234;gov2;IDX_SAWIT2;1000;4;1000;1013228;1013192;0;0;0;0;1013906
3281;gov2;IDX_SAWIT2;1000;3;1000;861755;861722;0;0;0;0;862434
3398;gov2;IDX_SAWIT2;1000;1;1000;2246047;2246018;0;0;0;0;2300575
3421;gov2;IDX_SAWIT2;1000;5;1000;2296184;2296133;0;0;0;0;2341269
3443;gov2;IDX_SAWIT2;1000;6;1000;5510321;5510271;0;0;0;0;5617716
3628;gov2;IDX_SAWIT2;1000;3;1000;1317491;1317449;0;0;0;0;1320747
3764;gov2;IDX_SAWIT2;1000;1;1000;100785;100757;0;0;0;0;101449
3828;gov2;IDX_SAWIT2;1000;2;1000;139002;138969;0;0;0;0;139664
3845;gov2;IDX_SAWIT2;1000;2;1000;1309702;1309669;0;0;0;0;1313126
3895;gov2;IDX_SAWIT2;1000;3;1000;1092434;1092399;0;0;0;0;1095586
3942;gov2;IDX_SAWIT2;1000;3;1000;1760628;1760594;0;0;0;0;1764147
3950;gov2;IDX_SAWIT2;1000;5;1000;5606894;5606846;0;0;0;0;5607539
3972;gov2;IDX_SAWIT2;1000;2;1000;330838;330809;0;0;0;0;331513
4001;gov2;IDX_SAWIT2;1000;5;1000;2145323;2145286;0;0;0;0;2179642
4151;gov2;IDX_SAWIT2;1000;2;1000;110567;110529;0;0;0;0;111212
4153;gov2;IDX_SAWIT2;1000;3;1000;1700245;1700211;0;0;0;0;1703790
4172;gov2;IDX_SAWIT2;1000;2;1000;2053747;2053714;0;0;0;0;2092438
4212;gov2;IDX_SAWIT2;1000;2;1000;161205;161165;0;0;0;0;161905
4234;gov2;IDX_SAWIT2;1000;3;1000;1202894;1202860;0;0;0;0;1206074
4290;gov2;IDX_SAWIT2;1000;1;1000;92463;92434;0;0;0;0;93135
4379;gov2;IDX_SAWIT2;1000;4;1000;4089526;4089489;0;0;0;0;4164887
4521;gov2;IDX_SAWIT2;1000;3;1000;833228;833182;0;0;0;0;833942
4526;gov2;IDX_SAWIT2;1000;2;1000;213066;213034;0;0;0;0;213747
4580;gov2;IDX_SAWIT2;1000;2;1000;123262;123231;0;0;0;0;123934
4684;gov2;IDX_SAWIT2;1000;1;59;6117;6088;0;0;0;0;6724
4688;gov2;IDX_SAWIT2;1000;3;1000;254623;254604;0;0;0;0;255293
4720;gov2;IDX_SAWIT2;1000;1;27;2846;2818;0;0;0;0;3445
4802;gov2;IDX_SAWIT2;1000;2;1000;155423;155406;0;0;0;0;156065
4829;gov2;IDX_SAWIT2;1000;1;9;1351;1324;0;0;0;0;1926
4846;gov2;IDX_SAWIT2;1000;3;1000;2183625;2183605;0;0;0;0;2214974
4855;gov2;IDX_SAWIT2;1000;2;1000;178926;178883;0;0;0;0;179602
4942;gov2;IDX_SAWIT2;1000;4;1000;481195;481159;0;0;0;0;481850
5001;gov2;IDX_SAWIT2;1000;1;1000;107477;107450;0;0;0;0;108151
5005;gov2;IDX_SAWIT2;1000;3;1000;3028721;3028687;0;0;0;0;3081156
5016;gov2;IDX_SAWIT2;1000;2;1000;1045328;1045284;0;0;0;0;1048542
5023;gov2;IDX_SAWIT2;1000;3;1000;246985;246952;0;0;0;0;247649
5036;gov2;IDX_SAWIT2;1000;3;1000;1061711;1061677;0;0;0;0;1064799
5183;gov2;IDX_SAWIT2;1000;2;1000;838440;838408;0;0;0;0;841469
5209;gov2;IDX_SAWIT2;1000;3;1000;3807454;3807419;0;0;0;0;3884918
5241;gov2;IDX_SAWIT2;1000;2;1000;1316623;1316580;0;0;0;0;1320018
5274;gov2;IDX_SAWIT2;1000;6;1000;9332542;9332501;0;0;0;0;9333201
5302;gov2;IDX_SAWIT2;1000;2;1000;2471203;2471172;0;0;0;0;2503629
5332;gov2;IDX_SAWIT2;1000;3;1000;661537;661492;0;0;0;0;662231
5336;gov2;IDX_SAWIT2;1000;2;1000;250678;250646;0;0;0;0;251342
5340;gov2;IDX_SAWIT2;1000;3;1000;4582374;4582341;0;0;0;0;4676597
