68;gov2;IDX_SAWIT2;10;4;10;25543;25513;4912;0;0;0;26943
250;gov2;IDX_SAWIT2;10;6;10;8319645;8319617;1494038;0;0;0;8376533
503;gov2;IDX_SAWIT2;10;4;10;371507;371463;77409;0;0;0;372166
561;gov2;IDX_SAWIT2;10;8;10;9715336;9715291;1506050;0;0;0;9721987
683;gov2;IDX_SAWIT2;10;5;10;1419645;1419605;251429;0;0;0;1420298
918;gov2;IDX_SAWIT2;10;7;10;1845827;1845786;261916;0;0;0;1846497
1153;gov2;IDX_SAWIT2;10;5;10;379981;379943;67821;0;0;0;380636
1178;gov2;IDX_SAWIT2;10;6;10;938462;938423;156858;0;0;0;939130
1206;gov2;IDX_SAWIT2;10;4;10;3912200;3912165;961760;0;0;0;3974437
1394;gov2;IDX_SAWIT2;10;5;5;7947;7897;887;0;0;0;8602
1465;gov2;IDX_SAWIT2;10;3;10;154419;154377;36846;0;0;0;155075
1734;gov2;IDX_SAWIT2;10;4;10;271658;271622;63814;0;0;0;272310
1847;gov2;IDX_SAWIT2;10;4;10;3246299;3246265;785589;0;0;0;3302797
1984;gov2;IDX_SAWIT2;10;2;10;75638;75598;21447;0;0;0;76322
2007;gov2;IDX_SAWIT2;10;4;10;418142;418107;94983;0;0;0;418811
2127;gov2;IDX_SAWIT2;10;9;10;733414;733367;82927;0;0;0;734092
2176;gov2;IDX_SAWIT2;10;4;10;3037494;3037458;740794;0;0;0;3096865
2198;gov2;IDX_SAWIT2;10;4;9;22537;22491;3884;0;0;0;23200
2203;gov2;IDX_SAWIT2;10;2;10;541762;541739;196948;0;0;0;542446
2244;gov2;IDX_SAWIT2;10;3;10;1415689;1415655;355861;0;0;0;1416382
2388;gov2;IDX_SAWIT2;10;2;10;86901;86870;28550;0;0;0;87564
2440;gov2;IDX_SAWIT2;10;3;10;1371579;1371546;342703;0;0;0;1372262
2653;gov2;IDX_SAWIT2;10;5;10;1389715;1389677;251048;0;0;0;1390379
2875;gov2;IDX_SAWIT2;10;4;10;659455;659420;138591;0;0;0;660112
2896;gov2;IDX_SAWIT2;10;3;10;1789851;1789817;456180;0;0;0;1792891
3219;gov2;IDX_SAWIT2;10;5;10;203836;203797;36595;0;0;0;204506
3414;gov2;IDX_SAWIT2;10;4;10;1121953;1121918;254224;0;0;0;1122618
3605;gov2;IDX_SAWIT2;10;4;10;890119;890085;201877;0;0;0;890761
3622;gov2;IDX_SAWIT2;10;4;10;797465;797430;179388;0;0;0;798124
3768;gov2;IDX_SAWIT2;10;4;10;394092;394057;87214;0;0;0;394784
3910;gov2;IDX_SAWIT2;10;6;10;647580;647542;100776;0;0;0;648232
3931;gov2;IDX_SAWIT2;10;4;10;8674673;8674639;2199651;0;0;0;8921776
4257;gov2;IDX_SAWIT2;10;2;10;44964;44925;13251;0;0;0;45613
4314;gov2;IDX_SAWIT2;10;3;10;41777;41744;10849;0;0;0;42444
4411;gov2;IDX_SAWIT2;10;3;10;2104452;2104421;549052;0;0;0;2107685
4415;gov2;IDX_SAWIT2;10;3;10;507382;507347;128164;0;0;0;508065
4448;gov2;IDX_SAWIT2;10;6;10;4717924;4717884;838151;0;0;0;4721495
4523;gov2;IDX_SAWIT2;10;9;10;11541820;11541773;1584983;0;0;0;11547683
4572;gov2;IDX_SAWIT2;10;5;10;602513;602474;115168;0;0;0;603139
4708;gov2;IDX_SAWIT2;10;3;10;312805;312774;81433;0;0;0;313492
4712;gov2;IDX_SAWIT2;10;2;10;61957;61927;20227;0;0;0;62622
4720;gov2;IDX_SAWIT2;10;3;10;20099;20067;5101;0;0;0;20663
4727;gov2;IDX_SAWIT2;10;5;10;562630;562607;101792;0;0;0;563270
4740;gov2;IDX_SAWIT2;10;3;8;103719;103686;24187;0;0;0;104375
4875;gov2;IDX_SAWIT2;10;2;10;305206;305175;98781;0;0;0;305862
4956;gov2;IDX_SAWIT2;10;3;10;1497255;1497222;406786;0;0;0;1500512
4983;gov2;IDX_SAWIT2;10;9;10;1685441;1685396;198859;0;0;0;1686126
5013;gov2;IDX_SAWIT2;10;3;10;82843;82810;21022;0;0;0;83494
5017;gov2;IDX_SAWIT2;10;5;10;365732;365694;70479;0;0;0;366399
5138;gov2;IDX_SAWIT2;10;3;0;495;462;54;0;0;0;1097
5258;gov2;IDX_SAWIT2;10;6;10;2761412;2761387;472249;0;0;0;2762065
5884;gov2;IDX_SAWIT2;10;6;10;7387470;7387432;1294409;0;0;0;7388123
5927;gov2;IDX_SAWIT2;10;16;2;162255;162196;11255;0;0;0;162888
5941;gov2;IDX_SAWIT2;10;3;10;25416;25384;5968;0;0;0;25987
5971;gov2;IDX_SAWIT2;10;12;10;516007;515965;49240;0;0;0;516640
6062;gov2;IDX_SAWIT2;10;4;10;476072;476038;94709;0;0;0;476727
6161;gov2;IDX_SAWIT2;10;3;10;204349;204317;49593;0;0;0;205015
6480;gov2;IDX_SAWIT2;10;2;10;65452;65421;20069;0;0;0;66086
6785;gov2;IDX_SAWIT2;10;3;10;484344;484313;118649;0;0;0;484988
6811;gov2;IDX_SAWIT2;10;5;10;5824951;5824913;1118950;0;0;0;5828795
7005;gov2;IDX_SAWIT2;10;4;10;444665;444630;103977;0;0;0;445302
7078;gov2;IDX_SAWIT2;10;5;10;2249947;2249911;411394;0;0;0;2250606
7172;gov2;IDX_SAWIT2;10;2;10;1078749;1078720;357532;0;0;0;1081813
7188;gov2;IDX_SAWIT2;10;4;10;856101;856066;193142;0;0;0;856698
7211;gov2;IDX_SAWIT2;10;4;10;1050530;1050497;218396;0;0;0;1051143
7450;gov2;IDX_SAWIT2;10;8;10;2021478;2021437;279214;0;0;0;2022134
7552;gov2;IDX_SAWIT2;10;3;10;166151;166117;38747;0;0;0;166795
7635;gov2;IDX_SAWIT2;10;1;10;1879;1857;721;0;0;0;2427
7712;gov2;IDX_SAWIT2;10;5;10;145902;145878;24470;0;0;0;146593
7956;gov2;IDX_SAWIT2;10;2;10;95775;95743;29861;0;0;0;96446
8018;gov2;IDX_SAWIT2;10;6;10;780034;779994;125181;0;0;0;780717
8847;gov2;IDX_SAWIT2;10;2;10;174411;174382;57581;0;0;0;175067
8946;gov2;IDX_SAWIT2;10;6;4;117189;117147;17212;0;0;0;117860
8961;gov2;IDX_SAWIT2;10;5;10;39930;39894;6508;0;0;0;40538
9061;gov2;IDX_SAWIT2;10;3;10;1331999;1331969;346379;0;0;0;1332641
9178;gov2;IDX_SAWIT2;10;4;10;969653;969619;217972;0;0;0;970299
9275;gov2;IDX_SAWIT2;10;4;10;617674;617640;138921;0;0;0;618354
9523;gov2;IDX_SAWIT2;10;5;10;6839384;6839349;1449095;0;0;0;6990970
9527;gov2;IDX_SAWIT2;10;6;10;1667338;1667291;282643;0;0;0;1668006
9535;gov2;IDX_SAWIT2;10;3;10;802585;802552;200001;0;0;0;803233
9540;gov2;IDX_SAWIT2;10;4;10;221538;221502;46005;0;0;0;222204
9726;gov2;IDX_SAWIT2;10;2;10;276027;275995;91820;0;0;0;276702
9730;gov2;IDX_SAWIT2;10;7;10;3346306;3346264;500998;0;0;0;3346949
9839;gov2;IDX_SAWIT2;10;4;10;2743007;2742966;617947;0;0;0;2746179
9840;gov2;IDX_SAWIT2;10;3;10;1078084;1078050;282381;0;0;0;1078749
9866;gov2;IDX_SAWIT2;10;4;10;174828;174792;37544;0;0;0;175484
9950;gov2;IDX_SAWIT2;10;3;10;115688;115654;29788;0;0;0;116364
9957;gov2;IDX_SAWIT2;10;2;10;52534;52504;17936;0;0;0;53169
9977;gov2;IDX_SAWIT2;10;3;10;21098;21067;5155;0;0;0;21659
9991;gov2;IDX_SAWIT2;10;9;2;1643093;1643059;180513;0;0;0;1643722
10021;gov2;IDX_SAWIT2;10;4;10;1185628;1185594;273800;0;0;0;1186322
10063;gov2;IDX_SAWIT2;10;3;10;997095;997061;249190;0;0;0;997766
10139;gov2;IDX_SAWIT2;10;3;10;66456;66423;16511;0;0;0;67113
10231;gov2;IDX_SAWIT2;10;8;10;20959;20915;2500;0;0;0;21549
10395;gov2;IDX_SAWIT2;10;3;10;85348;85324;21994;0;0;0;85996
10397;gov2;IDX_SAWIT2;10;6;10;946327;946286;158543;0;0;0;946997
10470;gov2;IDX_SAWIT2;10;4;10;2239100;2239064;515604;0;0;0;2242441
11060;gov2;IDX_SAWIT2;10;2;10;146665;146633;48630;0;0;0;147213
11077;gov2;IDX_SAWIT2;10;3;10;488616;488582;119440;0;0;0;489169
11155;gov2;IDX_SAWIT2;10;5;1;8274;8238;1306;0;0;0;8720
68;gov2;IDX_SAWIT2;10;4;10;24449;24428;4912;0;0;0;24914
250;gov2;IDX_SAWIT2;10;6;10;8331948;8331916;1494038;0;0;0;8388955
503;gov2;IDX_SAWIT2;10;4;10;369143;369094;77409;0;0;0;369828
561;gov2;IDX_SAWIT2;10;8;10;9715834;9715790;1506050;0;0;0;9722402
683;gov2;IDX_SAWIT2;10;5;10;1420322;1420282;251429;0;0;0;1420990
918;gov2;IDX_SAWIT2;10;7;10;1845671;1845630;261916;0;0;0;1846335
1153;gov2;IDX_SAWIT2;10;5;10;380365;380327;67821;0;0;0;381037
1178;gov2;IDX_SAWIT2;10;6;10;938144;938104;156858;0;0;0;938814
1206;gov2;IDX_SAWIT2;10;4;10;3912664;3912628;961760;0;0;0;3974999
1394;gov2;IDX_SAWIT2;10;5;5;7461;7410;887;0;0;0;8104
1465;gov2;IDX_SAWIT2;10;3;10;154926;154906;36846;0;0;0;155569
1734;gov2;IDX_SAWIT2;10;4;10;271230;271194;63814;0;0;0;271894
1847;gov2;IDX_SAWIT2;10;4;10;3246879;3246844;785589;0;0;0;3303594
1984;gov2;IDX_SAWIT2;10;2;10;75643;75599;21447;0;0;0;76310
2007;gov2;IDX_SAWIT2;10;4;10;418314;418279;94983;0;0;0;419002
2127;gov2;IDX_SAWIT2;10;9;10;733529;733482;82927;0;0;0;734202
2176;gov2;IDX_SAWIT2;10;4;10;3038068;3038033;740794;0;0;0;3097538
2198;gov2;IDX_SAWIT2;10;4;9;22533;22485;3884;0;0;0;23156
2203;gov2;IDX_SAWIT2;10;2;10;541924;541902;196948;0;0;0;542583
2244;gov2;IDX_SAWIT2;10;3;10;1416445;1416411;355861;0;0;0;1417108
2388;gov2;IDX_SAWIT2;10;2;10;86859;86828;28550;0;0;0;87530
2440;gov2;IDX_SAWIT2;10;3;10;1372235;1372202;342703;0;0;0;1372894
2653;gov2;IDX_SAWIT2;10;5;10;1390126;1390088;251048;0;0;0;1390803
2875;gov2;IDX_SAWIT2;10;4;10;659667;659633;138591;0;0;0;660308
2896;gov2;IDX_SAWIT2;10;3;10;1789972;1789938;456180;0;0;0;1793027
3219;gov2;IDX_SAWIT2;10;5;10;203655;203615;36595;0;0;0;204348
3414;gov2;IDX_SAWIT2;10;4;10;1121924;1121888;254224;0;0;0;1122592
3605;gov2;IDX_SAWIT2;10;4;10;890133;890100;201877;0;0;0;890798
3622;gov2;IDX_SAWIT2;10;4;10;797721;797687;179388;0;0;0;798364
3768;gov2;IDX_SAWIT2;10;4;10;393616;393581;87214;0;0;0;394278
3910;gov2;IDX_SAWIT2;10;6;10;649112;649074;100776;0;0;0;649748
3931;gov2;IDX_SAWIT2;10;4;10;8653204;8653170;2199651;0;0;0;8901104
4257;gov2;IDX_SAWIT2;10;2;10;46185;46146;13251;0;0;0;46826
4314;gov2;IDX_SAWIT2;10;3;10;41770;41737;10849;0;0;0;42366
4411;gov2;IDX_SAWIT2;10;3;10;2106135;2106104;549052;0;0;0;2109324
4415;gov2;IDX_SAWIT2;10;3;10;507806;507746;128164;0;0;0;508464
4448;gov2;IDX_SAWIT2;10;6;10;4730822;4730784;838151;0;0;0;4734379
4523;gov2;IDX_SAWIT2;10;9;10;11540503;11540457;1584983;0;0;0;11541161
4572;gov2;IDX_SAWIT2;10;5;10;605792;605754;115168;0;0;0;606501
4708;gov2;IDX_SAWIT2;10;3;10;312851;312817;81433;0;0;0;313512
4712;gov2;IDX_SAWIT2;10;2;10;61909;61879;20227;0;0;0;62575
4720;gov2;IDX_SAWIT2;10;3;10;20103;20069;5101;0;0;0;20685
4727;gov2;IDX_SAWIT2;10;5;10;562969;562944;101792;0;0;0;563623
4740;gov2;IDX_SAWIT2;10;3;8;103816;103783;24187;0;0;0;104476
4875;gov2;IDX_SAWIT2;10;2;10;304525;304494;98781;0;0;0;305183
4956;gov2;IDX_SAWIT2;10;3;10;1496881;1496847;406786;0;0;0;1500309
4983;gov2;IDX_SAWIT2;10;9;10;1684812;1684765;198859;0;0;0;1685484
5013;gov2;IDX_SAWIT2;10;3;10;82788;82757;21022;0;0;0;83409
5017;gov2;IDX_SAWIT2;10;5;10;365761;365726;70479;0;0;0;366370
5138;gov2;IDX_SAWIT2;10;3;0;494;462;54;0;0;0;1063
5258;gov2;IDX_SAWIT2;10;6;10;2773033;2773009;472249;0;0;0;2773640
5884;gov2;IDX_SAWIT2;10;6;10;7425710;7425672;1294409;0;0;0;7426332
5927;gov2;IDX_SAWIT2;10;16;2;162259;162200;11255;0;0;0;162902
5941;gov2;IDX_SAWIT2;10;3;10;25391;25360;5968;0;0;0;25984
5971;gov2;IDX_SAWIT2;10;12;10;515952;515909;49240;0;0;0;516585
6062;gov2;IDX_SAWIT2;10;4;10;475875;475841;94709;0;0;0;476519
6161;gov2;IDX_SAWIT2;10;3;10;204133;204101;49593;0;0;0;204768
6480;gov2;IDX_SAWIT2;10;2;10;65527;65496;20069;0;0;0;66166
6785;gov2;IDX_SAWIT2;10;3;10;485353;485321;118649;0;0;0;485999
6811;gov2;IDX_SAWIT2;10;5;10;5807755;5807717;1118950;0;0;0;5811587
7005;gov2;IDX_SAWIT2;10;4;10;445210;445175;103977;0;0;0;445848
7078;gov2;IDX_SAWIT2;10;5;10;2247984;2247948;411394;0;0;0;2248608
7172;gov2;IDX_SAWIT2;10;2;10;1076490;1076460;357532;0;0;0;1079523
7188;gov2;IDX_SAWIT2;10;4;10;856212;856176;193142;0;0;0;856861
7211;gov2;IDX_SAWIT2;10;4;10;1051927;1051893;218396;0;0;0;1052560
7450;gov2;IDX_SAWIT2;10;8;10;2021760;2021719;279214;0;0;0;2022381
7552;gov2;IDX_SAWIT2;10;3;10;165888;165855;38747;0;0;0;166495
7635;gov2;IDX_SAWIT2;10;1;10;1873;1845;721;0;0;0;2431
7712;gov2;IDX_SAWIT2;10;5;10;146304;146282;24470;0;0;0;146920
7956;gov2;IDX_SAWIT2;10;2;10;95721;95691;29861;0;0;0;96351
8018;gov2;IDX_SAWIT2;10;6;10;782577;782538;125181;0;0;0;783161
8847;gov2;IDX_SAWIT2;10;2;10;174521;174491;57581;0;0;0;175148
8946;gov2;IDX_SAWIT2;10;6;4;117429;117388;17212;0;0;0;118108
8961;gov2;IDX_SAWIT2;10;5;10;39909;39871;6508;0;0;0;40564
9061;gov2;IDX_SAWIT2;10;3;10;1332695;1332663;346379;0;0;0;1333373
9178;gov2;IDX_SAWIT2;10;4;10;969839;969804;217972;0;0;0;970495
9275;gov2;IDX_SAWIT2;10;4;10;617665;617631;138921;0;0;0;618297
9523;gov2;IDX_SAWIT2;10;5;10;6848754;6848718;1449095;0;0;0;6999645
9527;gov2;IDX_SAWIT2;10;6;10;1669940;1669890;282643;0;0;0;1670633
9535;gov2;IDX_SAWIT2;10;3;10;803157;803124;200001;0;0;0;803844
9540;gov2;IDX_SAWIT2;10;4;10;221808;221773;46005;0;0;0;222458
9726;gov2;IDX_SAWIT2;10;2;10;275867;275835;91820;0;0;0;276526
9730;gov2;IDX_SAWIT2;10;7;10;3343246;3343205;500998;0;0;0;3343893
9839;gov2;IDX_SAWIT2;10;4;10;2743103;2743068;617947;0;0;0;2746289
9840;gov2;IDX_SAWIT2;10;3;10;1078775;1078741;282381;0;0;0;1079456
9866;gov2;IDX_SAWIT2;10;4;10;174824;174788;37544;0;0;0;175486
9950;gov2;IDX_SAWIT2;10;3;10;115648;115613;29788;0;0;0;116339
9957;gov2;IDX_SAWIT2;10;2;10;52470;52441;17936;0;0;0;53092
9977;gov2;IDX_SAWIT2;10;3;10;21075;21043;5155;0;0;0;21645
9991;gov2;IDX_SAWIT2;10;9;2;1643803;1643769;180513;0;0;0;1644431
10021;gov2;IDX_SAWIT2;10;4;10;1186610;1186573;273800;0;0;0;1187286
10063;gov2;IDX_SAWIT2;10;3;10;997867;997834;249190;0;0;0;998496
10139;gov2;IDX_SAWIT2;10;3;10;66473;66440;16511;0;0;0;67144
10231;gov2;IDX_SAWIT2;10;8;10;20934;20889;2500;0;0;0;21539
10395;gov2;IDX_SAWIT2;10;3;10;85349;85325;21994;0;0;0;85991
10397;gov2;IDX_SAWIT2;10;6;10;946300;946260;158543;0;0;0;946970
10470;gov2;IDX_SAWIT2;10;4;10;2239597;2239561;515604;0;0;0;2243042
11060;gov2;IDX_SAWIT2;10;2;10;146469;146438;48630;0;0;0;147127
11077;gov2;IDX_SAWIT2;10;3;10;488704;488673;119440;0;0;0;489336
11155;gov2;IDX_SAWIT2;10;5;1;8280;8244;1306;0;0;0;8828
68;gov2;IDX_SAWIT2;10;4;10;24468;24449;4912;0;0;0;25046
250;gov2;IDX_SAWIT2;10;6;10;8326348;8326317;1494038;0;0;0;8381835
503;gov2;IDX_SAWIT2;10;4;10;368760;368715;77409;0;0;0;369408
561;gov2;IDX_SAWIT2;10;8;10;9717881;9717836;1506050;0;0;0;9721687
683;gov2;IDX_SAWIT2;10;5;10;1419738;1419699;251429;0;0;0;1420414
918;gov2;IDX_SAWIT2;10;7;10;1846199;1846158;261916;0;0;0;1846867
1153;gov2;IDX_SAWIT2;10;5;10;379961;379923;67821;0;0;0;380626
1178;gov2;IDX_SAWIT2;10;6;10;938209;938170;156858;0;0;0;938889
1206;gov2;IDX_SAWIT2;10;4;10;3913357;3913322;961760;0;0;0;3976772
1394;gov2;IDX_SAWIT2;10;5;5;7199;7147;887;0;0;0;7838
1465;gov2;IDX_SAWIT2;10;3;10;155182;155162;36846;0;0;0;155831
1734;gov2;IDX_SAWIT2;10;4;10;271498;271463;63814;0;0;0;272157
1847;gov2;IDX_SAWIT2;10;4;10;3248652;3248617;785589;0;0;0;3305126
1984;gov2;IDX_SAWIT2;10;2;10;75566;75525;21447;0;0;0;76238
2007;gov2;IDX_SAWIT2;10;4;10;418189;418153;94983;0;0;0;418844
2127;gov2;IDX_SAWIT2;10;9;10;733440;733393;82927;0;0;0;734102
2176;gov2;IDX_SAWIT2;10;4;10;3038601;3038566;740794;0;0;0;3097766
2198;gov2;IDX_SAWIT2;10;4;9;22614;22571;3884;0;0;0;23219
2203;gov2;IDX_SAWIT2;10;2;10;541523;541500;196948;0;0;0;542193
2244;gov2;IDX_SAWIT2;10;3;10;1415732;1415698;355861;0;0;0;1416403
2388;gov2;IDX_SAWIT2;10;2;10;86866;86835;28550;0;0;0;87546
2440;gov2;IDX_SAWIT2;10;3;10;1371944;1371910;342703;0;0;0;1372627
2653;gov2;IDX_SAWIT2;10;5;10;1388051;1388013;251048;0;0;0;1388728
2875;gov2;IDX_SAWIT2;10;4;10;659524;659489;138591;0;0;0;660128
2896;gov2;IDX_SAWIT2;10;3;10;1790112;1790079;456180;0;0;0;1793157
3219;gov2;IDX_SAWIT2;10;5;10;203619;203580;36595;0;0;0;204286
3414;gov2;IDX_SAWIT2;10;4;10;1122372;1122336;254224;0;0;0;1123041
3605;gov2;IDX_SAWIT2;10;4;10;891016;890980;201877;0;0;0;891674
3622;gov2;IDX_SAWIT2;10;4;10;797740;797704;179388;0;0;0;798417
3768;gov2;IDX_SAWIT2;10;4;10;393801;393765;87214;0;0;0;394491
3910;gov2;IDX_SAWIT2;10;6;10;647446;647407;100776;0;0;0;648146
3931;gov2;IDX_SAWIT2;10;4;10;8675513;8675478;2199651;0;0;0;8924195
4257;gov2;IDX_SAWIT2;10;2;10;44255;44215;13251;0;0;0;44931
4314;gov2;IDX_SAWIT2;10;3;10;41776;41744;10849;0;0;0;42430
4411;gov2;IDX_SAWIT2;10;3;10;2106390;2106360;549052;0;0;0;2109578
4415;gov2;IDX_SAWIT2;10;3;10;507966;507931;128164;0;0;0;508637
4448;gov2;IDX_SAWIT2;10;6;10;4731248;4731209;838151;0;0;0;4734792
4523;gov2;IDX_SAWIT2;10;9;10;11541613;11541567;1584983;0;0;0;11542289
4572;gov2;IDX_SAWIT2;10;5;10;605634;605596;115168;0;0;0;606311
4708;gov2;IDX_SAWIT2;10;3;10;313001;312968;81433;0;0;0;313675
4712;gov2;IDX_SAWIT2;10;2;10;61953;61922;20227;0;0;0;62615
4720;gov2;IDX_SAWIT2;10;3;10;20094;20061;5101;0;0;0;20671
4727;gov2;IDX_SAWIT2;10;5;10;562809;562786;101792;0;0;0;563449
4740;gov2;IDX_SAWIT2;10;3;8;103717;103683;24187;0;0;0;104396
4875;gov2;IDX_SAWIT2;10;2;10;304561;304530;98781;0;0;0;305247
4956;gov2;IDX_SAWIT2;10;3;10;1497462;1497428;406786;0;0;0;1500911
4983;gov2;IDX_SAWIT2;10;9;10;1684336;1684291;198859;0;0;0;1685018
5013;gov2;IDX_SAWIT2;10;3;10;82796;82763;21022;0;0;0;83431
5017;gov2;IDX_SAWIT2;10;5;10;365750;365714;70479;0;0;0;366388
5138;gov2;IDX_SAWIT2;10;3;0;495;463;54;0;0;0;1055
5258;gov2;IDX_SAWIT2;10;6;10;2773591;2773567;472249;0;0;0;2774228
5884;gov2;IDX_SAWIT2;10;6;10;7427038;7426998;1294409;0;0;0;7427707
5927;gov2;IDX_SAWIT2;10;16;2;162395;162335;11255;0;0;0;163076
5941;gov2;IDX_SAWIT2;10;3;10;25393;25360;5968;0;0;0;26017
5971;gov2;IDX_SAWIT2;10;12;10;515936;515891;49240;0;0;0;516588
6062;gov2;IDX_SAWIT2;10;4;10;475843;475809;94709;0;0;0;476525
6161;gov2;IDX_SAWIT2;10;3;10;204211;204178;49593;0;0;0;204883
6480;gov2;IDX_SAWIT2;10;2;10;65589;65557;20069;0;0;0;66256
6785;gov2;IDX_SAWIT2;10;3;10;485282;485249;118649;0;0;0;485963
6811;gov2;IDX_SAWIT2;10;5;10;5809190;5809153;1118950;0;0;0;5813054
7005;gov2;IDX_SAWIT2;10;4;10;444754;444718;103977;0;0;0;445389
7078;gov2;IDX_SAWIT2;10;5;10;2247691;2247654;411394;0;0;0;2248322
7172;gov2;IDX_SAWIT2;10;2;10;1076290;1076260;357532;0;0;0;1079349
7188;gov2;IDX_SAWIT2;10;4;10;856322;856287;193142;0;0;0;856967
7211;gov2;IDX_SAWIT2;10;4;10;1051810;1051777;218396;0;0;0;1052447
7450;gov2;IDX_SAWIT2;10;8;10;2022026;2021985;279214;0;0;0;2022664
7552;gov2;IDX_SAWIT2;10;3;10;166002;165970;38747;0;0;0;166646
7635;gov2;IDX_SAWIT2;10;1;10;1866;1839;721;0;0;0;2424
7712;gov2;IDX_SAWIT2;10;5;10;146342;146319;24470;0;0;0;146967
7956;gov2;IDX_SAWIT2;10;2;10;95739;95709;29861;0;0;0;96376
8018;gov2;IDX_SAWIT2;10;6;10;782470;782431;125181;0;0;0;783112
8847;gov2;IDX_SAWIT2;10;2;10;174474;174444;57581;0;0;0;175104
8946;gov2;IDX_SAWIT2;10;6;4;117425;117386;17212;0;0;0;118064
8961;gov2;IDX_SAWIT2;10;5;10;39901;39865;6508;0;0;0;40514
9061;gov2;IDX_SAWIT2;10;3;10;1332372;1332342;346379;0;0;0;1333035
9178;gov2;IDX_SAWIT2;10;4;10;970085;970050;217972;0;0;0;970731
9275;gov2;IDX_SAWIT2;10;4;10;617541;617508;138921;0;0;0;618203
9523;gov2;IDX_SAWIT2;10;5;10;6849320;6849284;1449095;0;0;0;6999970
9527;gov2;IDX_SAWIT2;10;6;10;1669555;1669505;282643;0;0;0;1670261
9535;gov2;IDX_SAWIT2;10;3;10;802719;802686;200001;0;0;0;803391
9540;gov2;IDX_SAWIT2;10;4;10;221868;221832;46005;0;0;0;222534
9726;gov2;IDX_SAWIT2;10;2;10;275623;275591;91820;0;0;0;276286
9730;gov2;IDX_SAWIT2;10;7;10;3343181;3343139;500998;0;0;0;3343844
9839;gov2;IDX_SAWIT2;10;4;10;2742837;2742801;617947;0;0;0;2746019
9840;gov2;IDX_SAWIT2;10;3;10;1078525;1078490;282381;0;0;0;1079205
9866;gov2;IDX_SAWIT2;10;4;10;174830;174795;37544;0;0;0;175488
9950;gov2;IDX_SAWIT2;10;3;10;115672;115637;29788;0;0;0;116337
9957;gov2;IDX_SAWIT2;10;2;10;52473;52444;17936;0;0;0;53106
9977;gov2;IDX_SAWIT2;10;3;10;21064;21033;5155;0;0;0;21669
9991;gov2;IDX_SAWIT2;10;9;2;1643698;1643664;180513;0;0;0;1644334
10021;gov2;IDX_SAWIT2;10;4;10;1186490;1186454;273800;0;0;0;1187136
10063;gov2;IDX_SAWIT2;10;3;10;997692;997659;249190;0;0;0;998342
10139;gov2;IDX_SAWIT2;10;3;10;66511;66479;16511;0;0;0;67158
10231;gov2;IDX_SAWIT2;10;8;10;20919;20877;2500;0;0;0;21490
10395;gov2;IDX_SAWIT2;10;3;10;85341;85319;21994;0;0;0;85972
10397;gov2;IDX_SAWIT2;10;6;10;946143;946104;158543;0;0;0;946768
10470;gov2;IDX_SAWIT2;10;4;10;2239370;2239336;515604;0;0;0;2242772
11060;gov2;IDX_SAWIT2;10;2;10;146463;146432;48630;0;0;0;147112
11077;gov2;IDX_SAWIT2;10;3;10;488349;488317;119440;0;0;0;488998
11155;gov2;IDX_SAWIT2;10;5;1;8281;8244;1306;0;0;0;8839
68;gov2;IDX_SAWIT2;100;4;13;27189;27159;4929;0;0;0;28644
250;gov2;IDX_SAWIT2;100;6;100;11294805;11294775;1976508;0;0;0;11295415
503;gov2;IDX_SAWIT2;100;4;100;471944;471907;89870;0;0;0;472607
561;gov2;IDX_SAWIT2;100;8;100;14621252;14621207;2184788;0;0;0;14674010
683;gov2;IDX_SAWIT2;100;5;100;2154049;2154003;375817;0;0;0;2154710
918;gov2;IDX_SAWIT2;100;7;28;1861120;1861079;263734;0;0;0;1861785
1153;gov2;IDX_SAWIT2;100;5;100;891147;891109;155376;0;0;0;891812
1178;gov2;IDX_SAWIT2;100;6;100;1462008;1461970;235709;0;0;0;1462729
1206;gov2;IDX_SAWIT2;100;4;100;6183014;6182978;1485876;0;0;0;6249775
1394;gov2;IDX_SAWIT2;100;5;5;6142;6095;887;0;0;0;6755
1465;gov2;IDX_SAWIT2;100;3;100;612325;612305;142624;0;0;0;612974
1734;gov2;IDX_SAWIT2;100;4;100;786566;786531;177496;0;0;0;787240
1847;gov2;IDX_SAWIT2;100;4;100;4570914;4570878;1095729;0;0;0;4640947
1984;gov2;IDX_SAWIT2;100;2;12;81231;81191;23637;0;0;0;81905
2007;gov2;IDX_SAWIT2;100;4;100;1142956;1142921;242986;0;0;0;1143619
2127;gov2;IDX_SAWIT2;100;9;100;795687;795640;89621;0;0;0;796354
2176;gov2;IDX_SAWIT2;100;4;100;4957290;4957254;1201041;0;0;0;4957964
2198;gov2;IDX_SAWIT2;100;4;9;102950;102917;3884;0;0;0;103616
2203;gov2;IDX_SAWIT2;100;2;100;759819;759785;273329;0;0;0;760506
2244;gov2;IDX_SAWIT2;100;3;100;2452085;2452050;613813;0;0;0;2452740
2388;gov2;IDX_SAWIT2;100;2;100;152778;152747;49255;0;0;0;157292
2440;gov2;IDX_SAWIT2;100;3;100;2166609;2166575;530824;0;0;0;2167268
2653;gov2;IDX_SAWIT2;100;5;100;2595983;2595946;460086;0;0;0;2596598
2875;gov2;IDX_SAWIT2;100;4;100;1373774;1373741;282402;0;0;0;1374398
2896;gov2;IDX_SAWIT2;100;3;100;2625999;2625967;663801;0;0;0;2629110
3219;gov2;IDX_SAWIT2;100;5;100;2274365;2274328;416777;0;0;0;2274973
3414;gov2;IDX_SAWIT2;100;4;100;1965206;1965169;431191;0;0;0;1965887
3605;gov2;IDX_SAWIT2;100;4;100;1824676;1824640;401673;0;0;0;1825362
3622;gov2;IDX_SAWIT2;100;4;100;1835728;1835693;400179;0;0;0;1836390
3768;gov2;IDX_SAWIT2;100;4;100;1006026;1005991;208318;0;0;0;1006678
3910;gov2;IDX_SAWIT2;100;6;35;656877;656839;101774;0;0;0;657536
3931;gov2;IDX_SAWIT2;100;4;100;14047909;14047875;3493772;0;0;0;14048556
4257;gov2;IDX_SAWIT2;100;2;100;457751;457720;42641;0;0;0;458420
4314;gov2;IDX_SAWIT2;100;3;100;106056;106023;25546;0;0;0;106715
4411;gov2;IDX_SAWIT2;100;3;100;3036518;3036487;794919;0;0;0;3040145
4415;gov2;IDX_SAWIT2;100;3;100;1386695;1386662;324257;0;0;0;1387330
4448;gov2;IDX_SAWIT2;100;6;100;6412772;6412735;1123935;0;0;0;6416460
4523;gov2;IDX_SAWIT2;100;9;100;15432767;15432724;2067673;0;0;0;15438729
4572;gov2;IDX_SAWIT2;100;5;100;3440991;3440954;635853;0;0;0;3441620
4708;gov2;IDX_SAWIT2;100;3;100;759383;759351;187687;0;0;0;760010
4712;gov2;IDX_SAWIT2;100;2;100;119863;119833;37936;0;0;0;120485
4720;gov2;IDX_SAWIT2;100;3;100;46251;46219;11542;0;0;0;46870
4727;gov2;IDX_SAWIT2;100;5;100;910818;910783;163503;0;0;0;911454
4740;gov2;IDX_SAWIT2;100;3;8;103808;103775;24187;0;0;0;104440
4875;gov2;IDX_SAWIT2;100;2;100;732380;732351;229164;0;0;0;732993
4956;gov2;IDX_SAWIT2;100;3;100;1866424;1866390;504638;0;0;0;1869996
4983;gov2;IDX_SAWIT2;100;9;100;2303723;2303679;267439;0;0;0;2304347
5013;gov2;IDX_SAWIT2;100;3;100;258709;258678;65580;0;0;0;259338
5017;gov2;IDX_SAWIT2;100;5;100;1723025;1722988;308708;0;0;0;1723648
5138;gov2;IDX_SAWIT2;100;3;0;502;470;54;0;0;0;1043
5258;gov2;IDX_SAWIT2;100;6;100;3968063;3968040;671656;0;0;0;3968667
5884;gov2;IDX_SAWIT2;100;6;100;10164415;10164376;1724650;0;0;0;10165023
5927;gov2;IDX_SAWIT2;100;16;2;162234;162175;11255;0;0;0;162864
5941;gov2;IDX_SAWIT2;100;3;100;99105;99073;23452;0;0;0;99734
5971;gov2;IDX_SAWIT2;100;12;100;653998;653946;62575;0;0;0;654624
6062;gov2;IDX_SAWIT2;100;4;23;519503;519470;102708;0;0;0;520139
6161;gov2;IDX_SAWIT2;100;3;100;509682;509650;121288;0;0;0;510319
6480;gov2;IDX_SAWIT2;100;2;100;186764;186734;56988;0;0;0;187397
6785;gov2;IDX_SAWIT2;100;3;100;762884;762852;181628;0;0;0;763512
6811;gov2;IDX_SAWIT2;100;5;100;7268701;7268663;1386313;0;0;0;7272665
7005;gov2;IDX_SAWIT2;100;4;100;717696;717661;166366;0;0;0;718334
7078;gov2;IDX_SAWIT2;100;5;100;3000470;3000432;551003;0;0;0;3001100
7172;gov2;IDX_SAWIT2;100;2;100;1698929;1698899;554207;0;0;0;1702473
7188;gov2;IDX_SAWIT2;100;4;100;1467218;1467183;320633;0;0;0;1467851
7211;gov2;IDX_SAWIT2;100;4;100;1502603;1502569;305261;0;0;0;1503260
7450;gov2;IDX_SAWIT2;100;8;100;3110605;3110563;434128;0;0;0;3111222
7552;gov2;IDX_SAWIT2;100;3;79;231887;231853;53717;0;0;0;232480
7635;gov2;IDX_SAWIT2;100;1;100;13082;13055;5391;0;0;0;13587
7712;gov2;IDX_SAWIT2;100;5;53;255501;255476;42656;0;0;0;256067
7956;gov2;IDX_SAWIT2;100;2;100;213009;212979;65522;0;0;0;213637
8018;gov2;IDX_SAWIT2;100;6;53;871338;871298;138710;0;0;0;871950
8847;gov2;IDX_SAWIT2;100;2;100;277182;277152;90463;0;0;0;277763
8946;gov2;IDX_SAWIT2;100;6;4;117212;117174;17212;0;0;0;117781
8961;gov2;IDX_SAWIT2;100;5;23;41165;41129;6746;0;0;0;41731
9061;gov2;IDX_SAWIT2;100;3;100;2569710;2569679;651739;0;0;0;2572690
9178;gov2;IDX_SAWIT2;100;4;100;1749143;1749108;378569;0;0;0;1749770
9275;gov2;IDX_SAWIT2;100;4;100;905665;905631;200236;0;0;0;906240
9523;gov2;IDX_SAWIT2;100;5;100;10509140;10509106;2195208;0;0;0;10709560
9527;gov2;IDX_SAWIT2;100;6;100;2512629;2512576;422568;0;0;0;2513334
9535;gov2;IDX_SAWIT2;100;3;100;1357175;1357141;330042;0;0;0;1357844
9540;gov2;IDX_SAWIT2;100;4;11;221829;221793;46062;0;0;0;222487
9726;gov2;IDX_SAWIT2;100;2;100;420690;420659;137670;0;0;0;421372
9730;gov2;IDX_SAWIT2;100;7;100;3524308;3524268;525140;0;0;0;3524941
9839;gov2;IDX_SAWIT2;100;4;100;4216208;4216173;936833;0;0;0;4219560
9840;gov2;IDX_SAWIT2;100;3;100;1683658;1683625;429906;0;0;0;1686908
9866;gov2;IDX_SAWIT2;100;4;100;402304;402268;85893;0;0;0;402966
9950;gov2;IDX_SAWIT2;100;3;100;196068;196033;49984;0;0;0;196738
9957;gov2;IDX_SAWIT2;100;2;100;115519;115489;37896;0;0;0;116152
9977;gov2;IDX_SAWIT2;100;3;100;86091;86059;20981;0;0;0;86723
9991;gov2;IDX_SAWIT2;100;9;2;1647428;1647383;180513;0;0;0;1648047
10021;gov2;IDX_SAWIT2;100;4;100;1746753;1746718;397471;0;0;0;1747405
10063;gov2;IDX_SAWIT2;100;3;100;1761867;1761835;432610;0;0;0;1762482
10139;gov2;IDX_SAWIT2;100;3;100;304750;304718;74736;0;0;0;305383
10231;gov2;IDX_SAWIT2;100;8;100;59421;59379;7526;0;0;0;60000
10395;gov2;IDX_SAWIT2;100;3;100;438866;438835;103919;0;0;0;439442
10397;gov2;IDX_SAWIT2;100;6;100;2700578;2700538;435651;0;0;0;2701236
10470;gov2;IDX_SAWIT2;100;4;100;3134849;3134812;728566;0;0;0;3182002
11060;gov2;IDX_SAWIT2;100;2;100;340265;340224;109167;0;0;0;340946
11077;gov2;IDX_SAWIT2;100;3;100;1008470;1008437;241587;0;0;0;1009139
11155;gov2;IDX_SAWIT2;100;5;1;8299;8262;1306;0;0;0;8867
68;gov2;IDX_SAWIT2;100;4;13;24538;24517;4929;0;0;0;25145
250;gov2;IDX_SAWIT2;100;6;100;11340422;11340390;1976508;0;0;0;11341083
503;gov2;IDX_SAWIT2;100;4;100;468433;468397;89870;0;0;0;469093
561;gov2;IDX_SAWIT2;100;8;100;14486458;14486414;2184788;0;0;0;14535162
683;gov2;IDX_SAWIT2;100;5;100;2148583;2148537;375817;0;0;0;2149260
918;gov2;IDX_SAWIT2;100;7;28;1861174;1861135;263734;0;0;0;1861783
1153;gov2;IDX_SAWIT2;100;5;100;890655;890618;155376;0;0;0;891311
1178;gov2;IDX_SAWIT2;100;6;100;1461182;1461142;235709;0;0;0;1461894
1206;gov2;IDX_SAWIT2;100;4;100;6182777;6182743;1485876;0;0;0;6249427
1394;gov2;IDX_SAWIT2;100;5;5;7410;7363;887;0;0;0;8044
1465;gov2;IDX_SAWIT2;100;3;100;612746;612727;142624;0;0;0;613428
1734;gov2;IDX_SAWIT2;100;4;100;786265;786230;177496;0;0;0;786956
1847;gov2;IDX_SAWIT2;100;4;100;4572155;4572122;1095729;0;0;0;4640808
1984;gov2;IDX_SAWIT2;100;2;12;83441;83401;23637;0;0;0;84152
2007;gov2;IDX_SAWIT2;100;4;100;1142674;1142639;242986;0;0;0;1143376
2127;gov2;IDX_SAWIT2;100;9;100;795657;795611;89621;0;0;0;796347
2176;gov2;IDX_SAWIT2;100;4;100;4958027;4957991;1201041;0;0;0;4958706
2198;gov2;IDX_SAWIT2;100;4;9;102881;102848;3884;0;0;0;103570
2203;gov2;IDX_SAWIT2;100;2;100;759791;759758;273329;0;0;0;760507
2244;gov2;IDX_SAWIT2;100;3;100;2452033;2451997;613813;0;0;0;2452714
2388;gov2;IDX_SAWIT2;100;2;100;152248;152217;49255;0;0;0;156751
2440;gov2;IDX_SAWIT2;100;3;100;2167363;2167330;530824;0;0;0;2168050
2653;gov2;IDX_SAWIT2;100;5;100;2596531;2596494;460086;0;0;0;2597190
2875;gov2;IDX_SAWIT2;100;4;100;1373268;1373234;282402;0;0;0;1373941
2896;gov2;IDX_SAWIT2;100;3;100;2627342;2627310;663801;0;0;0;2630526
3219;gov2;IDX_SAWIT2;100;5;100;2274611;2274573;416777;0;0;0;2275335
3414;gov2;IDX_SAWIT2;100;4;100;1964652;1964618;431191;0;0;0;1965331
3605;gov2;IDX_SAWIT2;100;4;100;1823113;1823080;401673;0;0;0;1823812
3622;gov2;IDX_SAWIT2;100;4;100;1835209;1835174;400179;0;0;0;1835913
3768;gov2;IDX_SAWIT2;100;4;100;1005563;1005527;208318;0;0;0;1006238
3910;gov2;IDX_SAWIT2;100;6;35;656004;655965;101774;0;0;0;656661
3931;gov2;IDX_SAWIT2;100;4;100;14045687;14045652;3493772;0;0;0;14046345
4257;gov2;IDX_SAWIT2;100;2;100;458417;458388;42641;0;0;0;463089
4314;gov2;IDX_SAWIT2;100;3;100;101402;101370;25546;0;0;0;102086
4411;gov2;IDX_SAWIT2;100;3;100;3040817;3040785;794919;0;0;0;3044450
4415;gov2;IDX_SAWIT2;100;3;100;1384667;1384634;324257;0;0;0;1385312
4448;gov2;IDX_SAWIT2;100;6;100;6409953;6409916;1123935;0;0;0;6413645
4523;gov2;IDX_SAWIT2;100;9;100;15443102;15443056;2067673;0;0;0;15449145
4572;gov2;IDX_SAWIT2;100;5;100;3439564;3439527;635853;0;0;0;3440218
4708;gov2;IDX_SAWIT2;100;3;100;758909;758876;187687;0;0;0;759599
4712;gov2;IDX_SAWIT2;100;2;100;119899;119869;37936;0;0;0;120573
4720;gov2;IDX_SAWIT2;100;3;100;46248;46215;11542;0;0;0;46923
4727;gov2;IDX_SAWIT2;100;5;100;910576;910542;163503;0;0;0;911284
4740;gov2;IDX_SAWIT2;100;3;8;103796;103765;24187;0;0;0;104492
4875;gov2;IDX_SAWIT2;100;2;100;730080;730050;229164;0;0;0;730763
4956;gov2;IDX_SAWIT2;100;3;100;1864994;1864961;504638;0;0;0;1868647
4983;gov2;IDX_SAWIT2;100;9;100;2303518;2303474;267439;0;0;0;2304172
5013;gov2;IDX_SAWIT2;100;3;100;258696;258665;65580;0;0;0;259371
5017;gov2;IDX_SAWIT2;100;5;100;1723468;1723432;308708;0;0;0;1724144
5138;gov2;IDX_SAWIT2;100;3;0;501;469;54;0;0;0;1058
5258;gov2;IDX_SAWIT2;100;6;100;3968657;3968633;671656;0;0;0;3969306
5884;gov2;IDX_SAWIT2;100;6;100;10131432;10131393;1724650;0;0;0;10132131
5927;gov2;IDX_SAWIT2;100;16;2;162281;162222;11255;0;0;0;162982
5941;gov2;IDX_SAWIT2;100;3;100;99012;98979;23452;0;0;0;99688
5971;gov2;IDX_SAWIT2;100;12;100;653822;653768;62575;0;0;0;654532
6062;gov2;IDX_SAWIT2;100;4;23;519577;519543;102708;0;0;0;520220
6161;gov2;IDX_SAWIT2;100;3;100;509321;509297;121288;0;0;0;509957
6480;gov2;IDX_SAWIT2;100;2;100;186584;186554;56988;0;0;0;187263
6785;gov2;IDX_SAWIT2;100;3;100;763420;763389;181628;0;0;0;764065
6811;gov2;IDX_SAWIT2;100;5;100;7262716;7262688;1386313;0;0;0;7266708
7005;gov2;IDX_SAWIT2;100;4;100;716923;716890;166366;0;0;0;717578
7078;gov2;IDX_SAWIT2;100;5;100;2998616;2998587;551003;0;0;0;2999201
7172;gov2;IDX_SAWIT2;100;2;100;1700856;1700832;554207;0;0;0;1704405
7188;gov2;IDX_SAWIT2;100;4;100;1467593;1467556;320633;0;0;0;1468318
7211;gov2;IDX_SAWIT2;100;4;100;1502822;1502787;305261;0;0;0;1503471
7450;gov2;IDX_SAWIT2;100;8;100;3109470;3109438;434128;0;0;0;3110065
7552;gov2;IDX_SAWIT2;100;3;79;232042;232014;53717;0;0;0;232655
7635;gov2;IDX_SAWIT2;100;1;100;13079;13052;5391;0;0;0;13648
7712;gov2;IDX_SAWIT2;100;5;53;254813;254790;42656;0;0;0;255466
7956;gov2;IDX_SAWIT2;100;2;100;213201;213178;65522;0;0;0;213793
8018;gov2;IDX_SAWIT2;100;6;53;871233;871203;138710;0;0;0;871831
8847;gov2;IDX_SAWIT2;100;2;100;276863;276840;90463;0;0;0;277472
8946;gov2;IDX_SAWIT2;100;6;4;117381;117350;17212;0;0;0;118027
8961;gov2;IDX_SAWIT2;100;5;23;41160;41123;6746;0;0;0;41803
9061;gov2;IDX_SAWIT2;100;3;100;2565929;2565896;651739;0;0;0;2569002
9178;gov2;IDX_SAWIT2;100;4;100;1750523;1750491;378569;0;0;0;1751171
9275;gov2;IDX_SAWIT2;100;4;100;905589;905555;200236;0;0;0;906279
9523;gov2;IDX_SAWIT2;100;5;100;10523053;10523017;2195208;0;0;0;10719260
9527;gov2;IDX_SAWIT2;100;6;100;2515882;2515831;422568;0;0;0;2516574
9535;gov2;IDX_SAWIT2;100;3;100;1356430;1356397;330042;0;0;0;1357123
9540;gov2;IDX_SAWIT2;100;4;11;222072;222036;46062;0;0;0;222755
9726;gov2;IDX_SAWIT2;100;2;100;419671;419639;137670;0;0;0;420359
9730;gov2;IDX_SAWIT2;100;7;100;3521762;3521721;525140;0;0;0;3522436
9839;gov2;IDX_SAWIT2;100;4;100;4215798;4215764;936833;0;0;0;4219149
9840;gov2;IDX_SAWIT2;100;3;100;1682771;1682738;429906;0;0;0;1686021
9866;gov2;IDX_SAWIT2;100;4;100;402487;402451;85893;0;0;0;403187
9950;gov2;IDX_SAWIT2;100;3;100;196526;196492;49984;0;0;0;197221
9957;gov2;IDX_SAWIT2;100;2;100;115440;115411;37896;0;0;0;116106
9977;gov2;IDX_SAWIT2;100;3;100;86139;86108;20981;0;0;0;86798
9991;gov2;IDX_SAWIT2;100;9;2;1651901;1651857;180513;0;0;0;1652577
10021;gov2;IDX_SAWIT2;100;4;100;1747005;1746970;397471;0;0;0;1747676
10063;gov2;IDX_SAWIT2;100;3;100;1761111;1761078;432610;0;0;0;1761785
10139;gov2;IDX_SAWIT2;100;3;100;305362;305330;74736;0;0;0;306036
10231;gov2;IDX_SAWIT2;100;8;100;59394;59352;7526;0;0;0;60056
10395;gov2;IDX_SAWIT2;100;3;100;439418;439387;103919;0;0;0;440091
10397;gov2;IDX_SAWIT2;100;6;100;2692521;2692483;435651;0;0;0;2693180
10470;gov2;IDX_SAWIT2;100;4;100;3135954;3135919;728566;0;0;0;3183316
11060;gov2;IDX_SAWIT2;100;2;100;339790;339752;109167;0;0;0;340463
11077;gov2;IDX_SAWIT2;100;3;100;1008457;1008423;241587;0;0;0;1009162
11155;gov2;IDX_SAWIT2;100;5;1;8301;8263;1306;0;0;0;8877
68;gov2;IDX_SAWIT2;100;4;13;24537;24516;4929;0;0;0;25174
250;gov2;IDX_SAWIT2;100;6;100;11328436;11328405;1976508;0;0;0;11329117
503;gov2;IDX_SAWIT2;100;4;100;468064;468028;89870;0;0;0;468753
561;gov2;IDX_SAWIT2;100;8;100;14485733;14485688;2184788;0;0;0;14540047
683;gov2;IDX_SAWIT2;100;5;100;2152420;2152373;375817;0;0;0;2153122
918;gov2;IDX_SAWIT2;100;7;28;1862687;1862646;263734;0;0;0;1863380
1153;gov2;IDX_SAWIT2;100;5;100;890709;890671;155376;0;0;0;891376
1178;gov2;IDX_SAWIT2;100;6;100;1461627;1461589;235709;0;0;0;1462254
1206;gov2;IDX_SAWIT2;100;4;100;6184804;6184768;1485876;0;0;0;6251643
1394;gov2;IDX_SAWIT2;100;5;5;7391;7344;887;0;0;0;8021
1465;gov2;IDX_SAWIT2;100;3;100;612510;612489;142624;0;0;0;613189
1734;gov2;IDX_SAWIT2;100;4;100;786551;786515;177496;0;0;0;787232
1847;gov2;IDX_SAWIT2;100;4;100;4573456;4573422;1095729;0;0;0;4641870
1984;gov2;IDX_SAWIT2;100;2;12;82231;82188;23637;0;0;0;82960
2007;gov2;IDX_SAWIT2;100;4;100;1142165;1142130;242986;0;0;0;1142873
2127;gov2;IDX_SAWIT2;100;9;100;795799;795752;89621;0;0;0;796491
2176;gov2;IDX_SAWIT2;100;4;100;4956842;4956807;1201041;0;0;0;4957531
2198;gov2;IDX_SAWIT2;100;4;9;103052;103019;3884;0;0;0;103716
2203;gov2;IDX_SAWIT2;100;2;100;758704;758657;273329;0;0;0;759398
2244;gov2;IDX_SAWIT2;100;3;100;2451436;2451401;613813;0;0;0;2452117
2388;gov2;IDX_SAWIT2;100;2;100;152318;152287;49255;0;0;0;156855
2440;gov2;IDX_SAWIT2;100;3;100;2167393;2167360;530824;0;0;0;2168091
2653;gov2;IDX_SAWIT2;100;5;100;2595162;2595125;460086;0;0;0;2595823
2875;gov2;IDX_SAWIT2;100;4;100;1373529;1373494;282402;0;0;0;1374172
2896;gov2;IDX_SAWIT2;100;3;100;2626515;2626484;663801;0;0;0;2629634
3219;gov2;IDX_SAWIT2;100;5;100;2276823;2276786;416777;0;0;0;2277525
3414;gov2;IDX_SAWIT2;100;4;100;1965832;1965797;431191;0;0;0;1966498
3605;gov2;IDX_SAWIT2;100;4;100;1826163;1826127;401673;0;0;0;1826850
3622;gov2;IDX_SAWIT2;100;4;100;1835847;1835813;400179;0;0;0;1836542
3768;gov2;IDX_SAWIT2;100;4;100;1005001;1004965;208318;0;0;0;1005687
3910;gov2;IDX_SAWIT2;100;6;35;657046;657008;101774;0;0;0;657730
3931;gov2;IDX_SAWIT2;100;4;100;14047064;14047029;3493772;0;0;0;14047746
4257;gov2;IDX_SAWIT2;100;2;100;460855;460825;42641;0;0;0;461528
4314;gov2;IDX_SAWIT2;100;3;100;101085;101053;25546;0;0;0;106566
4411;gov2;IDX_SAWIT2;100;3;100;3039910;3039879;794919;0;0;0;3043572
4415;gov2;IDX_SAWIT2;100;3;100;1387819;1387786;324257;0;0;0;1388493
4448;gov2;IDX_SAWIT2;100;6;100;6418295;6418258;1123935;0;0;0;6422013
4523;gov2;IDX_SAWIT2;100;9;100;15466755;15466711;2067673;0;0;0;15467428
4572;gov2;IDX_SAWIT2;100;5;100;3461494;3461458;635853;0;0;0;3462131
4708;gov2;IDX_SAWIT2;100;3;100;760148;760116;187687;0;0;0;760813
4712;gov2;IDX_SAWIT2;100;2;100;119683;119654;37936;0;0;0;120383
4720;gov2;IDX_SAWIT2;100;3;100;46272;46239;11542;0;0;0;46924
4727;gov2;IDX_SAWIT2;100;5;100;910619;910585;163503;0;0;0;911297
4740;gov2;IDX_SAWIT2;100;3;8;103783;103751;24187;0;0;0;104446
4875;gov2;IDX_SAWIT2;100;2;100;730213;730183;229164;0;0;0;730879
4956;gov2;IDX_SAWIT2;100;3;100;1865027;1864994;504638;0;0;0;1868801
4983;gov2;IDX_SAWIT2;100;9;100;2303596;2303552;267439;0;0;0;2304250
5013;gov2;IDX_SAWIT2;100;3;100;258710;258678;65580;0;0;0;259376
5017;gov2;IDX_SAWIT2;100;5;100;1722868;1722832;308708;0;0;0;1723543
5138;gov2;IDX_SAWIT2;100;3;0;496;464;54;0;0;0;1053
5258;gov2;IDX_SAWIT2;100;6;100;3968518;3968495;671656;0;0;0;3969157
5884;gov2;IDX_SAWIT2;100;6;100;10134893;10134854;1724650;0;0;0;10135567
5927;gov2;IDX_SAWIT2;100;16;2;162240;162181;11255;0;0;0;162931
5941;gov2;IDX_SAWIT2;100;3;100;98978;98945;23452;0;0;0;99668
5971;gov2;IDX_SAWIT2;100;12;100;653698;653644;62575;0;0;0;654411
6062;gov2;IDX_SAWIT2;100;4;23;519381;519347;102708;0;0;0;520050
6161;gov2;IDX_SAWIT2;100;3;100;509828;509797;121288;0;0;0;510470
6480;gov2;IDX_SAWIT2;100;2;100;186467;186444;56988;0;0;0;187072
6785;gov2;IDX_SAWIT2;100;3;100;763183;763159;181628;0;0;0;763788
6811;gov2;IDX_SAWIT2;100;5;100;7400872;7400843;1386313;0;0;0;7404853
7005;gov2;IDX_SAWIT2;100;4;100;718066;718031;166366;0;0;0;718759
7078;gov2;IDX_SAWIT2;100;5;100;2998456;2998417;551003;0;0;0;2999144
7172;gov2;IDX_SAWIT2;100;2;100;1700663;1700632;554207;0;0;0;1704278
7188;gov2;IDX_SAWIT2;100;4;100;1472022;1471985;320633;0;0;0;1472728
7211;gov2;IDX_SAWIT2;100;4;100;1502316;1502280;305261;0;0;0;1503013
7450;gov2;IDX_SAWIT2;100;8;100;3108531;3108488;434128;0;0;0;3109208
7552;gov2;IDX_SAWIT2;100;3;79;231872;231838;53717;0;0;0;232561
7635;gov2;IDX_SAWIT2;100;1;100;13072;13044;5391;0;0;0;13655
7712;gov2;IDX_SAWIT2;100;5;53;254865;254840;42656;0;0;0;255532
7956;gov2;IDX_SAWIT2;100;2;100;213173;213142;65522;0;0;0;213834
8018;gov2;IDX_SAWIT2;100;6;53;871590;871549;138710;0;0;0;872289
8847;gov2;IDX_SAWIT2;100;2;100;276920;276890;90463;0;0;0;277622
8946;gov2;IDX_SAWIT2;100;6;4;117204;117163;17212;0;0;0;117893
8961;gov2;IDX_SAWIT2;100;5;23;41178;41139;6746;0;0;0;41857
9061;gov2;IDX_SAWIT2;100;3;100;2567255;2567224;651739;0;0;0;2570336
9178;gov2;IDX_SAWIT2;100;4;100;1749536;1749500;378569;0;0;0;1750248
9275;gov2;IDX_SAWIT2;100;4;100;905938;905902;200236;0;0;0;906645
9523;gov2;IDX_SAWIT2;100;5;100;10525408;10525371;2195208;0;0;0;10727072
9527;gov2;IDX_SAWIT2;100;6;100;2513775;2513727;422568;0;0;0;2514425
9535;gov2;IDX_SAWIT2;100;3;100;1357577;1357543;330042;0;0;0;1358258
9540;gov2;IDX_SAWIT2;100;4;11;222350;222314;46062;0;0;0;223023
9726;gov2;IDX_SAWIT2;100;2;100;420141;420110;137670;0;0;0;420822
9730;gov2;IDX_SAWIT2;100;7;100;3522280;3522238;525140;0;0;0;3522954
9839;gov2;IDX_SAWIT2;100;4;100;4215960;4215925;936833;0;0;0;4219351
9840;gov2;IDX_SAWIT2;100;3;100;1683901;1683865;429906;0;0;0;1687115
9866;gov2;IDX_SAWIT2;100;4;100;402385;402349;85893;0;0;0;403119
9950;gov2;IDX_SAWIT2;100;3;100;196103;196069;49984;0;0;0;196804
9957;gov2;IDX_SAWIT2;100;2;100;115441;115410;37896;0;0;0;116159
9977;gov2;IDX_SAWIT2;100;3;100;86094;86061;20981;0;0;0;86798
9991;gov2;IDX_SAWIT2;100;9;2;1651316;1651269;180513;0;0;0;1652062
10021;gov2;IDX_SAWIT2;100;4;100;1746415;1746378;397471;0;0;0;1747074
10063;gov2;IDX_SAWIT2;100;3;100;1761120;1761085;432610;0;0;0;1761750
10139;gov2;IDX_SAWIT2;100;3;100;305058;305024;74736;0;0;0;305703
10231;gov2;IDX_SAWIT2;100;8;100;59487;59445;7526;0;0;0;60113
10395;gov2;IDX_SAWIT2;100;3;100;439059;439028;103919;0;0;0;439694
10397;gov2;IDX_SAWIT2;100;6;100;2692724;2692692;435651;0;0;0;2693324
10470;gov2;IDX_SAWIT2;100;4;100;3135934;3135908;728566;0;0;0;3183532
11060;gov2;IDX_SAWIT2;100;2;100;337275;337230;109167;0;0;0;337909
11077;gov2;IDX_SAWIT2;100;3;100;1007466;1007441;241587;0;0;0;1008001
11155;gov2;IDX_SAWIT2;100;5;1;8265;8228;1306;0;0;0;8712
