68;gov2;INVIDX;10;4;10;14526;14490;0;0;15318;3495144;15905
250;gov2;INVIDX;10;6;10;245092;245065;0;0;125276;28506997;245694
503;gov2;INVIDX;10;4;10;17262;17223;0;0;16108;15852528;17803
561;gov2;INVIDX;10;8;10;571034;571000;0;0;234308;43929826;571658
683;gov2;INVIDX;10;5;10;44479;44434;0;0;23106;9134256;45065
918;gov2;INVIDX;10;7;10;78822;78789;0;0;33276;24423858;79387
1153;gov2;INVIDX;10;5;10;13612;13578;0;0;4617;23673910;14188
1178;gov2;INVIDX;10;6;10;25263;25236;0;0;10164;2882270;25786
1206;gov2;INVIDX;10;4;10;126361;126339;0;0;179137;9062336;127010
1394;gov2;INVIDX;10;5;10;41378;41335;0;0;25408;17364896;41964
1465;gov2;INVIDX;10;3;10;8446;8420;0;0;11801;2400379;8996
1734;gov2;INVIDX;10;4;10;13551;13529;0;0;5584;33668576;14118
1847;gov2;INVIDX;10;4;10;71717;71695;0;0;40975;9878031;72318
1984;gov2;INVIDX;10;2;10;1233;1207;0;0;3780;25818;1807
2007;gov2;INVIDX;10;4;10;21133;21111;0;0;16267;4202233;21700
2127;gov2;INVIDX;10;9;10;249352;249315;0;0;96054;40370102;250005
2176;gov2;INVIDX;10;4;10;136310;136271;0;0;100055;9985432;136962
2198;gov2;INVIDX;10;4;10;2581;2543;0;0;2650;1770066;3150
2203;gov2;INVIDX;10;2;10;164691;164673;0;0;560879;4965853;165340
2244;gov2;INVIDX;10;3;10;50921;50883;0;0;56462;3937721;51532
2388;gov2;INVIDX;10;2;10;15990;15969;0;0;24284;3175824;16569
2440;gov2;INVIDX;10;3;10;52890;52867;0;0;77064;1525387;53485
2653;gov2;INVIDX;10;5;10;26253;26220;0;0;9961;19397421;26827
2875;gov2;INVIDX;10;4;10;12936;12912;0;0;10543;11646552;13513
2896;gov2;INVIDX;10;3;10;33568;33548;0;0;31393;2165345;34144
3219;gov2;INVIDX;10;5;10;26581;26555;0;0;41821;18218160;27154
3414;gov2;INVIDX;10;4;10;27075;27050;0;0;36879;28471967;27655
3605;gov2;INVIDX;10;4;10;56285;56261;0;0;28695;19413784;56871
3622;gov2;INVIDX;10;4;10;35102;35077;0;0;40410;25385234;35687
3768;gov2;INVIDX;10;4;10;10928;10900;0;0;7074;2115532;11464
3910;gov2;INVIDX;10;6;10;43845;43819;0;0;15200;18937059;44428
3931;gov2;INVIDX;10;4;10;437028;437004;0;0;454766;22159393;437665
4257;gov2;INVIDX;10;2;10;1316;1281;0;0;1871;266542;1879
4314;gov2;INVIDX;10;3;10;15879;15859;0;0;24383;7931199;16432
4411;gov2;INVIDX;10;3;10;60397;60377;0;0;76149;8440616;60995
4415;gov2;INVIDX;10;3;10;6482;6450;0;0;8009;415244;7041
4448;gov2;INVIDX;10;6;10;186243;186216;0;0;91388;29993364;186880
4523;gov2;INVIDX;10;9;10;241914;241864;0;0;68022;70257810;242565
4572;gov2;INVIDX;10;5;10;31418;31375;0;0;23908;9264231;32000
4708;gov2;INVIDX;10;3;10;11374;11354;0;0;13949;194069;11939
4712;gov2;INVIDX;10;2;10;3386;3369;0;0;4853;618818;3955
4720;gov2;INVIDX;10;3;10;8437;8418;0;0;17235;16949487;9004
4727;gov2;INVIDX;10;5;10;17546;17522;0;0;8470;25403316;18131
4740;gov2;INVIDX;10;3;10;5090;5069;0;0;7116;5039428;5654
4875;gov2;INVIDX;10;2;10;5816;5799;0;0;7302;198082;6377
4956;gov2;INVIDX;10;3;10;83603;83583;0;0;105717;26360781;84234
4983;gov2;INVIDX;10;9;10;65676;65628;0;0;9829;51226141;66270
5013;gov2;INVIDX;10;3;10;10939;10914;0;0;6342;22783441;11513
5017;gov2;INVIDX;10;5;10;26629;26603;0;0;9932;6221928;27207
5138;gov2;INVIDX;10;3;10;4638;4617;0;0;10198;969339;5203
5258;gov2;INVIDX;10;6;10;63624;63598;0;0;21050;24999152;64229
5884;gov2;INVIDX;10;6;10;165611;165575;0;0;76649;18436556;166239
5927;gov2;INVIDX;10;16;10;130258;130194;0;0;29589;76907921;130888
5941;gov2;INVIDX;10;3;10;12963;12927;0;0;50765;2735726;13487
5971;gov2;INVIDX;10;12;10;67799;67754;0;0;11401;77496380;68428
6062;gov2;INVIDX;10;4;10;12736;12700;0;0;7208;4433502;13301
6161;gov2;INVIDX;10;3;10;5241;5222;0;0;7102;1145896;5790
6480;gov2;INVIDX;10;2;10;2047;2030;0;0;3980;115701;2604
6785;gov2;INVIDX;10;3;10;16356;16337;0;0;23671;1857339;16869
6811;gov2;INVIDX;10;5;10;264487;264460;0;0;256159;8138796;265141
7005;gov2;INVIDX;10;4;10;103673;103633;0;0;94083;27811553;104314
7078;gov2;INVIDX;10;5;10;42391;42349;0;0;33449;7960240;42972
7172;gov2;INVIDX;10;2;10;51107;51091;0;0;96713;2886526;51678
7188;gov2;INVIDX;10;4;10;20200;20164;0;0;8817;15792391;20735
7211;gov2;INVIDX;10;4;10;25013;24989;0;0;16581;2165562;25600
7450;gov2;INVIDX;10;8;10;80897;80863;0;0;22783;52407458;81563
7552;gov2;INVIDX;10;3;10;10273;10240;0;0;14680;1748174;10872
7635;gov2;INVIDX;10;1;10;220;204;0;0;556;556;816
7712;gov2;INVIDX;10;5;10;4882;4855;0;0;2692;29308944;5466
7956;gov2;INVIDX;10;2;10;3016;2999;0;0;7624;34499;3586
8018;gov2;INVIDX;10;6;10;25129;25101;0;0;34280;24517422;25694
8847;gov2;INVIDX;10;2;10;12357;12338;0;0;19864;813584;12917
8946;gov2;INVIDX;10;6;10;17635;17606;0;0;10523;19798239;18174
8961;gov2;INVIDX;10;5;10;4195;4169;0;0;3038;18308170;4741
9061;gov2;INVIDX;10;3;10;21656;21636;0;0;16009;5301798;22218
9178;gov2;INVIDX;10;4;10;17679;17658;0;0;7678;21697614;18226
9275;gov2;INVIDX;10;4;10;26357;26336;0;0;14205;22464148;26911
9523;gov2;INVIDX;10;5;10;185296;185270;0;0;105191;27709658;185950
9527;gov2;INVIDX;10;6;10;55761;55718;0;0;19004;28675075;56358
9535;gov2;INVIDX;10;3;10;18165;18141;0;0;16066;2196138;18745
9540;gov2;INVIDX;10;4;10;9987;9964;0;0;5219;1253318;10552
9726;gov2;INVIDX;10;2;10;18722;18704;0;0;30360;1937207;19298
9730;gov2;INVIDX;10;7;10;86863;86832;0;0;21110;28727201;87439
9839;gov2;INVIDX;10;4;10;48386;48358;0;0;25230;4323361;48951
9840;gov2;INVIDX;10;3;10;25774;25754;0;0;20282;5741295;26343
9866;gov2;INVIDX;10;4;10;13291;13268;0;0;11036;16834164;13851
9950;gov2;INVIDX;10;3;10;5500;5479;0;0;5596;9774933;6090
9957;gov2;INVIDX;10;2;10;4086;4068;0;0;7033;195451;4647
9977;gov2;INVIDX;10;3;10;2748;2728;0;0;3994;3169157;3269
9991;gov2;INVIDX;10;9;10;157233;157199;0;0;51317;22715823;157877
10021;gov2;INVIDX;10;4;10;35531;35495;0;0;20532;31288241;36134
10063;gov2;INVIDX;10;3;10;10479;10456;0;0;8120;6756532;11041
10139;gov2;INVIDX;10;3;10;6349;6328;0;0;5964;3463783;6921
10231;gov2;INVIDX;10;8;10;1951;1918;0;0;426;42658784;2497
10395;gov2;INVIDX;10;3;10;7805;7786;0;0;10037;3321224;8374
10397;gov2;INVIDX;10;6;10;53423;53397;0;0;19443;11504270;53998
10470;gov2;INVIDX;10;4;10;57478;57452;0;0;31024;7714722;58064
11060;gov2;INVIDX;10;2;10;16303;16282;0;0;39629;1104752;16868
11077;gov2;INVIDX;10;3;10;14527;14506;0;0;13690;2927320;15079
11155;gov2;INVIDX;10;5;10;74846;74821;0;0;47201;27954826;75462
68;gov2;INVIDX;10;4;10;11925;11894;0;0;15318;3495144;12490
250;gov2;INVIDX;10;6;10;243520;243494;0;0;125276;28506997;244178
503;gov2;INVIDX;10;4;10;17300;17260;0;0;16108;15852528;17879
561;gov2;INVIDX;10;8;10;571105;571071;0;0;234308;43929826;571762
683;gov2;INVIDX;10;5;10;44374;44331;0;0;23106;9134256;44960
918;gov2;INVIDX;10;7;10;78779;78746;0;0;33276;24423858;79387
1153;gov2;INVIDX;10;5;10;13610;13575;0;0;4617;23673910;14190
1178;gov2;INVIDX;10;6;10;25260;25232;0;0;10164;2882270;25834
1206;gov2;INVIDX;10;4;10;126371;126349;0;0;179137;9062336;127027
1394;gov2;INVIDX;10;5;10;41383;41341;0;0;25408;17364896;42014
1465;gov2;INVIDX;10;3;10;8550;8519;0;0;11801;2400379;9126
1734;gov2;INVIDX;10;4;10;13778;13755;0;0;5584;33668576;14346
1847;gov2;INVIDX;10;4;10;71833;71811;0;0;40975;9878031;72431
1984;gov2;INVIDX;10;2;10;1232;1207;0;0;3780;25818;1787
2007;gov2;INVIDX;10;4;10;21129;21107;0;0;16267;4202233;21692
2127;gov2;INVIDX;10;9;10;249265;249228;0;0;96054;40370102;249881
2176;gov2;INVIDX;10;4;10;136279;136239;0;0;100055;9985432;136847
2198;gov2;INVIDX;10;4;10;2534;2499;0;0;2650;1770066;3042
2203;gov2;INVIDX;10;2;10;164787;164771;0;0;560879;4965853;165385
2244;gov2;INVIDX;10;3;10;50857;50820;0;0;56462;3937721;51407
2388;gov2;INVIDX;10;2;10;15939;15920;0;0;24284;3175824;16459
2440;gov2;INVIDX;10;3;10;52811;52790;0;0;77064;1525387;53348
2653;gov2;INVIDX;10;5;10;26228;26195;0;0;9961;19397421;26739
2875;gov2;INVIDX;10;4;10;12903;12882;0;0;10543;11646552;13434
2896;gov2;INVIDX;10;3;10;33562;33541;0;0;31393;2165345;34129
3219;gov2;INVIDX;10;5;10;26586;26558;0;0;41821;18218160;27182
3414;gov2;INVIDX;10;4;10;27067;27040;0;0;36879;28471967;27674
3605;gov2;INVIDX;10;4;10;56335;56311;0;0;28695;19413784;56966
3622;gov2;INVIDX;10;4;10;34957;34931;0;0;40410;25385234;35544
3768;gov2;INVIDX;10;4;10;10979;10952;0;0;7074;2115532;11540
3910;gov2;INVIDX;10;6;10;43789;43763;0;0;15200;18937059;44365
3931;gov2;INVIDX;10;4;10;436659;436635;0;0;454766;22159393;437290
4257;gov2;INVIDX;10;2;10;1319;1284;0;0;1871;266542;1892
4314;gov2;INVIDX;10;3;10;15867;15847;0;0;24383;7931199;16431
4411;gov2;INVIDX;10;3;10;60320;60300;0;0;76149;8440616;60937
4415;gov2;INVIDX;10;3;10;6482;6451;0;0;8009;415244;7051
4448;gov2;INVIDX;10;6;10;186015;185989;0;0;91388;29993364;186670
4523;gov2;INVIDX;10;9;10;241854;241802;0;0;68022;70257810;242519
4572;gov2;INVIDX;10;5;10;31393;31350;0;0;23908;9264231;31980
4708;gov2;INVIDX;10;3;10;11383;11361;0;0;13949;194069;11982
4712;gov2;INVIDX;10;2;10;3383;3365;0;0;4853;618818;3945
4720;gov2;INVIDX;10;3;10;8414;8394;0;0;17235;16949487;8971
4727;gov2;INVIDX;10;5;10;17518;17493;0;0;8470;25403316;18100
4740;gov2;INVIDX;10;3;10;5082;5061;0;0;7116;5039428;5653
4875;gov2;INVIDX;10;2;10;5819;5802;0;0;7302;198082;6375
4956;gov2;INVIDX;10;3;10;83561;83542;0;0;105717;26360781;84153
4983;gov2;INVIDX;10;9;10;65411;65362;0;0;9829;51226141;66004
5013;gov2;INVIDX;10;3;10;10919;10893;0;0;6342;22783441;11494
5017;gov2;INVIDX;10;5;10;26642;26616;0;0;9932;6221928;27210
5138;gov2;INVIDX;10;3;10;4630;4608;0;0;10198;969339;5189
5258;gov2;INVIDX;10;6;10;63571;63545;0;0;21050;24999152;64170
5884;gov2;INVIDX;10;6;10;165634;165599;0;0;76649;18436556;166258
5927;gov2;INVIDX;10;16;10;130474;130410;0;0;29589;76907921;131109
5941;gov2;INVIDX;10;3;10;12938;12904;0;0;50765;2735726;13520
5971;gov2;INVIDX;10;12;10;67911;67866;0;0;11401;77496380;68530
6062;gov2;INVIDX;10;4;10;12711;12675;0;0;7208;4433502;13236
6161;gov2;INVIDX;10;3;10;5248;5228;0;0;7102;1145896;5811
6480;gov2;INVIDX;10;2;10;2040;2023;0;0;3980;115701;2600
6785;gov2;INVIDX;10;3;10;16371;16351;0;0;23671;1857339;16959
6811;gov2;INVIDX;10;5;10;264450;264422;0;0;256159;8138796;265088
7005;gov2;INVIDX;10;4;10;103803;103764;0;0;94083;27811553;104452
7078;gov2;INVIDX;10;5;10;42409;42366;0;0;33449;7960240;42977
7172;gov2;INVIDX;10;2;10;50964;50946;0;0;96713;2886526;51572
7188;gov2;INVIDX;10;4;10;20197;20163;0;0;8817;15792391;20761
7211;gov2;INVIDX;10;4;10;24967;24945;0;0;16581;2165562;25533
7450;gov2;INVIDX;10;8;10;80835;80803;0;0;22783;52407458;81459
7552;gov2;INVIDX;10;3;10;10286;10253;0;0;14680;1748174;10861
7635;gov2;INVIDX;10;1;10;226;212;0;0;556;556;791
7712;gov2;INVIDX;10;5;10;4872;4847;0;0;2692;29308944;5435
7956;gov2;INVIDX;10;2;10;3098;3081;0;0;7624;34499;3667
8018;gov2;INVIDX;10;6;10;25649;25621;0;0;34280;24517422;26238
8847;gov2;INVIDX;10;2;10;12328;12308;0;0;19864;813584;12889
8946;gov2;INVIDX;10;6;10;17600;17569;0;0;10523;19798239;18163
8961;gov2;INVIDX;10;5;10;4193;4166;0;0;3038;18308170;4762
9061;gov2;INVIDX;10;3;10;21631;21611;0;0;16009;5301798;22197
9178;gov2;INVIDX;10;4;10;17709;17686;0;0;7678;21697614;18272
9275;gov2;INVIDX;10;4;10;26370;26349;0;0;14205;22464148;26946
9523;gov2;INVIDX;10;5;10;185201;185176;0;0;105191;27709658;185845
9527;gov2;INVIDX;10;6;10;55699;55655;0;0;19004;28675075;56294
9535;gov2;INVIDX;10;3;10;18171;18147;0;0;16066;2196138;18742
9540;gov2;INVIDX;10;4;10;9972;9949;0;0;5219;1253318;10525
9726;gov2;INVIDX;10;2;10;18695;18677;0;0;30360;1937207;19269
9730;gov2;INVIDX;10;7;10;86912;86880;0;0;21110;28727201;87518
9839;gov2;INVIDX;10;4;10;48325;48297;0;0;25230;4323361;48893
9840;gov2;INVIDX;10;3;10;25804;25784;0;0;20282;5741295;26382
9866;gov2;INVIDX;10;4;10;13280;13258;0;0;11036;16834164;13855
9950;gov2;INVIDX;10;3;10;5526;5505;0;0;5596;9774933;6085
9957;gov2;INVIDX;10;2;10;4082;4065;0;0;7033;195451;4647
9977;gov2;INVIDX;10;3;10;2756;2737;0;0;3994;3169157;3339
9991;gov2;INVIDX;10;9;10;156694;156659;0;0;51317;22715823;157303
10021;gov2;INVIDX;10;4;10;35550;35513;0;0;20532;31288241;36136
10063;gov2;INVIDX;10;3;10;10454;10430;0;0;8120;6756532;10982
10139;gov2;INVIDX;10;3;10;6376;6355;0;0;5964;3463783;6957
10231;gov2;INVIDX;10;8;10;1946;1914;0;0;426;42658784;2510
10395;gov2;INVIDX;10;3;10;8194;8175;0;0;10037;3321224;8764
10397;gov2;INVIDX;10;6;10;53659;53633;0;0;19443;11504270;54204
10470;gov2;INVIDX;10;4;10;57502;57476;0;0;31024;7714722;58068
11060;gov2;INVIDX;10;2;10;16284;16264;0;0;39629;1104752;16837
11077;gov2;INVIDX;10;3;10;14547;14527;0;0;13690;2927320;15106
11155;gov2;INVIDX;10;5;10;74876;74851;0;0;47201;27954826;75457
68;gov2;INVIDX;10;4;10;11920;11888;0;0;15318;3495144;12489
250;gov2;INVIDX;10;6;10;243587;243560;0;0;125276;28506997;244232
503;gov2;INVIDX;10;4;10;17256;17217;0;0;16108;15852528;17823
561;gov2;INVIDX;10;8;10;571151;571117;0;0;234308;43929826;571793
683;gov2;INVIDX;10;5;10;44319;44277;0;0;23106;9134256;44860
918;gov2;INVIDX;10;7;10;78846;78814;0;0;33276;24423858;79409
1153;gov2;INVIDX;10;5;10;13602;13567;0;0;4617;23673910;14098
1178;gov2;INVIDX;10;6;10;25204;25179;0;0;10164;2882270;25703
1206;gov2;INVIDX;10;4;10;125975;125956;0;0;179137;9062336;126565
1394;gov2;INVIDX;10;5;10;41336;41294;0;0;25408;17364896;41878
1465;gov2;INVIDX;10;3;10;8409;8384;0;0;11801;2400379;8926
1734;gov2;INVIDX;10;4;10;13562;13538;0;0;5584;33668576;14127
1847;gov2;INVIDX;10;4;10;71749;71725;0;0;40975;9878031;72376
1984;gov2;INVIDX;10;2;10;1229;1201;0;0;3780;25818;1823
2007;gov2;INVIDX;10;4;10;21117;21093;0;0;16267;4202233;21713
2127;gov2;INVIDX;10;9;10;248958;248921;0;0;96054;40370102;249584
2176;gov2;INVIDX;10;4;10;136495;136454;0;0;100055;9985432;137193
2198;gov2;INVIDX;10;4;10;2580;2541;0;0;2650;1770066;3180
2203;gov2;INVIDX;10;2;10;164794;164774;0;0;560879;4965853;165473
2244;gov2;INVIDX;10;3;10;50886;50847;0;0;56462;3937721;51423
2388;gov2;INVIDX;10;2;10;16048;16027;0;0;24284;3175824;16623
2440;gov2;INVIDX;10;3;10;52899;52875;0;0;77064;1525387;53491
2653;gov2;INVIDX;10;5;10;26268;26234;0;0;9961;19397421;26831
2875;gov2;INVIDX;10;4;10;12943;12919;0;0;10543;11646552;13496
2896;gov2;INVIDX;10;3;10;33575;33555;0;0;31393;2165345;34154
3219;gov2;INVIDX;10;5;10;26586;26558;0;0;41821;18218160;27173
3414;gov2;INVIDX;10;4;10;27047;27023;0;0;36879;28471967;27619
3605;gov2;INVIDX;10;4;10;56292;56268;0;0;28695;19413784;56975
3622;gov2;INVIDX;10;4;10;35571;35546;0;0;40410;25385234;36171
3768;gov2;INVIDX;10;4;10;11045;11016;0;0;7074;2115532;11611
3910;gov2;INVIDX;10;6;10;43842;43815;0;0;15200;18937059;44423
3931;gov2;INVIDX;10;4;10;436523;436499;0;0;454766;22159393;437177
4257;gov2;INVIDX;10;2;10;1317;1281;0;0;1871;266542;1912
4314;gov2;INVIDX;10;3;10;15866;15846;0;0;24383;7931199;16434
4411;gov2;INVIDX;10;3;10;60312;60292;0;0;76149;8440616;60922
4415;gov2;INVIDX;10;3;10;6493;6460;0;0;8009;415244;7059
4448;gov2;INVIDX;10;6;10;186116;186089;0;0;91388;29993364;186758
4523;gov2;INVIDX;10;9;10;241866;241815;0;0;68022;70257810;242500
4572;gov2;INVIDX;10;5;10;31390;31348;0;0;23908;9264231;31973
4708;gov2;INVIDX;10;3;10;11373;11352;0;0;13949;194069;11936
4712;gov2;INVIDX;10;2;10;3391;3373;0;0;4853;618818;3956
4720;gov2;INVIDX;10;3;10;8407;8388;0;0;17235;16949487;8968
4727;gov2;INVIDX;10;5;10;17533;17508;0;0;8470;25403316;18106
4740;gov2;INVIDX;10;3;10;5069;5048;0;0;7116;5039428;5632
4875;gov2;INVIDX;10;2;10;5821;5804;0;0;7302;198082;6377
4956;gov2;INVIDX;10;3;10;83572;83553;0;0;105717;26360781;84206
4983;gov2;INVIDX;10;9;10;65417;65369;0;0;9829;51226141;66004
5013;gov2;INVIDX;10;3;10;10919;10893;0;0;6342;22783441;11486
5017;gov2;INVIDX;10;5;10;26644;26618;0;0;9932;6221928;27219
5138;gov2;INVIDX;10;3;10;4633;4611;0;0;10198;969339;5192
5258;gov2;INVIDX;10;6;10;63565;63539;0;0;21050;24999152;64167
5884;gov2;INVIDX;10;6;10;165650;165615;0;0;76649;18436556;166281
5927;gov2;INVIDX;10;16;10;130495;130431;0;0;29589;76907921;131131
5941;gov2;INVIDX;10;3;10;12927;12893;0;0;50765;2735726;13488
5971;gov2;INVIDX;10;12;10;67924;67879;0;0;11401;77496380;68531
6062;gov2;INVIDX;10;4;10;12714;12678;0;0;7208;4433502;13283
6161;gov2;INVIDX;10;3;10;5233;5213;0;0;7102;1145896;5782
6480;gov2;INVIDX;10;2;10;2061;2044;0;0;3980;115701;2606
6785;gov2;INVIDX;10;3;10;16363;16344;0;0;23671;1857339;16917
6811;gov2;INVIDX;10;5;10;264262;264236;0;0;256159;8138796;264905
7005;gov2;INVIDX;10;4;10;103715;103674;0;0;94083;27811553;104361
7078;gov2;INVIDX;10;5;10;42409;42366;0;0;33449;7960240;42990
7172;gov2;INVIDX;10;2;10;50948;50930;0;0;96713;2886526;51554
7188;gov2;INVIDX;10;4;10;20200;20166;0;0;8817;15792391;20766
7211;gov2;INVIDX;10;4;10;24973;24951;0;0;16581;2165562;25547
7450;gov2;INVIDX;10;8;10;80805;80773;0;0;22783;52407458;81438
7552;gov2;INVIDX;10;3;10;10292;10259;0;0;14680;1748174;10873
7635;gov2;INVIDX;10;1;10;188;177;0;0;556;556;698
7712;gov2;INVIDX;10;5;10;4911;4893;0;0;2692;29308944;5454
7956;gov2;INVIDX;10;2;10;3015;2998;0;0;7624;34499;3536
8018;gov2;INVIDX;10;6;10;25276;25251;0;0;34280;24517422;25799
8847;gov2;INVIDX;10;2;10;12440;12417;0;0;19864;813584;12964
8946;gov2;INVIDX;10;6;10;17693;17666;0;0;10523;19798239;18196
8961;gov2;INVIDX;10;5;10;4155;4132;0;0;3038;18308170;4660
9061;gov2;INVIDX;10;3;10;21713;21695;0;0;16009;5301798;22248
9178;gov2;INVIDX;10;4;10;17720;17698;0;0;7678;21697614;18284
9275;gov2;INVIDX;10;4;10;26390;26369;0;0;14205;22464148;26932
9523;gov2;INVIDX;10;5;10;185031;185008;0;0;105191;27709658;185631
9527;gov2;INVIDX;10;6;10;55645;55603;0;0;19004;28675075;56192
9535;gov2;INVIDX;10;3;10;18146;18124;0;0;16066;2196138;18629
9540;gov2;INVIDX;10;4;10;9947;9927;0;0;5219;1253318;10413
9726;gov2;INVIDX;10;2;10;18660;18644;0;0;30360;1937207;19148
9730;gov2;INVIDX;10;7;10;86898;86868;0;0;21110;28727201;87448
9839;gov2;INVIDX;10;4;10;48298;48273;0;0;25230;4323361;48810
9840;gov2;INVIDX;10;3;10;25754;25736;0;0;20282;5741295;26289
9866;gov2;INVIDX;10;4;10;13235;13214;0;0;11036;16834164;13770
9950;gov2;INVIDX;10;3;10;5481;5467;0;0;5596;9774933;5901
9957;gov2;INVIDX;10;2;10;4209;4190;0;0;7033;195451;4808
9977;gov2;INVIDX;10;3;10;2766;2744;0;0;3994;3169157;3353
9991;gov2;INVIDX;10;9;10;157195;157158;0;0;51317;22715823;157861
10021;gov2;INVIDX;10;4;10;35539;35503;0;0;20532;31288241;36095
10063;gov2;INVIDX;10;3;10;10463;10439;0;0;8120;6756532;10987
10139;gov2;INVIDX;10;3;10;6381;6360;0;0;5964;3463783;6945
10231;gov2;INVIDX;10;8;10;1944;1910;0;0;426;42658784;2524
10395;gov2;INVIDX;10;3;10;7831;7812;0;0;10037;3321224;8391
10397;gov2;INVIDX;10;6;10;53427;53401;0;0;19443;11504270;53997
10470;gov2;INVIDX;10;4;10;57467;57444;0;0;31024;7714722;58013
11060;gov2;INVIDX;10;2;10;16325;16303;0;0;39629;1104752;16929
11077;gov2;INVIDX;10;3;10;14559;14539;0;0;13690;2927320;15125
11155;gov2;INVIDX;10;5;10;74939;74913;0;0;47201;27954826;75549
68;gov2;INVIDX;100;4;100;64624;64588;0;0;132262;3495144;65936
250;gov2;INVIDX;100;6;100;282155;282113;0;0;164765;28506997;282765
503;gov2;INVIDX;100;4;100;31342;31304;0;0;35292;15852528;31874
561;gov2;INVIDX;100;8;100;774219;774183;0;0;400875;43929826;774825
683;gov2;INVIDX;100;5;100;79548;79505;0;0;59915;9134256;80176
918;gov2;INVIDX;100;7;100;133261;133222;0;0;70775;24423858;133924
1153;gov2;INVIDX;100;5;100;36714;36674;0;0;21859;23673910;37300
1178;gov2;INVIDX;100;6;100;38948;38919;0;0;38643;2882270;39521
1206;gov2;INVIDX;100;4;100;159883;159859;0;0;228759;9062336;160519
1394;gov2;INVIDX;100;5;100;69378;69333;0;0;58019;17364896;70010
1465;gov2;INVIDX;100;3;100;15915;15881;0;0;26138;2400379;16509
1734;gov2;INVIDX;100;4;100;61868;61845;0;0;113870;33668576;62495
1847;gov2;INVIDX;100;4;100;133012;132980;0;0;198772;9878031;133657
1984;gov2;INVIDX;100;2;100;5992;5959;0;0;25806;25818;6570
2007;gov2;INVIDX;100;4;100;32160;32137;0;0;38252;4202233;32728
2127;gov2;INVIDX;100;9;100;522638;522598;0;0;247100;40370102;523319
2176;gov2;INVIDX;100;4;100;155579;155540;0;0;136546;9985432;156248
2198;gov2;INVIDX;100;4;100;5347;5309;0;0;9623;1770066;5889
2203;gov2;INVIDX;100;2;100;166292;166274;0;0;561599;4965853;166951
2244;gov2;INVIDX;100;3;100;66567;66528;0;0;99866;3937721;67211
2388;gov2;INVIDX;100;2;100;18902;18875;0;0;36473;3175824;19478
2440;gov2;INVIDX;100;3;100;58037;58016;0;0;90396;1525387;58656
2653;gov2;INVIDX;100;5;100;45456;45418;0;0;45586;19397421;46044
2875;gov2;INVIDX;100;4;100;27838;27811;0;0;33478;11646552;28416
2896;gov2;INVIDX;100;3;100;43518;43496;0;0;59614;2165345;44132
3219;gov2;INVIDX;100;5;100;79894;79864;0;0;171934;18218160;80517
3414;gov2;INVIDX;100;4;100;30013;29978;0;0;41144;28471967;30603
3605;gov2;INVIDX;100;4;100;90408;90385;0;0;74050;19413784;91023
3622;gov2;INVIDX;100;4;100;118517;118483;0;0;238176;25385234;119170
3768;gov2;INVIDX;100;4;100;28585;28544;0;0;27336;2115532;29164
3910;gov2;INVIDX;100;6;100;115804;115777;0;0;68520;18937059;116457
3931;gov2;INVIDX;100;4;100;465171;465135;0;0;483848;22159393;465829
4257;gov2;INVIDX;100;2;100;36380;36345;0;0;178580;266542;37003
4314;gov2;INVIDX;100;3;100;20009;19981;0;0;34146;7931199;20590
4411;gov2;INVIDX;100;3;100;63788;63765;0;0;82684;8440616;64403
4415;gov2;INVIDX;100;3;100;12659;12627;0;0;22694;415244;13233
4448;gov2;INVIDX;100;6;100;280215;280189;0;0;162671;29993364;280863
4523;gov2;INVIDX;100;9;100;428968;428917;0;0;155660;70257810;429644
4572;gov2;INVIDX;100;5;100;79901;79857;0;0;109979;9264231;80533
4708;gov2;INVIDX;100;3;100;13334;13304;0;0;20252;194069;13905
4712;gov2;INVIDX;100;2;100;3972;3954;0;0;6737;618818;4534
4720;gov2;INVIDX;100;3;100;78723;78703;0;0;196391;16949487;79376
4727;gov2;INVIDX;100;5;100;33478;33436;0;0;17594;25403316;34086
4740;gov2;INVIDX;100;3;100;18630;18606;0;0;46398;5039428;19207
4875;gov2;INVIDX;100;2;100;26624;26603;0;0;90487;198082;27206
4956;gov2;INVIDX;100;3;100;87153;87128;0;0;115891;26360781;87798
4983;gov2;INVIDX;100;9;100;158827;158778;0;0;74175;51226141;159483
5013;gov2;INVIDX;100;3;100;28349;28314;0;0;41919;22783441;28954
5017;gov2;INVIDX;100;5;100;46786;46755;0;0;25160;6221928;47392
5138;gov2;INVIDX;100;3;100;7257;7233;0;0;20589;969339;7840
5258;gov2;INVIDX;100;6;100;134617;134590;0;0;60294;24999152;135231
5884;gov2;INVIDX;100;6;100;211808;211763;0;0;127067;18436556;212466
5927;gov2;INVIDX;100;16;100;569478;569407;0;0;142418;76907921;570176
5941;gov2;INVIDX;100;3;100;24229;24189;0;0;72283;2735726;24830
5971;gov2;INVIDX;100;12;100;386495;386447;0;0;101193;77496380;387130
6062;gov2;INVIDX;100;4;100;23437;23396;0;0;29861;4433502;24013
6161;gov2;INVIDX;100;3;100;12221;12199;0;0;23588;1145896;12811
6480;gov2;INVIDX;100;2;100;3328;3309;0;0;8566;115701;3920
6785;gov2;INVIDX;100;3;100;24711;24689;0;0;48636;1857339;25313
6811;gov2;INVIDX;100;5;100;324552;324522;0;0;375299;8138796;325190
7005;gov2;INVIDX;100;4;100;106739;106698;0;0;97840;27811553;107420
7078;gov2;INVIDX;100;5;100;56927;56883;0;0;55162;7960240;57568
7172;gov2;INVIDX;100;2;100;52824;52801;0;0;102551;2886526;53481
7188;gov2;INVIDX;100;4;100;41593;41557;0;0;43037;15792391;42211
7211;gov2;INVIDX;100;4;100;34407;34380;0;0;40718;2165562;35004
7450;gov2;INVIDX;100;8;100;231041;231006;0;0;102319;52407458;231736
7552;gov2;INVIDX;100;3;100;39916;39878;0;0;63409;1748174;40540
7635;gov2;INVIDX;100;1;100;240;220;0;0;556;556;810
7712;gov2;INVIDX;100;5;100;16221;16195;0;0;16627;29308944;16765
7956;gov2;INVIDX;100;2;100;9970;9949;0;0;33780;34499;10565
8018;gov2;INVIDX;100;6;100;38331;38300;0;0;45338;24517422;38939
8847;gov2;INVIDX;100;2;100;13572;13549;0;0;24342;813584;14175
8946;gov2;INVIDX;100;6;100;27471;27441;0;0;24240;19798239;28049
8961;gov2;INVIDX;100;5;100;6338;6309;0;0;7570;18308170;6893
9061;gov2;INVIDX;100;3;100;33926;33907;0;0;45347;5301798;34504
9178;gov2;INVIDX;100;4;100;36338;36313;0;0;30318;21697614;36902
9275;gov2;INVIDX;100;4;100;32686;32661;0;0;23313;22464148;33258
9523;gov2;INVIDX;100;5;100;215608;215583;0;0;152638;27709658;216296
9527;gov2;INVIDX;100;6;100;116502;116458;0;0;61939;28675075;117148
9535;gov2;INVIDX;100;3;100;26300;26264;0;0;31849;2196138;26911
9540;gov2;INVIDX;100;4;100;19021;18995;0;0;22257;1253318;19592
9726;gov2;INVIDX;100;2;100;19157;19136;0;0;31722;1937207;19750
9730;gov2;INVIDX;100;7;100;141371;141336;0;0;63056;28727201;142028
9839;gov2;INVIDX;100;4;100;64958;64926;0;0;49749;4323361;65551
9840;gov2;INVIDX;100;3;100;33333;33312;0;0;40063;5741295;33919
9866;gov2;INVIDX;100;4;100;32119;32094;0;0;37265;16834164;32707
9950;gov2;INVIDX;100;3;100;8385;8362;0;0;14597;9774933;8953
9957;gov2;INVIDX;100;2;100;5033;5015;0;0;10272;195451;5550
9977;gov2;INVIDX;100;3;100;15918;15899;0;0;44311;3169157;16486
9991;gov2;INVIDX;100;9;100;249450;249413;0;0;123822;22715823;250093
10021;gov2;INVIDX;100;4;100;39268;39228;0;0;25971;31288241;39896
10063;gov2;INVIDX;100;3;100;15343;15314;0;0;17307;6756532;15895
10139;gov2;INVIDX;100;3;100;49543;49524;0;0;148933;3463783;50149
10231;gov2;INVIDX;100;8;100;32998;32955;0;0;10325;42658784;33582
10395;gov2;INVIDX;100;3;100;26529;26507;0;0;44628;3321224;27122
10397;gov2;INVIDX;100;6;100;111761;111730;0;0;58424;11504270;112377
10470;gov2;INVIDX;100;4;100;72913;72880;0;0;55322;7714722;73515
11060;gov2;INVIDX;100;2;100;20308;20284;0;0;55949;1104752;20888
11077;gov2;INVIDX;100;3;100;17545;17524;0;0;21820;2927320;18113
11155;gov2;INVIDX;100;5;100;80302;80276;0;0;55840;27954826;80920
68;gov2;INVIDX;100;4;100;61449;61415;0;0;132262;3495144;62072
250;gov2;INVIDX;100;6;100;282049;282009;0;0;164765;28506997;282708
503;gov2;INVIDX;100;4;100;31365;31325;0;0;35292;15852528;31946
561;gov2;INVIDX;100;8;100;774044;774009;0;0;400875;43929826;774703
683;gov2;INVIDX;100;5;100;79538;79496;0;0;59915;9134256;80175
918;gov2;INVIDX;100;7;100;133298;133257;0;0;70775;24423858;133928
1153;gov2;INVIDX;100;5;100;36728;36687;0;0;21859;23673910;37321
1178;gov2;INVIDX;100;6;100;38915;38886;0;0;38643;2882270;39497
1206;gov2;INVIDX;100;4;100;159841;159817;0;0;228759;9062336;160475
1394;gov2;INVIDX;100;5;100;69338;69301;0;0;58019;17364896;69944
1465;gov2;INVIDX;100;3;100;15921;15887;0;0;26138;2400379;16495
1734;gov2;INVIDX;100;4;100;61863;61840;0;0;113870;33668576;62483
1847;gov2;INVIDX;100;4;100;132871;132839;0;0;198772;9878031;133493
1984;gov2;INVIDX;100;2;100;6079;6051;0;0;25806;25818;6583
2007;gov2;INVIDX;100;4;100;32275;32252;0;0;38252;4202233;32824
2127;gov2;INVIDX;100;9;100;522549;522509;0;0;247100;40370102;523206
2176;gov2;INVIDX;100;4;100;155771;155739;0;0;136546;9985432;156359
2198;gov2;INVIDX;100;4;100;5321;5291;0;0;9623;1770066;5815
2203;gov2;INVIDX;100;2;100;166365;166353;0;0;561599;4965853;166963
2244;gov2;INVIDX;100;3;100;66526;66494;0;0;99866;3937721;67103
2388;gov2;INVIDX;100;2;100;18866;18844;0;0;36473;3175824;19365
2440;gov2;INVIDX;100;3;100;57515;57500;0;0;90396;1525387;58057
2653;gov2;INVIDX;100;5;100;45365;45328;0;0;45586;19397421;45995
2875;gov2;INVIDX;100;4;100;27775;27746;0;0;33478;11646552;28389
2896;gov2;INVIDX;100;3;100;43544;43520;0;0;59614;2165345;44124
3219;gov2;INVIDX;100;5;100;79904;79882;0;0;171934;18218160;80473
3414;gov2;INVIDX;100;4;100;29983;29956;0;0;41144;28471967;30511
3605;gov2;INVIDX;100;4;100;90425;90402;0;0;74050;19413784;91072
3622;gov2;INVIDX;100;4;100;117338;117301;0;0;238176;25385234;118010
3768;gov2;INVIDX;100;4;100;28646;28606;0;0;27336;2115532;29223
3910;gov2;INVIDX;100;6;100;114998;114970;0;0;68520;18937059;115642
3931;gov2;INVIDX;100;4;100;458616;458580;0;0;483848;22159393;459241
4257;gov2;INVIDX;100;2;100;36349;36321;0;0;178580;266542;36931
4314;gov2;INVIDX;100;3;100;20006;19979;0;0;34146;7931199;20577
4411;gov2;INVIDX;100;3;100;63713;63698;0;0;82684;8440616;64254
4415;gov2;INVIDX;100;3;100;12621;12595;0;0;22694;415244;13130
4448;gov2;INVIDX;100;6;100;279893;279875;0;0;162671;29993364;280601
4523;gov2;INVIDX;100;9;100;429292;429238;0;0;155660;70257810;429993
4572;gov2;INVIDX;100;5;100;79582;79539;0;0;109979;9264231;80095
4708;gov2;INVIDX;100;3;100;13436;13407;0;0;20252;194069;13807
4712;gov2;INVIDX;100;2;100;3976;3957;0;0;6737;618818;4382
4720;gov2;INVIDX;100;3;100;78715;78700;0;0;196391;16949487;79169
4727;gov2;INVIDX;100;5;100;33371;33336;0;0;17594;25403316;33783
4740;gov2;INVIDX;100;3;100;18566;18548;0;0;46398;5039428;18973
4875;gov2;INVIDX;100;2;100;26590;26574;0;0;90487;198082;26985
4956;gov2;INVIDX;100;3;100;87119;87099;0;0;115891;26360781;87570
4983;gov2;INVIDX;100;9;100;158563;158522;0;0;74175;51226141;159045
5013;gov2;INVIDX;100;3;100;28266;28236;0;0;41919;22783441;28680
5017;gov2;INVIDX;100;5;100;46841;46819;0;0;25160;6221928;47218
5138;gov2;INVIDX;100;3;100;7214;7198;0;0;20589;969339;7582
5258;gov2;INVIDX;100;6;100;134526;134507;0;0;60294;24999152;134976
5884;gov2;INVIDX;100;6;100;212109;212073;0;0;127067;18436556;212585
5927;gov2;INVIDX;100;16;100;570343;570285;0;0;142418;76907921;570841
5941;gov2;INVIDX;100;3;100;24201;24167;0;0;72283;2735726;24599
5971;gov2;INVIDX;100;12;100;387653;387617;0;0;101193;77496380;388104
6062;gov2;INVIDX;100;4;100;23316;23283;0;0;29861;4433502;23698
6161;gov2;INVIDX;100;3;100;12160;12146;0;0;23588;1145896;12535
6480;gov2;INVIDX;100;2;100;3275;3262;0;0;8566;115701;3640
6785;gov2;INVIDX;100;3;100;24677;24663;0;0;48636;1857339;25070
6811;gov2;INVIDX;100;5;100;324313;324291;0;0;375299;8138796;324783
7005;gov2;INVIDX;100;4;100;106710;106676;0;0;97840;27811553;107185
7078;gov2;INVIDX;100;5;100;56916;56880;0;0;55162;7960240;57325
7172;gov2;INVIDX;100;2;100;52846;52832;0;0;102551;2886526;53280
7188;gov2;INVIDX;100;4;100;41603;41575;0;0;43037;15792391;42004
7211;gov2;INVIDX;100;4;100;34391;34372;0;0;40718;2165562;34772
7450;gov2;INVIDX;100;8;100;230857;230833;0;0;102319;52407458;231339
7552;gov2;INVIDX;100;3;100;39947;39915;0;0;63409;1748174;40361
7635;gov2;INVIDX;100;1;100;198;185;0;0;556;556;565
7712;gov2;INVIDX;100;5;100;16188;16171;0;0;16627;29308944;16572
7956;gov2;INVIDX;100;2;100;9898;9884;0;0;33780;34499;10275
8018;gov2;INVIDX;100;6;100;38287;38265;0;0;45338;24517422;38697
8847;gov2;INVIDX;100;2;100;13512;13494;0;0;24342;813584;13886
8946;gov2;INVIDX;100;6;100;27397;27374;0;0;24240;19798239;27787
8961;gov2;INVIDX;100;5;100;6285;6262;0;0;7570;18308170;6654
9061;gov2;INVIDX;100;3;100;33831;33817;0;0;45347;5301798;34227
9178;gov2;INVIDX;100;4;100;36331;36312;0;0;30318;21697614;36710
9275;gov2;INVIDX;100;4;100;32923;32905;0;0;23313;22464148;33361
9523;gov2;INVIDX;100;5;100;215540;215518;0;0;152638;27709658;216012
9527;gov2;INVIDX;100;6;100;116124;116085;0;0;61939;28675075;116593
9535;gov2;INVIDX;100;3;100;26122;26095;0;0;31849;2196138;26509
9540;gov2;INVIDX;100;4;100;18961;18944;0;0;22257;1253318;19333
9726;gov2;INVIDX;100;2;100;19085;19072;0;0;31722;1937207;19472
9730;gov2;INVIDX;100;7;100;141385;141360;0;0;63056;28727201;141833
9839;gov2;INVIDX;100;4;100;64843;64816;0;0;49749;4323361;65255
9840;gov2;INVIDX;100;3;100;33295;33280;0;0;40063;5741295;33694
9866;gov2;INVIDX;100;4;100;32051;32033;0;0;37265;16834164;32451
9950;gov2;INVIDX;100;3;100;8364;8349;0;0;14597;9774933;8696
9957;gov2;INVIDX;100;2;100;5082;5070;0;0;10272;195451;5390
9977;gov2;INVIDX;100;3;100;16047;16034;0;0;44311;3169157;16431
9991;gov2;INVIDX;100;9;100;248862;248835;0;0;123822;22715823;249317
10021;gov2;INVIDX;100;4;100;39124;39091;0;0;25971;31288241;39531
10063;gov2;INVIDX;100;3;100;15217;15198;0;0;17307;6756532;15596
10139;gov2;INVIDX;100;3;100;49492;49477;0;0;148933;3463783;49906
10231;gov2;INVIDX;100;8;100;32914;32880;0;0;10325;42658784;33310
10395;gov2;INVIDX;100;3;100;26541;26525;0;0;44628;3321224;26933
10397;gov2;INVIDX;100;6;100;111707;111685;0;0;58424;11504270;112132
10470;gov2;INVIDX;100;4;100;72747;72720;0;0;55322;7714722;73162
11060;gov2;INVIDX;100;2;100;20281;20262;0;0;55949;1104752;20668
11077;gov2;INVIDX;100;3;100;17531;17516;0;0;21820;2927320;17910
11155;gov2;INVIDX;100;5;100;80272;80253;0;0;55840;27954826;80697
68;gov2;INVIDX;100;4;100;61380;61353;0;0;132262;3495144;61805
250;gov2;INVIDX;100;6;100;282286;282252;0;0;164765;28506997;282730
503;gov2;INVIDX;100;4;100;31287;31253;0;0;35292;15852528;31687
561;gov2;INVIDX;100;8;100;774357;774329;0;0;400875;43929826;774824
683;gov2;INVIDX;100;5;100;79451;79413;0;0;59915;9134256;79877
918;gov2;INVIDX;100;7;100;133289;133257;0;0;70775;24423858;133763
1153;gov2;INVIDX;100;5;100;36710;36678;0;0;21859;23673910;37111
1178;gov2;INVIDX;100;6;100;38856;38834;0;0;38643;2882270;39233
1206;gov2;INVIDX;100;4;100;159476;159459;0;0;228759;9062336;159923
1394;gov2;INVIDX;100;5;100;69482;69445;0;0;58019;17364896;69930
1465;gov2;INVIDX;100;3;100;15984;15956;0;0;26138;2400379;16348
1734;gov2;INVIDX;100;4;100;61875;61858;0;0;113870;33668576;62304
1847;gov2;INVIDX;100;4;100;133037;133011;0;0;198772;9878031;133497
1984;gov2;INVIDX;100;2;100;5998;5969;0;0;25806;25818;6365
2007;gov2;INVIDX;100;4;100;32188;32167;0;0;38252;4202233;32542
2127;gov2;INVIDX;100;9;100;522462;522428;0;0;247100;40370102;522913
2176;gov2;INVIDX;100;4;100;155361;155328;0;0;136546;9985432;155847
2198;gov2;INVIDX;100;4;100;5310;5277;0;0;9623;1770066;5691
2203;gov2;INVIDX;100;2;100;166246;166233;0;0;561599;4965853;166714
2244;gov2;INVIDX;100;3;100;66513;66481;0;0;99866;3937721;66961
2388;gov2;INVIDX;100;2;100;18923;18901;0;0;36473;3175824;19316
2440;gov2;INVIDX;100;3;100;57480;57464;0;0;90396;1525387;57895
2653;gov2;INVIDX;100;5;100;45336;45308;0;0;45586;19397421;45731
2875;gov2;INVIDX;100;4;100;27755;27733;0;0;33478;11646552;28139
2896;gov2;INVIDX;100;3;100;43498;43483;0;0;59614;2165345;43889
3219;gov2;INVIDX;100;5;100;79888;79865;0;0;171934;18218160;80325
3414;gov2;INVIDX;100;4;100;29975;29946;0;0;41144;28471967;30346
3605;gov2;INVIDX;100;4;100;90377;90361;0;0;74050;19413784;90811
3622;gov2;INVIDX;100;4;100;118819;118791;0;0;238176;25385234;119292
3768;gov2;INVIDX;100;4;100;28596;28562;0;0;27336;2115532;28984
3910;gov2;INVIDX;100;6;100;115634;115615;0;0;68520;18937059;116062
3931;gov2;INVIDX;100;4;100;458587;458558;0;0;483848;22159393;459035
4257;gov2;INVIDX;100;2;100;36398;36368;0;0;178580;266542;36824
4314;gov2;INVIDX;100;3;100;19997;19975;0;0;34146;7931199;20382
4411;gov2;INVIDX;100;3;100;63809;63793;0;0;82684;8440616;64223
4415;gov2;INVIDX;100;3;100;12688;12659;0;0;22694;415244;13070
4448;gov2;INVIDX;100;6;100;279905;279885;0;0;162671;29993364;280377
4523;gov2;INVIDX;100;9;100;429154;429111;0;0;155660;70257810;429641
4572;gov2;INVIDX;100;5;100;79488;79452;0;0;109979;9264231;79942
4708;gov2;INVIDX;100;3;100;13304;13281;0;0;20252;194069;13680
4712;gov2;INVIDX;100;2;100;3920;3907;0;0;6737;618818;4278
4720;gov2;INVIDX;100;3;100;78677;78663;0;0;196391;16949487;79132
4727;gov2;INVIDX;100;5;100;33402;33367;0;0;17594;25403316;33810
4740;gov2;INVIDX;100;3;100;18579;18562;0;0;46398;5039428;18977
4875;gov2;INVIDX;100;2;100;26598;26584;0;0;90487;198082;26994
4956;gov2;INVIDX;100;3;100;87116;87095;0;0;115891;26360781;87563
4983;gov2;INVIDX;100;9;100;158601;158560;0;0;74175;51226141;159067
5013;gov2;INVIDX;100;3;100;28338;28309;0;0;41919;22783441;28767
5017;gov2;INVIDX;100;5;100;46829;46806;0;0;25160;6221928;47212
5138;gov2;INVIDX;100;3;100;7208;7192;0;0;20589;969339;7578
5258;gov2;INVIDX;100;6;100;134445;134427;0;0;60294;24999152;134874
5884;gov2;INVIDX;100;6;100;211795;211759;0;0;127067;18436556;212273
5927;gov2;INVIDX;100;16;100;570402;570345;0;0;142418;76907921;570893
5941;gov2;INVIDX;100;3;100;24199;24166;0;0;72283;2735726;24602
5971;gov2;INVIDX;100;12;100;387611;387575;0;0;101193;77496380;388091
6062;gov2;INVIDX;100;4;100;23311;23277;0;0;29861;4433502;23702
6161;gov2;INVIDX;100;3;100;12175;12161;0;0;23588;1145896;12551
6480;gov2;INVIDX;100;2;100;3285;3273;0;0;8566;115701;3653
6785;gov2;INVIDX;100;3;100;24687;24674;0;0;48636;1857339;25082
6811;gov2;INVIDX;100;5;100;324382;324360;0;0;375299;8138796;324856
7005;gov2;INVIDX;100;4;100;106715;106681;0;0;97840;27811553;107194
7078;gov2;INVIDX;100;5;100;56877;56841;0;0;55162;7960240;57290
7172;gov2;INVIDX;100;2;100;52806;52791;0;0;102551;2886526;53248
7188;gov2;INVIDX;100;4;100;41549;41521;0;0;43037;15792391;41948
7211;gov2;INVIDX;100;4;100;34383;34364;0;0;40718;2165562;34759
7450;gov2;INVIDX;100;8;100;230965;230940;0;0;102319;52407458;231430
7552;gov2;INVIDX;100;3;100;40075;40043;0;0;63409;1748174;40494
7635;gov2;INVIDX;100;1;100;201;186;0;0;556;556;566
7712;gov2;INVIDX;100;5;100;16193;16176;0;0;16627;29308944;16574
7956;gov2;INVIDX;100;2;100;9898;9884;0;0;33780;34499;10268
8018;gov2;INVIDX;100;6;100;38247;38226;0;0;45338;24517422;38647
8847;gov2;INVIDX;100;2;100;13502;13484;0;0;24342;813584;13876
8946;gov2;INVIDX;100;6;100;27395;27374;0;0;24240;19798239;27774
8961;gov2;INVIDX;100;5;100;6277;6256;0;0;7570;18308170;6645
9061;gov2;INVIDX;100;3;100;33817;33803;0;0;45347;5301798;34198
9178;gov2;INVIDX;100;4;100;36318;36300;0;0;30318;21697614;36701
9275;gov2;INVIDX;100;4;100;32705;32687;0;0;23313;22464148;33093
9523;gov2;INVIDX;100;5;100;215250;215230;0;0;152638;27709658;215721
9527;gov2;INVIDX;100;6;100;116085;116047;0;0;61939;28675075;116550
9535;gov2;INVIDX;100;3;100;26126;26099;0;0;31849;2196138;26518
9540;gov2;INVIDX;100;4;100;18943;18925;0;0;22257;1253318;19321
9726;gov2;INVIDX;100;2;100;19081;19068;0;0;31722;1937207;19475
9730;gov2;INVIDX;100;7;100;141847;141820;0;0;63056;28727201;142277
9839;gov2;INVIDX;100;4;100;64895;64867;0;0;49749;4323361;65300
9840;gov2;INVIDX;100;3;100;33295;33279;0;0;40063;5741295;33700
9866;gov2;INVIDX;100;4;100;32075;32056;0;0;37265;16834164;32465
9950;gov2;INVIDX;100;3;100;8343;8326;0;0;14597;9774933;8717
9957;gov2;INVIDX;100;2;100;4987;4971;0;0;10272;195451;5383
9977;gov2;INVIDX;100;3;100;15863;15850;0;0;44311;3169157;16243
9991;gov2;INVIDX;100;9;100;248632;248605;0;0;123822;22715823;249075
10021;gov2;INVIDX;100;4;100;39158;39125;0;0;25971;31288241;39570
10063;gov2;INVIDX;100;3;100;15216;15197;0;0;17307;6756532;15604
10139;gov2;INVIDX;100;3;100;49556;49542;0;0;148933;3463783;49975
10231;gov2;INVIDX;100;8;100;32936;32903;0;0;10325;42658784;33325
10395;gov2;INVIDX;100;3;100;26541;26526;0;0;44628;3321224;26889
10397;gov2;INVIDX;100;6;100;111756;111733;0;0;58424;11504270;112180
10470;gov2;INVIDX;100;4;100;72735;72708;0;0;55322;7714722;73157
11060;gov2;INVIDX;100;2;100;20270;20253;0;0;55949;1104752;20658
11077;gov2;INVIDX;100;3;100;17526;17511;0;0;21820;2927320;17851
11155;gov2;INVIDX;100;5;100;80231;80212;0;0;55840;27954826;80653
68;gov2;INVIDX;1000;4;1000;78321;78290;0;0;163648;3495144;79734
250;gov2;INVIDX;1000;6;1000;442781;442745;0;0;372949;28506997;443316
503;gov2;INVIDX;1000;4;1000;76789;76756;0;0;105291;15852528;77338
561;gov2;INVIDX;1000;8;1000;1254911;1254871;0;0;1180818;43929826;1255474
683;gov2;INVIDX;1000;5;1000;143866;143830;0;0;159993;9134256;144419
918;gov2;INVIDX;1000;7;1000;217838;217800;0;0;186784;24423858;218427
1153;gov2;INVIDX;1000;5;1000;120782;120743;0;0;164021;23673910;121378
1178;gov2;INVIDX;1000;6;1000;74346;74311;0;0;129792;2882270;74843
1206;gov2;INVIDX;1000;4;1000;155302;155275;0;0;244499;9062336;155818
1394;gov2;INVIDX;1000;5;1000;142690;142649;0;0;176003;17364896;143326
1465;gov2;INVIDX;1000;3;1000;65567;65528;0;0;134149;2400379;66191
1734;gov2;INVIDX;1000;4;1000;212955;212919;0;0;363619;33668576;213612
1847;gov2;INVIDX;1000;4;1000;243114;243074;0;0;354351;9878031;243761
1984;gov2;INVIDX;1000;2;1000;6657;6622;0;0;25806;25818;7254
2007;gov2;INVIDX;1000;4;1000;101405;101382;0;0;225133;4202233;102002
2127;gov2;INVIDX;1000;9;1000;745423;745380;0;0;426631;40370102;746062
2176;gov2;INVIDX;1000;4;1000;264344;264304;0;0;329221;9985432;264981
2198;gov2;INVIDX;1000;4;1000;12659;12621;0;0;29654;1770066;13221
2203;gov2;INVIDX;1000;2;1000;175086;175068;0;0;569258;4965853;175672
2244;gov2;INVIDX;1000;3;1000;174982;174949;0;0;384146;3937721;175609
2388;gov2;INVIDX;1000;2;1000;31032;30998;0;0;84945;3175824;31665
2440;gov2;INVIDX;1000;3;1000;82903;82876;0;0;182324;1525387;83462
2653;gov2;INVIDX;1000;5;1000;77629;77595;0;0;100171;19397421;78162
2875;gov2;INVIDX;1000;4;1000;65660;65630;0;0;96152;11646552;66209
2896;gov2;INVIDX;1000;3;1000;165234;165205;0;0;402909;2165345;165864
3219;gov2;INVIDX;1000;5;1000;174192;174156;0;0;320875;18218160;174755
3414;gov2;INVIDX;1000;4;1000;53747;53714;0;0;77459;28471967;54236
3605;gov2;INVIDX;1000;4;1000;321856;321836;0;0;723016;19413784;322466
3622;gov2;INVIDX;1000;4;1000;276086;276047;0;0;448912;25385234;276697
3768;gov2;INVIDX;1000;4;1000;64767;64732;0;0;100292;2115532;65309
3910;gov2;INVIDX;1000;6;1000;248171;248139;0;0;334477;18937059;248730
3931;gov2;INVIDX;1000;4;1000;675131;675096;0;0;1110990;22159393;675715
4257;gov2;INVIDX;1000;2;1000;44247;44219;0;0;206986;266542;44819
4314;gov2;INVIDX;1000;3;1000;37430;37399;0;0;80434;7931199;38043
4411;gov2;INVIDX;1000;3;1000;78749;78724;0;0;124790;8440616;79346
4415;gov2;INVIDX;1000;3;1000;27552;27524;0;0;78030;415244;28111
4448;gov2;INVIDX;1000;6;1000;396477;396447;0;0;295551;29993364;397069
4523;gov2;INVIDX;1000;9;1000;572676;572634;0;0;251091;70257810;573243
4572;gov2;INVIDX;1000;5;1000;163260;163224;0;0;274216;9264231;163818
4708;gov2;INVIDX;1000;3;1000;29931;29899;0;0;81677;194069;30456
4712;gov2;INVIDX;1000;2;1000;11986;11970;0;0;37403;618818;12439
4720;gov2;INVIDX;1000;3;1000;377302;377287;0;0;932246;16949487;377880
4727;gov2;INVIDX;1000;5;1000;105647;105611;0;0;115103;25403316;106260
4740;gov2;INVIDX;1000;3;1000;81691;81653;0;0;327564;5039428;82347
4875;gov2;INVIDX;1000;2;1000;51833;51799;0;0;186334;198082;52459
4956;gov2;INVIDX;1000;3;1000;117545;117508;0;0;183757;26360781;118145
4983;gov2;INVIDX;1000;9;1000;354654;354613;0;0;252241;51226141;355235
5013;gov2;INVIDX;1000;3;1000;176971;176941;0;0;483121;22783441;177556
5017;gov2;INVIDX;1000;5;1000;101028;100992;0;0;103663;6221928;101596
5138;gov2;INVIDX;1000;3;1000;147030;147004;0;0;651309;969339;147646
5258;gov2;INVIDX;1000;6;1000;310493;310447;0;0;322696;24999152;311134
5884;gov2;INVIDX;1000;6;1000;387163;387124;0;0;349718;18436556;387700
5927;gov2;INVIDX;1000;16;1000;1289052;1288992;0;0;455317;76907921;1289679
5941;gov2;INVIDX;1000;3;1000;56400;56361;0;0;145186;2735726;57014
5971;gov2;INVIDX;1000;12;1000;1070786;1070730;0;0;376390;77496380;1071421
6062;gov2;INVIDX;1000;4;1000;83151;83112;0;0;199040;4433502;83789
6161;gov2;INVIDX;1000;3;1000;34268;34232;0;0;78915;1145896;34875
6480;gov2;INVIDX;1000;2;1000;33883;33862;0;0;115350;115701;34502
6785;gov2;INVIDX;1000;3;1000;44874;44844;0;0;120048;1857339;45436
6811;gov2;INVIDX;1000;5;1000;432779;432752;0;0;567879;8138796;433346
7005;gov2;INVIDX;1000;4;1000;133619;133585;0;0;159801;27811553;134208
7078;gov2;INVIDX;1000;5;1000;95903;95858;0;0;122348;7960240;96516
7172;gov2;INVIDX;1000;2;1000;63116;63091;0;0;138511;2886526;63676
7188;gov2;INVIDX;1000;4;1000;86101;86062;0;0;133870;15792391;86798
7211;gov2;INVIDX;1000;4;1000;103182;103147;0;0;278853;2165562;103780
7450;gov2;INVIDX;1000;8;1000;584017;583978;0;0;328390;52407458;584597
7552;gov2;INVIDX;1000;3;1000;52861;52823;0;0;105893;1748174;53468
7635;gov2;INVIDX;1000;1;556;282;258;0;0;556;556;794
7712;gov2;INVIDX;1000;5;1000;62243;62218;0;0;92880;29308944;62873
7956;gov2;INVIDX;1000;2;1000;10540;10511;0;0;33780;34499;11104
8018;gov2;INVIDX;1000;6;1000;101457;101429;0;0;112245;24517422;102032
8847;gov2;INVIDX;1000;2;1000;20862;20835;0;0;47127;813584;21428
8946;gov2;INVIDX;1000;6;1000;93077;93047;0;0;114343;19798239;93665
8961;gov2;INVIDX;1000;5;1000;66306;66273;0;0;199903;18308170;66831
9061;gov2;INVIDX;1000;3;1000;154010;153981;0;0;369858;5301798;154591
9178;gov2;INVIDX;1000;4;1000;78359;78326;0;0;88555;21697614;78895
9275;gov2;INVIDX;1000;4;1000;48932;48904;0;0;51859;22464148;49430
9523;gov2;INVIDX;1000;5;1000;403201;403178;0;0;468330;27709658;403766
9527;gov2;INVIDX;1000;6;1000;164120;164083;0;0;118522;28675075;164642
9535;gov2;INVIDX;1000;3;1000;52586;52548;0;0;103095;2196138;53264
9540;gov2;INVIDX;1000;4;1000;94109;94076;0;0;296151;1253318;94746
9726;gov2;INVIDX;1000;2;1000;24059;24024;0;0;46936;1937207;24662
9730;gov2;INVIDX;1000;7;1000;282645;282612;0;0;212783;28727201;283232
9839;gov2;INVIDX;1000;4;1000;116784;116751;0;0;179918;4323361;117358
9840;gov2;INVIDX;1000;3;1000;97087;97058;0;0;219051;5741295;97643
9866;gov2;INVIDX;1000;4;1000;204018;203984;0;0;377990;16834164;204607
9950;gov2;INVIDX;1000;3;1000;176026;175993;0;0;744122;9774933;176630
9957;gov2;INVIDX;1000;2;1000;9432;9397;0;0;23358;195451;10030
9977;gov2;INVIDX;1000;3;1000;183233;183213;0;0;796385;3169157;183877
9991;gov2;INVIDX;1000;9;1000;374723;374669;0;0;263130;22715823;375312
10021;gov2;INVIDX;1000;4;1000;64305;64270;0;0;66609;31288241;64834
10063;gov2;INVIDX;1000;3;1000;38989;38965;0;0;85077;6756532;39491
10139;gov2;INVIDX;1000;3;1000;93034;93014;0;0;266167;3463783;93626
10231;gov2;INVIDX;1000;8;1000;181874;181823;0;0;145692;42658784;182461
10395;gov2;INVIDX;1000;3;1000;38694;38662;0;0;87956;3321224;39238
10397;gov2;INVIDX;1000;6;1000;202432;202395;0;0;203472;11504270;203139
10470;gov2;INVIDX;1000;4;1000;193628;193588;0;0;362294;7714722;194273
11060;gov2;INVIDX;1000;2;1000;49831;49796;0;0;191828;1104752;50452
11077;gov2;INVIDX;1000;3;1000;67673;67641;0;0;143005;2927320;68244
11155;gov2;INVIDX;1000;5;1000;132900;132868;0;0;145751;27954826;133500
68;gov2;INVIDX;1000;4;1000;74815;74775;0;0;163648;3495144;75488
250;gov2;INVIDX;1000;6;1000;442827;442785;0;0;372949;28506997;443489
503;gov2;INVIDX;1000;4;1000;76818;76778;0;0;105291;15852528;77462
561;gov2;INVIDX;1000;8;1000;1257935;1257886;0;0;1180818;43929826;1258596
683;gov2;INVIDX;1000;5;1000;143749;143703;0;0;159993;9134256;144465
918;gov2;INVIDX;1000;7;1000;234940;234891;0;0;186784;24423858;235634
1153;gov2;INVIDX;1000;5;1000;130587;130542;0;0;164021;23673910;131299
1178;gov2;INVIDX;1000;6;1000;80441;80394;0;0;129792;2882270;81083
1206;gov2;INVIDX;1000;4;1000;168123;168091;0;0;244499;9062336;168812
1394;gov2;INVIDX;1000;5;1000;154268;154221;0;0;176003;17364896;154981
1465;gov2;INVIDX;1000;3;1000;65625;65586;0;0;134149;2400379;66296
1734;gov2;INVIDX;1000;4;1000;212991;212953;0;0;363619;33668576;213679
1847;gov2;INVIDX;1000;4;1000;242687;242646;0;0;354351;9878031;243387
1984;gov2;INVIDX;1000;2;1000;6668;6633;0;0;25806;25818;7254
2007;gov2;INVIDX;1000;4;1000;101308;101284;0;0;225133;4202233;101927
2127;gov2;INVIDX;1000;9;1000;745165;745108;0;0;426631;40370102;745863
2176;gov2;INVIDX;1000;4;1000;264261;264219;0;0;329221;9985432;264968
2198;gov2;INVIDX;1000;4;1000;12658;12617;0;0;29654;1770066;13207
2203;gov2;INVIDX;1000;2;1000;175071;175051;0;0;569258;4965853;175773
2244;gov2;INVIDX;1000;3;1000;175020;174979;0;0;384146;3937721;175709
2388;gov2;INVIDX;1000;2;1000;31040;31004;0;0;84945;3175824;31676
2440;gov2;INVIDX;1000;3;1000;82947;82918;0;0;182324;1525387;83613
2653;gov2;INVIDX;1000;5;1000;77595;77551;0;0;100171;19397421;78259
2875;gov2;INVIDX;1000;4;1000;65857;65819;0;0;96152;11646552;66500
2896;gov2;INVIDX;1000;3;1000;165235;165204;0;0;402909;2165345;165926
3219;gov2;INVIDX;1000;5;1000;174304;174258;0;0;320875;18218160;175019
3414;gov2;INVIDX;1000;4;1000;53899;53856;0;0;77459;28471967;54528
3605;gov2;INVIDX;1000;4;1000;321499;321469;0;0;723016;19413784;322222
3622;gov2;INVIDX;1000;4;1000;273889;273848;0;0;448912;25385234;274590
3768;gov2;INVIDX;1000;4;1000;65020;64977;0;0;100292;2115532;65698
3910;gov2;INVIDX;1000;6;1000;248087;248050;0;0;334477;18937059;248749
3931;gov2;INVIDX;1000;4;1000;675239;675198;0;0;1110990;22159393;675931
4257;gov2;INVIDX;1000;2;1000;44232;44196;0;0;206986;266542;44890
4314;gov2;INVIDX;1000;3;1000;37428;37395;0;0;80434;7931199;38061
4411;gov2;INVIDX;1000;3;1000;78800;78771;0;0;124790;8440616;79493
4415;gov2;INVIDX;1000;3;1000;27613;27577;0;0;78030;415244;28163
4448;gov2;INVIDX;1000;6;1000;396196;396165;0;0;295551;29993364;396889
4523;gov2;INVIDX;1000;9;1000;572211;572157;0;0;251091;70257810;572904
4572;gov2;INVIDX;1000;5;1000;163418;163373;0;0;274216;9264231;164134
4708;gov2;INVIDX;1000;3;1000;29960;29919;0;0;81677;194069;30559
4712;gov2;INVIDX;1000;2;1000;12048;12024;0;0;37403;618818;12639
4720;gov2;INVIDX;1000;3;1000;377287;377263;0;0;932246;16949487;377990
4727;gov2;INVIDX;1000;5;1000;105564;105519;0;0;115103;25403316;106249
4740;gov2;INVIDX;1000;3;1000;81678;81641;0;0;327564;5039428;82371
4875;gov2;INVIDX;1000;2;1000;51874;51838;0;0;186334;198082;52581
4956;gov2;INVIDX;1000;3;1000;117169;117130;0;0;183757;26360781;117866
4983;gov2;INVIDX;1000;9;1000;354205;354152;0;0;252241;51226141;354876
5013;gov2;INVIDX;1000;3;1000;176854;176815;0;0;483121;22783441;177542
5017;gov2;INVIDX;1000;5;1000;101177;101132;0;0;103663;6221928;101872
5138;gov2;INVIDX;1000;3;1000;147294;147260;0;0;651309;969339;147944
5258;gov2;INVIDX;1000;6;1000;309289;309244;0;0;322696;24999152;309954
5884;gov2;INVIDX;1000;6;1000;387266;387221;0;0;349718;18436556;387912
5927;gov2;INVIDX;1000;16;1000;1291991;1291920;0;0;455317;76907921;1292672
5941;gov2;INVIDX;1000;3;1000;56416;56375;0;0;145186;2735726;57065
5971;gov2;INVIDX;1000;12;1000;1073848;1073790;0;0;376390;77496380;1074557
6062;gov2;INVIDX;1000;4;1000;83511;83470;0;0;199040;4433502;84186
6161;gov2;INVIDX;1000;3;1000;34265;34228;0;0;78915;1145896;34931
6480;gov2;INVIDX;1000;2;1000;33905;33884;0;0;115350;115701;34498
6785;gov2;INVIDX;1000;3;1000;44888;44858;0;0;120048;1857339;45533
6811;gov2;INVIDX;1000;5;1000;432697;432661;0;0;567879;8138796;433292
7005;gov2;INVIDX;1000;4;1000;133706;133671;0;0;159801;27811553;134314
7078;gov2;INVIDX;1000;5;1000;95864;95820;0;0;122348;7960240;96439
7172;gov2;INVIDX;1000;2;1000;63204;63180;0;0;138511;2886526;63739
7188;gov2;INVIDX;1000;4;1000;85772;85742;0;0;133870;15792391;86315
7211;gov2;INVIDX;1000;4;1000;103741;103711;0;0;278853;2165562;104294
7450;gov2;INVIDX;1000;8;1000;584223;584183;0;0;328390;52407458;584815
7552;gov2;INVIDX;1000;3;1000;52916;52885;0;0;105893;1748174;53502
7635;gov2;INVIDX;1000;1;556;283;258;0;0;556;556;789
7712;gov2;INVIDX;1000;5;1000;62343;62317;0;0;92880;29308944;62967
7956;gov2;INVIDX;1000;2;1000;10530;10501;0;0;33780;34499;11120
8018;gov2;INVIDX;1000;6;1000;101415;101387;0;0;112245;24517422;101991
8847;gov2;INVIDX;1000;2;1000;20838;20811;0;0;47127;813584;21396
8946;gov2;INVIDX;1000;6;1000;93044;93014;0;0;114343;19798239;93617
8961;gov2;INVIDX;1000;5;1000;65859;65825;0;0;199903;18308170;66458
9061;gov2;INVIDX;1000;3;1000;153745;153710;0;0;369858;5301798;154354
9178;gov2;INVIDX;1000;4;1000;78576;78543;0;0;88555;21697614;79104
9275;gov2;INVIDX;1000;4;1000;49311;49282;0;0;51859;22464148;49799
9523;gov2;INVIDX;1000;5;1000;402926;402904;0;0;468330;27709658;403504
9527;gov2;INVIDX;1000;6;1000;163761;163724;0;0;118522;28675075;164355
9535;gov2;INVIDX;1000;3;1000;52376;52336;0;0;103095;2196138;53023
9540;gov2;INVIDX;1000;4;1000;93609;93574;0;0;296151;1253318;94311
9726;gov2;INVIDX;1000;2;1000;24055;24021;0;0;46936;1937207;24654
9730;gov2;INVIDX;1000;7;1000;282687;282655;0;0;212783;28727201;283332
9839;gov2;INVIDX;1000;4;1000;116719;116679;0;0;179918;4323361;117359
9840;gov2;INVIDX;1000;3;1000;97201;97165;0;0;219051;5741295;97832
9866;gov2;INVIDX;1000;4;1000;204127;204087;0;0;377990;16834164;204781
9950;gov2;INVIDX;1000;3;1000;175963;175925;0;0;744122;9774933;176621
9957;gov2;INVIDX;1000;2;1000;9438;9403;0;0;23358;195451;10053
9977;gov2;INVIDX;1000;3;1000;183205;183185;0;0;796385;3169157;183862
9991;gov2;INVIDX;1000;9;1000;373792;373737;0;0;263130;22715823;374434
10021;gov2;INVIDX;1000;4;1000;64391;64349;0;0;66609;31288241;65029
10063;gov2;INVIDX;1000;3;1000;38985;38953;0;0;85077;6756532;39608
10139;gov2;INVIDX;1000;3;1000;93282;93255;0;0;266167;3463783;93922
10231;gov2;INVIDX;1000;8;1000;181613;181562;0;0;145692;42658784;182276
10395;gov2;INVIDX;1000;3;1000;38771;38734;0;0;87956;3321224;39403
10397;gov2;INVIDX;1000;6;1000;201807;201773;0;0;203472;11504270;202448
10470;gov2;INVIDX;1000;4;1000;193325;193286;0;0;362294;7714722;193962
11060;gov2;INVIDX;1000;2;1000;49916;49881;0;0;191828;1104752;50518
11077;gov2;INVIDX;1000;3;1000;67709;67677;0;0;143005;2927320;68340
11155;gov2;INVIDX;1000;5;1000;133052;133013;0;0;145751;27954826;133698
68;gov2;INVIDX;1000;4;1000;74797;74758;0;0;163648;3495144;75433
250;gov2;INVIDX;1000;6;1000;442367;442325;0;0;372949;28506997;443026
503;gov2;INVIDX;1000;4;1000;76736;76695;0;0;105291;15852528;77374
561;gov2;INVIDX;1000;8;1000;1254740;1254691;0;0;1180818;43929826;1255375
683;gov2;INVIDX;1000;5;1000;143969;143909;0;0;159993;9134256;144619
918;gov2;INVIDX;1000;7;1000;235004;234959;0;0;186784;24423858;235648
1153;gov2;INVIDX;1000;5;1000;130580;130537;0;0;164021;23673910;131224
1178;gov2;INVIDX;1000;6;1000;80347;80303;0;0;129792;2882270;80985
1206;gov2;INVIDX;1000;4;1000;167853;167823;0;0;244499;9062336;168489
1394;gov2;INVIDX;1000;5;1000;158879;158834;0;0;176003;17364896;159512
1465;gov2;INVIDX;1000;3;1000;65748;65709;0;0;134149;2400379;66419
1734;gov2;INVIDX;1000;4;1000;213154;213114;0;0;363619;33668576;213838
1847;gov2;INVIDX;1000;4;1000;242881;242840;0;0;354351;9878031;243576
1984;gov2;INVIDX;1000;2;1000;6653;6616;0;0;25806;25818;7230
2007;gov2;INVIDX;1000;4;1000;101372;101347;0;0;225133;4202233;102047
2127;gov2;INVIDX;1000;9;1000;744895;744839;0;0;426631;40370102;745615
2176;gov2;INVIDX;1000;4;1000;263696;263654;0;0;329221;9985432;264391
2198;gov2;INVIDX;1000;4;1000;12657;12616;0;0;29654;1770066;13228
2203;gov2;INVIDX;1000;2;1000;175213;175193;0;0;569258;4965853;175905
2244;gov2;INVIDX;1000;3;1000;175037;174996;0;0;384146;3937721;175732
2388;gov2;INVIDX;1000;2;1000;31110;31074;0;0;84945;3175824;31753
2440;gov2;INVIDX;1000;3;1000;83209;83181;0;0;182324;1525387;83871
2653;gov2;INVIDX;1000;5;1000;77730;77687;0;0;100171;19397421;78395
2875;gov2;INVIDX;1000;4;1000;65780;65743;0;0;96152;11646552;66432
2896;gov2;INVIDX;1000;3;1000;165380;165349;0;0;402909;2165345;166093
3219;gov2;INVIDX;1000;5;1000;173820;173775;0;0;320875;18218160;174518
3414;gov2;INVIDX;1000;4;1000;53793;53751;0;0;77459;28471967;54401
3605;gov2;INVIDX;1000;4;1000;321316;321287;0;0;723016;19413784;321984
3622;gov2;INVIDX;1000;4;1000;276401;276360;0;0;448912;25385234;277106
3768;gov2;INVIDX;1000;4;1000;64567;64525;0;0;100292;2115532;65187
3910;gov2;INVIDX;1000;6;1000;248027;247989;0;0;334477;18937059;248741
3931;gov2;INVIDX;1000;4;1000;674988;674945;0;0;1110990;22159393;675695
4257;gov2;INVIDX;1000;2;1000;44300;44264;0;0;206986;266542;44970
4314;gov2;INVIDX;1000;3;1000;37510;37477;0;0;80434;7931199;38100
4411;gov2;INVIDX;1000;3;1000;78827;78799;0;0;124790;8440616;79492
4415;gov2;INVIDX;1000;3;1000;27582;27546;0;0;78030;415244;28150
4448;gov2;INVIDX;1000;6;1000;396282;396252;0;0;295551;29993364;396949
4523;gov2;INVIDX;1000;9;1000;572215;572162;0;0;251091;70257810;572893
4572;gov2;INVIDX;1000;5;1000;163285;163240;0;0;274216;9264231;163985
4708;gov2;INVIDX;1000;3;1000;29930;29891;0;0;81677;194069;30552
4712;gov2;INVIDX;1000;2;1000;12043;12020;0;0;37403;618818;12620
4720;gov2;INVIDX;1000;3;1000;377409;377386;0;0;932246;16949487;378090
4727;gov2;INVIDX;1000;5;1000;105623;105579;0;0;115103;25403316;106283
4740;gov2;INVIDX;1000;3;1000;81661;81624;0;0;327564;5039428;82349
4875;gov2;INVIDX;1000;2;1000;51860;51824;0;0;186334;198082;52557
4956;gov2;INVIDX;1000;3;1000;117264;117225;0;0;183757;26360781;117987
4983;gov2;INVIDX;1000;9;1000;354210;354157;0;0;252241;51226141;354902
5013;gov2;INVIDX;1000;3;1000;176911;176873;0;0;483121;22783441;177649
5017;gov2;INVIDX;1000;5;1000;101126;101080;0;0;103663;6221928;101792
5138;gov2;INVIDX;1000;3;1000;147303;147269;0;0;651309;969339;148011
5258;gov2;INVIDX;1000;6;1000;309426;309382;0;0;322696;24999152;310056
5884;gov2;INVIDX;1000;6;1000;387161;387116;0;0;349718;18436556;387793
5927;gov2;INVIDX;1000;16;1000;1292259;1292189;0;0;455317;76907921;1292921
5941;gov2;INVIDX;1000;3;1000;56432;56393;0;0;145186;2735726;57032
5971;gov2;INVIDX;1000;12;1000;1073786;1073728;0;0;376390;77496380;1074517
6062;gov2;INVIDX;1000;4;1000;83466;83425;0;0;199040;4433502;84106
6161;gov2;INVIDX;1000;3;1000;34279;34242;0;0;78915;1145896;34893
6480;gov2;INVIDX;1000;2;1000;33951;33930;0;0;115350;115701;34551
6785;gov2;INVIDX;1000;3;1000;44930;44899;0;0;120048;1857339;45579
6811;gov2;INVIDX;1000;5;1000;432773;432738;0;0;567879;8138796;433429
7005;gov2;INVIDX;1000;4;1000;133652;133610;0;0;159801;27811553;134304
7078;gov2;INVIDX;1000;5;1000;95911;95868;0;0;122348;7960240;96543
7172;gov2;INVIDX;1000;2;1000;63607;63574;0;0;138511;2886526;64239
7188;gov2;INVIDX;1000;4;1000;85823;85789;0;0;133870;15792391;86465
7211;gov2;INVIDX;1000;4;1000;103621;103586;0;0;278853;2165562;104262
7450;gov2;INVIDX;1000;8;1000;583854;583805;0;0;328390;52407458;584508
7552;gov2;INVIDX;1000;3;1000;53197;53159;0;0;105893;1748174;53852
7635;gov2;INVIDX;1000;1;556;288;260;0;0;556;556;799
7712;gov2;INVIDX;1000;5;1000;62428;62403;0;0;92880;29308944;63026
7956;gov2;INVIDX;1000;2;1000;10540;10511;0;0;33780;34499;11082
8018;gov2;INVIDX;1000;6;1000;101379;101342;0;0;112245;24517422;102039
8847;gov2;INVIDX;1000;2;1000;20859;20826;0;0;47127;813584;21456
8946;gov2;INVIDX;1000;6;1000;93035;93004;0;0;114343;19798239;93615
8961;gov2;INVIDX;1000;5;1000;65917;65885;0;0;199903;18308170;66446
9061;gov2;INVIDX;1000;3;1000;153771;153741;0;0;369858;5301798;154325
9178;gov2;INVIDX;1000;4;1000;78457;78424;0;0;88555;21697614;78986
9275;gov2;INVIDX;1000;4;1000;48969;48940;0;0;51859;22464148;49464
9523;gov2;INVIDX;1000;5;1000;402619;402596;0;0;468330;27709658;403242
9527;gov2;INVIDX;1000;6;1000;163823;163777;0;0;118522;28675075;164461
9535;gov2;INVIDX;1000;3;1000;52389;52352;0;0;103095;2196138;52948
9540;gov2;INVIDX;1000;4;1000;93575;93549;0;0;296151;1253318;94113
9726;gov2;INVIDX;1000;2;1000;24045;24017;0;0;46936;1937207;24501
9730;gov2;INVIDX;1000;7;1000;282705;282682;0;0;212783;28727201;283270
9839;gov2;INVIDX;1000;4;1000;116510;116467;0;0;179918;4323361;117218
9840;gov2;INVIDX;1000;3;1000;97181;97145;0;0;219051;5741295;97787
9866;gov2;INVIDX;1000;4;1000;204103;204070;0;0;377990;16834164;204684
9950;gov2;INVIDX;1000;3;1000;176450;176417;0;0;744122;9774933;177029
9957;gov2;INVIDX;1000;2;1000;9398;9369;0;0;23358;195451;9856
9977;gov2;INVIDX;1000;3;1000;183223;183209;0;0;796385;3169157;183731
9991;gov2;INVIDX;1000;9;1000;373736;373692;0;0;263130;22715823;374335
10021;gov2;INVIDX;1000;4;1000;64355;64313;0;0;66609;31288241;64979
10063;gov2;INVIDX;1000;3;1000;38986;38955;0;0;85077;6756532;39602
10139;gov2;INVIDX;1000;3;1000;93543;93517;0;0;266167;3463783;94193
10231;gov2;INVIDX;1000;8;1000;181605;181555;0;0;145692;42658784;182230
10395;gov2;INVIDX;1000;3;1000;38786;38749;0;0;87956;3321224;39413
10397;gov2;INVIDX;1000;6;1000;201921;201887;0;0;203472;11504270;202532
10470;gov2;INVIDX;1000;4;1000;193089;193056;0;0;362294;7714722;193706
11060;gov2;INVIDX;1000;2;1000;49837;49803;0;0;191828;1104752;50475
11077;gov2;INVIDX;1000;3;1000;67668;67636;0;0;143005;2927320;68309
11155;gov2;INVIDX;1000;5;1000;133003;132964;0;0;145751;27954826;133655
